Domain Code,Domain,Area Code (M49),Area,Element Code,Element,Item Code,Item,Year Code,Year,Unit,Value,Flag,Flag Description,Note
"FS","Suite of Food Security Indicators","004","Afghanistan","6123","Value","21013","Average protein supply (g/cap/day) (3-year average)","20192021","2019-2021","g/cap/d","61.9","E","Estimated value",""
"FS","Suite of Food Security Indicators","004","Afghanistan","6123","Value","21014","Average supply of protein of animal origin (g/cap/day) (3-year average)","20192021","2019-2021","g/cap/d","10.6","E","Estimated value",""
"FS","Suite of Food Security Indicators","004","Afghanistan","6126","Value","22013","Gross domestic product per capita, PPP, (constant 2017 international $)","2020","2020","Int$/cap","2776.6","X","Figure from international organizations",""
"FS","Suite of Food Security Indicators","004","Afghanistan","6125","Value","21032","Political stability and absence of violence/terrorism (index)","2020","2020","","-2.7","X","Figure from international organizations",""
"FS","Suite of Food Security Indicators","008","Albania","6123","Value","21013","Average protein supply (g/cap/day) (3-year average)","20192021","2019-2021","g/cap/d","116.5","E","Estimated value",""
"FS","Suite of Food Security Indicators","008","Albania","6123","Value","21014","Average supply of protein of animal origin (g/cap/day) (3-year average)","20192021","2019-2021","g/cap/d","61.7","E","Estimated value",""
"FS","Suite of Food Security Indicators","008","Albania","6126","Value","22013","Gross domestic product per capita, PPP, (constant 2017 international $)","2020","2020","Int$/cap","14794.6","X","Figure from international organizations",""
"FS","Suite of Food Security Indicators","008","Albania","6125","Value","21032","Political stability and absence of violence/terrorism (index)","2020","2020","","0.09","X","Figure from international organizations",""
"FS","Suite of Food Security Indicators","012","Algeria","6123","Value","21013","Average protein supply (g/cap/day) (3-year average)","20192021","2019-2021","g/cap/d","95.1","E","Estimated value",""
"FS","Suite of Food Security Indicators","012","Algeria","6123","Value","21014","Average supply of protein of animal origin (g/cap/day) (3-year average)","20192021","2019-2021","g/cap/d","26.9","E","Estimated value",""
"FS","Suite of Food Security Indicators","012","Algeria","6126","Value","22013","Gross domestic product per capita, PPP, (constant 2017 international $)","2020","2020","Int$/cap","12677.7","X","Figure from international organizations",""
"FS","Suite of Food Security Indicators","012","Algeria","6125","Value","21032","Political stability and absence of violence/terrorism (index)","2020","2020","","-0.85","X","Figure from international organizations",""
"FS","Suite of Food Security Indicators","016","American Samoa","6125","Value","21032","Political stability and absence of violence/terrorism (index)","2020","2020","","1.09","X","Figure from international organizations",""
"FS","Suite of Food Security Indicators","020","Andorra","6126","Value","22013","Gross domestic product per capita, PPP, (constant 2017 international $)","2020","2020","Int$/cap","55260.3","X","Figure from international organizations",""
"FS","Suite of Food Security Indicators","020","Andorra","6125","Value","21032","Political stability and absence of violence/terrorism (index)","2020","2020","","1.59","X","Figure from international organizations",""
"FS","Suite of Food Security Indicators","024","Angola","6123","Value","21013","Average protein supply (g/cap/day) (3-year average)","20192021","2019-2021","g/cap/d","48.2","E","Estimated value",""
"FS","Suite of Food Security Indicators","024","Angola","6123","Value","21014","Average supply of protein of animal origin (g/cap/day) (3-year average)","20192021","2019-2021","g/cap/d","14.7","E","Estimated value",""
"FS","Suite of Food Security Indicators","024","Angola","6126","Value","22013","Gross domestic product per capita, PPP, (constant 2017 international $)","2020","2020","Int$/cap","7562.1","X","Figure from international organizations",""
"FS","Suite of Food Security Indicators","024","Angola","6125","Value","21032","Political stability and absence of violence/terrorism (index)","2020","2020","","-0.6","X","Figure from international organizations",""
"FS","Suite of Food Security Indicators","028","Antigua and Barbuda","6123","Value","21013","Average protein supply (g/cap/day) (3-year average)","20192021","2019-2021","g/cap/d","92.2","E","Estimated value",""
"FS","Suite of Food Security Indicators","028","Antigua and Barbuda","6123","Value","21014","Average supply of protein of animal origin (g/cap/day) (3-year average)","20192021","2019-2021","g/cap/d","62.5","E","Estimated value",""
"FS","Suite of Food Security Indicators","028","Antigua and Barbuda","6126","Value","22013","Gross domestic product per capita, PPP, (constant 2017 international $)","2020","2020","Int$/cap","23704","X","Figure from international organizations",""
"FS","Suite of Food Security Indicators","028","Antigua and Barbuda","6125","Value","21032","Political stability and absence of violence/terrorism (index)","2020","2020","","0.93","X","Figure from international organizations",""
"FS","Suite of Food Security Indicators","032","Argentina","6123","Value","21013","Average protein supply (g/cap/day) (3-year average)","20192021","2019-2021","g/cap/d","117.6","E","Estimated value",""
"FS","Suite of Food Security Indicators","032","Argentina","6123","Value","21014","Average supply of protein of animal origin (g/cap/day) (3-year average)","20192021","2019-2021","g/cap/d","73.6","E","Estimated value",""
"FS","Suite of Food Security Indicators","032","Argentina","6126","Value","22013","Gross domestic product per capita, PPP, (constant 2017 international $)","2020","2020","Int$/cap","23785.8","X","Figure from international organizations",""
"FS","Suite of Food Security Indicators","032","Argentina","6125","Value","21032","Political stability and absence of violence/terrorism (index)","2020","2020","","-0.07","X","Figure from international organizations",""
"FS","Suite of Food Security Indicators","051","Armenia","6123","Value","21013","Average protein supply (g/cap/day) (3-year average)","20192021","2019-2021","g/cap/d","107.9","E","Estimated value",""
"FS","Suite of Food Security Indicators","051","Armenia","6123","Value","21014","Average supply of protein of animal origin (g/cap/day) (3-year average)","20192021","2019-2021","g/cap/d","55","E","Estimated value",""
"FS","Suite of Food Security Indicators","051","Armenia","6126","Value","22013","Gross domestic product per capita, PPP, (constant 2017 international $)","2020","2020","Int$/cap","15889.3","X","Figure from international organizations",""
"FS","Suite of Food Security Indicators","051","Armenia","6125","Value","21032","Political stability and absence of violence/terrorism (index)","2020","2020","","-0.77","X","Figure from international organizations",""
"FS","Suite of Food Security Indicators","036","Australia","6123","Value","21013","Average protein supply (g/cap/day) (3-year average)","20192021","2019-2021","g/cap/d","121.5","E","Estimated value",""
"FS","Suite of Food Security Indicators","036","Australia","6123","Value","21014","Average supply of protein of animal origin (g/cap/day) (3-year average)","20192021","2019-2021","g/cap/d","81.2","E","Estimated value",""
"FS","Suite of Food Security Indicators","036","Australia","6126","Value","22013","Gross domestic product per capita, PPP, (constant 2017 international $)","2020","2020","Int$/cap","56298.2","X","Figure from international organizations",""
"FS","Suite of Food Security Indicators","036","Australia","6125","Value","21032","Political stability and absence of violence/terrorism (index)","2020","2020","","0.86","X","Figure from international organizations",""
"FS","Suite of Food Security Indicators","040","Austria","6123","Value","21013","Average protein supply (g/cap/day) (3-year average)","20192021","2019-2021","g/cap/d","109.3","E","Estimated value",""
"FS","Suite of Food Security Indicators","040","Austria","6123","Value","21014","Average supply of protein of animal origin (g/cap/day) (3-year average)","20192021","2019-2021","g/cap/d","66.4","E","Estimated value",""
"FS","Suite of Food Security Indicators","040","Austria","6126","Value","22013","Gross domestic product per capita, PPP, (constant 2017 international $)","2020","2020","Int$/cap","61108.4","X","Figure from international organizations",""
"FS","Suite of Food Security Indicators","040","Austria","6125","Value","21032","Political stability and absence of violence/terrorism (index)","2020","2020","","0.89","X","Figure from international organizations",""
"FS","Suite of Food Security Indicators","031","Azerbaijan","6123","Value","21013","Average protein supply (g/cap/day) (3-year average)","20192021","2019-2021","g/cap/d","98","E","Estimated value",""
"FS","Suite of Food Security Indicators","031","Azerbaijan","6123","Value","21014","Average supply of protein of animal origin (g/cap/day) (3-year average)","20192021","2019-2021","g/cap/d","36.6","E","Estimated value",""
"FS","Suite of Food Security Indicators","031","Azerbaijan","6126","Value","22013","Gross domestic product per capita, PPP, (constant 2017 international $)","2020","2020","Int$/cap","19126.1","X","Figure from international organizations",""
"FS","Suite of Food Security Indicators","031","Azerbaijan","6125","Value","21032","Political stability and absence of violence/terrorism (index)","2020","2020","","-0.85","X","Figure from international organizations",""
"FS","Suite of Food Security Indicators","044","Bahamas","6123","Value","21013","Average protein supply (g/cap/day) (3-year average)","20192021","2019-2021","g/cap/d","95.9","E","Estimated value",""
"FS","Suite of Food Security Indicators","044","Bahamas","6123","Value","21014","Average supply of protein of animal origin (g/cap/day) (3-year average)","20192021","2019-2021","g/cap/d","64.5","E","Estimated value",""
"FS","Suite of Food Security Indicators","044","Bahamas","6126","Value","22013","Gross domestic product per capita, PPP, (constant 2017 international $)","2020","2020","Int$/cap","24799","X","Figure from international organizations",""
"FS","Suite of Food Security Indicators","044","Bahamas","6125","Value","21032","Political stability and absence of violence/terrorism (index)","2020","2020","","0.83","X","Figure from international organizations",""
"FS","Suite of Food Security Indicators","048","Bahrain","6123","Value","21013","Average protein supply (g/cap/day) (3-year average)","20192021","2019-2021","g/cap/d","107.9","E","Estimated value",""
"FS","Suite of Food Security Indicators","048","Bahrain","6123","Value","21014","Average supply of protein of animal origin (g/cap/day) (3-year average)","20192021","2019-2021","g/cap/d","61.3","E","Estimated value",""
"FS","Suite of Food Security Indicators","048","Bahrain","6126","Value","22013","Gross domestic product per capita, PPP, (constant 2017 international $)","2020","2020","Int$/cap","52429.6","X","Figure from international organizations",""
"FS","Suite of Food Security Indicators","048","Bahrain","6125","Value","21032","Political stability and absence of violence/terrorism (index)","2020","2020","","-0.61","X","Figure from international organizations",""
"FS","Suite of Food Security Indicators","050","Bangladesh","6123","Value","21013","Average protein supply (g/cap/day) (3-year average)","20192021","2019-2021","g/cap/d","64.7","E","Estimated value",""
"FS","Suite of Food Security Indicators","050","Bangladesh","6123","Value","21014","Average supply of protein of animal origin (g/cap/day) (3-year average)","20192021","2019-2021","g/cap/d","14.4","E","Estimated value",""
"FS","Suite of Food Security Indicators","050","Bangladesh","6126","Value","22013","Gross domestic product per capita, PPP, (constant 2017 international $)","2020","2020","Int$/cap","6968.1","X","Figure from international organizations",""
"FS","Suite of Food Security Indicators","050","Bangladesh","6125","Value","21032","Political stability and absence of violence/terrorism (index)","2020","2020","","-0.92","X","Figure from international organizations",""
"FS","Suite of Food Security Indicators","052","Barbados","6123","Value","21013","Average protein supply (g/cap/day) (3-year average)","20192021","2019-2021","g/cap/d","108.6","E","Estimated value",""
"FS","Suite of Food Security Indicators","052","Barbados","6123","Value","21014","Average supply of protein of animal origin (g/cap/day) (3-year average)","20192021","2019-2021","g/cap/d","61","E","Estimated value",""
"FS","Suite of Food Security Indicators","052","Barbados","6126","Value","22013","Gross domestic product per capita, PPP, (constant 2017 international $)","2020","2020","Int$/cap","14828.8","X","Figure from international organizations",""
"FS","Suite of Food Security Indicators","052","Barbados","6125","Value","21032","Political stability and absence of violence/terrorism (index)","2020","2020","","1.12","X","Figure from international organizations",""
"FS","Suite of Food Security Indicators","112","Belarus","6123","Value","21013","Average protein supply (g/cap/day) (3-year average)","20192021","2019-2021","g/cap/d","111.4","E","Estimated value",""
"FS","Suite of Food Security Indicators","112","Belarus","6123","Value","21014","Average supply of protein of animal origin (g/cap/day) (3-year average)","20192021","2019-2021","g/cap/d","68.1","E","Estimated value",""
"FS","Suite of Food Security Indicators","112","Belarus","6126","Value","22013","Gross domestic product per capita, PPP, (constant 2017 international $)","2020","2020","Int$/cap","26731.5","X","Figure from international organizations",""
"FS","Suite of Food Security Indicators","112","Belarus","6125","Value","21032","Political stability and absence of violence/terrorism (index)","2020","2020","","-0.89","X","Figure from international organizations",""
"FS","Suite of Food Security Indicators","056","Belgium","6123","Value","21013","Average protein supply (g/cap/day) (3-year average)","20192021","2019-2021","g/cap/d","110.1","E","Estimated value",""
"FS","Suite of Food Security Indicators","056","Belgium","6123","Value","21014","Average supply of protein of animal origin (g/cap/day) (3-year average)","20192021","2019-2021","g/cap/d","70","E","Estimated value",""
"FS","Suite of Food Security Indicators","056","Belgium","6126","Value","22013","Gross domestic product per capita, PPP, (constant 2017 international $)","2020","2020","Int$/cap","58364.7","X","Figure from international organizations",""
"FS","Suite of Food Security Indicators","056","Belgium","6125","Value","21032","Political stability and absence of violence/terrorism (index)","2020","2020","","0.52","X","Figure from international organizations",""
"FS","Suite of Food Security Indicators","084","Belize","6123","Value","21013","Average protein supply (g/cap/day) (3-year average)","20192021","2019-2021","g/cap/d","80","E","Estimated value",""
"FS","Suite of Food Security Indicators","084","Belize","6123","Value","21014","Average supply of protein of animal origin (g/cap/day) (3-year average)","20192021","2019-2021","g/cap/d","34.5","E","Estimated value",""
"FS","Suite of Food Security Indicators","084","Belize","6126","Value","22013","Gross domestic product per capita, PPP, (constant 2017 international $)","2020","2020","Int$/cap","9934.9","X","Figure from international organizations",""
"FS","Suite of Food Security Indicators","084","Belize","6125","Value","21032","Political stability and absence of violence/terrorism (index)","2020","2020","","0.52","X","Figure from international organizations",""
"FS","Suite of Food Security Indicators","204","Benin","6123","Value","21013","Average protein supply (g/cap/day) (3-year average)","20192021","2019-2021","g/cap/d","69.3","E","Estimated value",""
"FS","Suite of Food Security Indicators","204","Benin","6123","Value","21014","Average supply of protein of animal origin (g/cap/day) (3-year average)","20192021","2019-2021","g/cap/d","13.6","E","Estimated value",""
"FS","Suite of Food Security Indicators","204","Benin","6126","Value","22013","Gross domestic product per capita, PPP, (constant 2017 international $)","2020","2020","Int$/cap","3429.9","X","Figure from international organizations",""
"FS","Suite of Food Security Indicators","204","Benin","6125","Value","21032","Political stability and absence of violence/terrorism (index)","2020","2020","","-0.44","X","Figure from international organizations",""
"FS","Suite of Food Security Indicators","060","Bermuda","6126","Value","22013","Gross domestic product per capita, PPP, (constant 2017 international $)","2020","2020","Int$/cap","88652.3","X","Figure from international organizations",""
"FS","Suite of Food Security Indicators","060","Bermuda","6125","Value","21032","Political stability and absence of violence/terrorism (index)","2020","2020","","1","X","Figure from international organizations",""
"FS","Suite of Food Security Indicators","064","Bhutan","6123","Value","21013","Average protein supply (g/cap/day) (3-year average)","20192021","2019-2021","g/cap/d","76.5","E","Estimated value",""
"FS","Suite of Food Security Indicators","064","Bhutan","6123","Value","21014","Average supply of protein of animal origin (g/cap/day) (3-year average)","20192021","2019-2021","g/cap/d","18.5","E","Estimated value",""
"FS","Suite of Food Security Indicators","064","Bhutan","6126","Value","22013","Gross domestic product per capita, PPP, (constant 2017 international $)","2020","2020","Int$/cap","12937.9","X","Figure from international organizations",""
"FS","Suite of Food Security Indicators","064","Bhutan","6125","Value","21032","Political stability and absence of violence/terrorism (index)","2020","2020","","1.01","X","Figure from international organizations",""
"FS","Suite of Food Security Indicators","068","Bolivia (Plurinational State of)","6123","Value","21013","Average protein supply (g/cap/day) (3-year average)","20192021","2019-2021","g/cap/d","80.1","E","Estimated value",""
"FS","Suite of Food Security Indicators","068","Bolivia (Plurinational State of)","6123","Value","21014","Average supply of protein of animal origin (g/cap/day) (3-year average)","20192021","2019-2021","g/cap/d","41.8","E","Estimated value",""
"FS","Suite of Food Security Indicators","068","Bolivia (Plurinational State of)","6126","Value","22013","Gross domestic product per capita, PPP, (constant 2017 international $)","2020","2020","Int$/cap","8910.6","X","Figure from international organizations",""
"FS","Suite of Food Security Indicators","068","Bolivia (Plurinational State of)","6125","Value","21032","Political stability and absence of violence/terrorism (index)","2020","2020","","-0.45","X","Figure from international organizations",""
"FS","Suite of Food Security Indicators","070","Bosnia and Herzegovina","6123","Value","21013","Average protein supply (g/cap/day) (3-year average)","20192021","2019-2021","g/cap/d","108.7","E","Estimated value",""
"FS","Suite of Food Security Indicators","070","Bosnia and Herzegovina","6123","Value","21014","Average supply of protein of animal origin (g/cap/day) (3-year average)","20192021","2019-2021","g/cap/d","39.9","E","Estimated value",""
"FS","Suite of Food Security Indicators","070","Bosnia and Herzegovina","6126","Value","22013","Gross domestic product per capita, PPP, (constant 2017 international $)","2020","2020","Int$/cap","16869.7","X","Figure from international organizations",""
"FS","Suite of Food Security Indicators","070","Bosnia and Herzegovina","6125","Value","21032","Political stability and absence of violence/terrorism (index)","2020","2020","","-0.45","X","Figure from international organizations",""
"FS","Suite of Food Security Indicators","072","Botswana","6123","Value","21013","Average protein supply (g/cap/day) (3-year average)","20192021","2019-2021","g/cap/d","69.7","E","Estimated value",""
"FS","Suite of Food Security Indicators","072","Botswana","6123","Value","21014","Average supply of protein of animal origin (g/cap/day) (3-year average)","20192021","2019-2021","g/cap/d","27.2","E","Estimated value",""
"FS","Suite of Food Security Indicators","072","Botswana","6126","Value","22013","Gross domestic product per capita, PPP, (constant 2017 international $)","2020","2020","Int$/cap","15130.3","X","Figure from international organizations",""
"FS","Suite of Food Security Indicators","072","Botswana","6125","Value","21032","Political stability and absence of violence/terrorism (index)","2020","2020","","1.01","X","Figure from international organizations",""
"FS","Suite of Food Security Indicators","076","Brazil","6123","Value","21013","Average protein supply (g/cap/day) (3-year average)","20192021","2019-2021","g/cap/d","101.2","E","Estimated value",""
"FS","Suite of Food Security Indicators","076","Brazil","6123","Value","21014","Average supply of protein of animal origin (g/cap/day) (3-year average)","20192021","2019-2021","g/cap/d","64.2","E","Estimated value",""
"FS","Suite of Food Security Indicators","076","Brazil","6126","Value","22013","Gross domestic product per capita, PPP, (constant 2017 international $)","2020","2020","Int$/cap","16709.4","X","Figure from international organizations",""
"FS","Suite of Food Security Indicators","076","Brazil","6125","Value","21032","Political stability and absence of violence/terrorism (index)","2020","2020","","-0.45","X","Figure from international organizations",""
"FS","Suite of Food Security Indicators","096","Brunei Darussalam","6126","Value","22013","Gross domestic product per capita, PPP, (constant 2017 international $)","2020","2020","Int$/cap","81313","X","Figure from international organizations",""
"FS","Suite of Food Security Indicators","096","Brunei Darussalam","6125","Value","21032","Political stability and absence of violence/terrorism (index)","2020","2020","","1.19","X","Figure from international organizations",""
"FS","Suite of Food Security Indicators","100","Bulgaria","6123","Value","21013","Average protein supply (g/cap/day) (3-year average)","20192021","2019-2021","g/cap/d","88.2","E","Estimated value",""
"FS","Suite of Food Security Indicators","100","Bulgaria","6123","Value","21014","Average supply of protein of animal origin (g/cap/day) (3-year average)","20192021","2019-2021","g/cap/d","50.3","E","Estimated value",""
"FS","Suite of Food Security Indicators","100","Bulgaria","6126","Value","22013","Gross domestic product per capita, PPP, (constant 2017 international $)","2020","2020","Int$/cap","27092.2","X","Figure from international organizations",""
"FS","Suite of Food Security Indicators","100","Bulgaria","6125","Value","21032","Political stability and absence of violence/terrorism (index)","2020","2020","","0.4","X","Figure from international organizations",""
"FS","Suite of Food Security Indicators","854","Burkina Faso","6123","Value","21013","Average protein supply (g/cap/day) (3-year average)","20192021","2019-2021","g/cap/d","91.9","E","Estimated value",""
"FS","Suite of Food Security Indicators","854","Burkina Faso","6123","Value","21014","Average supply of protein of animal origin (g/cap/day) (3-year average)","20192021","2019-2021","g/cap/d","19.9","E","Estimated value",""
"FS","Suite of Food Security Indicators","854","Burkina Faso","6126","Value","22013","Gross domestic product per capita, PPP, (constant 2017 international $)","2020","2020","Int$/cap","2369.6","X","Figure from international organizations",""
"FS","Suite of Food Security Indicators","854","Burkina Faso","6125","Value","21032","Political stability and absence of violence/terrorism (index)","2020","2020","","-1.54","X","Figure from international organizations",""
"FS","Suite of Food Security Indicators","108","Burundi","6123","Value","21013","Average protein supply (g/cap/day) (3-year average)","20192021","2019-2021","g/cap/d","40.5","E","Estimated value",""
"FS","Suite of Food Security Indicators","108","Burundi","6123","Value","21014","Average supply of protein of animal origin (g/cap/day) (3-year average)","20192021","2019-2021","g/cap/d","3.2","E","Estimated value",""
"FS","Suite of Food Security Indicators","108","Burundi","6126","Value","22013","Gross domestic product per capita, PPP, (constant 2017 international $)","2020","2020","Int$/cap","861","X","Figure from international organizations",""
"FS","Suite of Food Security Indicators","108","Burundi","6125","Value","21032","Political stability and absence of violence/terrorism (index)","2020","2020","","-1.54","X","Figure from international organizations",""
"FS","Suite of Food Security Indicators","132","Cabo Verde","6123","Value","21013","Average protein supply (g/cap/day) (3-year average)","20192021","2019-2021","g/cap/d","77.9","E","Estimated value",""
"FS","Suite of Food Security Indicators","132","Cabo Verde","6123","Value","21014","Average supply of protein of animal origin (g/cap/day) (3-year average)","20192021","2019-2021","g/cap/d","29.3","E","Estimated value",""
"FS","Suite of Food Security Indicators","132","Cabo Verde","6126","Value","22013","Gross domestic product per capita, PPP, (constant 2017 international $)","2020","2020","Int$/cap","6282.9","X","Figure from international organizations",""
"FS","Suite of Food Security Indicators","132","Cabo Verde","6125","Value","21032","Political stability and absence of violence/terrorism (index)","2020","2020","","0.87","X","Figure from international organizations",""
"FS","Suite of Food Security Indicators","116","Cambodia","6123","Value","21013","Average protein supply (g/cap/day) (3-year average)","20192021","2019-2021","g/cap/d","62.3","E","Estimated value",""
"FS","Suite of Food Security Indicators","116","Cambodia","6123","Value","21014","Average supply of protein of animal origin (g/cap/day) (3-year average)","20192021","2019-2021","g/cap/d","20.6","E","Estimated value",""
"FS","Suite of Food Security Indicators","116","Cambodia","6126","Value","22013","Gross domestic product per capita, PPP, (constant 2017 international $)","2020","2020","Int$/cap","4584.2","X","Figure from international organizations",""
"FS","Suite of Food Security Indicators","116","Cambodia","6125","Value","21032","Political stability and absence of violence/terrorism (index)","2020","2020","","-0.21","X","Figure from international organizations",""
"FS","Suite of Food Security Indicators","120","Cameroon","6123","Value","21013","Average protein supply (g/cap/day) (3-year average)","20192021","2019-2021","g/cap/d","72.2","E","Estimated value",""
"FS","Suite of Food Security Indicators","120","Cameroon","6123","Value","21014","Average supply of protein of animal origin (g/cap/day) (3-year average)","20192021","2019-2021","g/cap/d","13.1","E","Estimated value",""
"FS","Suite of Food Security Indicators","120","Cameroon","6126","Value","22013","Gross domestic product per capita, PPP, (constant 2017 international $)","2020","2020","Int$/cap","4711.1","X","Figure from international organizations",""
"FS","Suite of Food Security Indicators","120","Cameroon","6125","Value","21032","Political stability and absence of violence/terrorism (index)","2020","2020","","-1.51","X","Figure from international organizations",""
"FS","Suite of Food Security Indicators","124","Canada","6123","Value","21013","Average protein supply (g/cap/day) (3-year average)","20192021","2019-2021","g/cap/d","114.9","E","Estimated value",""
"FS","Suite of Food Security Indicators","124","Canada","6123","Value","21014","Average supply of protein of animal origin (g/cap/day) (3-year average)","20192021","2019-2021","g/cap/d","68","E","Estimated value",""
"FS","Suite of Food Security Indicators","124","Canada","6126","Value","22013","Gross domestic product per capita, PPP, (constant 2017 international $)","2020","2020","Int$/cap","53146.1","X","Figure from international organizations",""
"FS","Suite of Food Security Indicators","124","Canada","6125","Value","21032","Political stability and absence of violence/terrorism (index)","2020","2020","","1.01","X","Figure from international organizations",""
"FS","Suite of Food Security Indicators","140","Central African Republic","6123","Value","21013","Average protein supply (g/cap/day) (3-year average)","20192021","2019-2021","g/cap/d","64.1","E","Estimated value",""
"FS","Suite of Food Security Indicators","140","Central African Republic","6123","Value","21014","Average supply of protein of animal origin (g/cap/day) (3-year average)","20192021","2019-2021","g/cap/d","21.9","E","Estimated value",""
"FS","Suite of Food Security Indicators","140","Central African Republic","6126","Value","22013","Gross domestic product per capita, PPP, (constant 2017 international $)","2020","2020","Int$/cap","1069.3","X","Figure from international organizations",""
"FS","Suite of Food Security Indicators","140","Central African Republic","6125","Value","21032","Political stability and absence of violence/terrorism (index)","2020","2020","","-2.24","X","Figure from international organizations",""
"FS","Suite of Food Security Indicators","148","Chad","6123","Value","21013","Average protein supply (g/cap/day) (3-year average)","20192021","2019-2021","g/cap/d","78.4","E","Estimated value",""
"FS","Suite of Food Security Indicators","148","Chad","6123","Value","21014","Average supply of protein of animal origin (g/cap/day) (3-year average)","20192021","2019-2021","g/cap/d","27.6","E","Estimated value",""
"FS","Suite of Food Security Indicators","148","Chad","6126","Value","22013","Gross domestic product per capita, PPP, (constant 2017 international $)","2020","2020","Int$/cap","1843.2","X","Figure from international organizations",""
"FS","Suite of Food Security Indicators","148","Chad","6125","Value","21032","Political stability and absence of violence/terrorism (index)","2020","2020","","-1.26","X","Figure from international organizations",""
"FS","Suite of Food Security Indicators","152","Chile","6123","Value","21013","Average protein supply (g/cap/day) (3-year average)","20192021","2019-2021","g/cap/d","104.9","E","Estimated value",""
"FS","Suite of Food Security Indicators","152","Chile","6123","Value","21014","Average supply of protein of animal origin (g/cap/day) (3-year average)","20192021","2019-2021","g/cap/d","57.4","E","Estimated value",""
"FS","Suite of Food Security Indicators","152","Chile","6126","Value","22013","Gross domestic product per capita, PPP, (constant 2017 international $)","2020","2020","Int$/cap","26347.1","X","Figure from international organizations",""
"FS","Suite of Food Security Indicators","152","Chile","6125","Value","21032","Political stability and absence of violence/terrorism (index)","2020","2020","","0.04","X","Figure from international organizations",""
"FS","Suite of Food Security Indicators","159","China","6123","Value","21013","Average protein supply (g/cap/day) (3-year average)","20192021","2019-2021","g/cap/d","122.9","E","Estimated value",""
"FS","Suite of Food Security Indicators","159","China","6123","Value","21014","Average supply of protein of animal origin (g/cap/day) (3-year average)","20192021","2019-2021","g/cap/d","48.9","E","Estimated value",""
"FS","Suite of Food Security Indicators","159","China","6126","Value","22013","Gross domestic product per capita, PPP, (constant 2017 international $)","2020","2020","Int$/cap","19075.9","X","Figure from international organizations",""
"FS","Suite of Food Security Indicators","344","China, Hong Kong SAR","6123","Value","21013","Average protein supply (g/cap/day) (3-year average)","20192021","2019-2021","g/cap/d","144.4","E","Estimated value",""
"FS","Suite of Food Security Indicators","344","China, Hong Kong SAR","6123","Value","21014","Average supply of protein of animal origin (g/cap/day) (3-year average)","20192021","2019-2021","g/cap/d","103.5","E","Estimated value",""
"FS","Suite of Food Security Indicators","344","China, Hong Kong SAR","6126","Value","22013","Gross domestic product per capita, PPP, (constant 2017 international $)","2020","2020","Int$/cap","61328.4","X","Figure from international organizations",""
"FS","Suite of Food Security Indicators","344","China, Hong Kong SAR","6125","Value","21032","Political stability and absence of violence/terrorism (index)","2020","2020","","0.06","X","Figure from international organizations",""
"FS","Suite of Food Security Indicators","446","China, Macao SAR","6123","Value","21013","Average protein supply (g/cap/day) (3-year average)","20192021","2019-2021","g/cap/d","115.7","E","Estimated value",""
"FS","Suite of Food Security Indicators","446","China, Macao SAR","6123","Value","21014","Average supply of protein of animal origin (g/cap/day) (3-year average)","20192021","2019-2021","g/cap/d","74.2","E","Estimated value",""
"FS","Suite of Food Security Indicators","446","China, Macao SAR","6126","Value","22013","Gross domestic product per capita, PPP, (constant 2017 international $)","2020","2020","Int$/cap","60597.7","X","Figure from international organizations",""
"FS","Suite of Food Security Indicators","446","China, Macao SAR","6125","Value","21032","Political stability and absence of violence/terrorism (index)","2020","2020","","1.14","X","Figure from international organizations",""
"FS","Suite of Food Security Indicators","156","China, mainland","6123","Value","21013","Average protein supply (g/cap/day) (3-year average)","20192021","2019-2021","g/cap/d","123.2","E","Estimated value",""
"FS","Suite of Food Security Indicators","156","China, mainland","6123","Value","21014","Average supply of protein of animal origin (g/cap/day) (3-year average)","20192021","2019-2021","g/cap/d","48.5","E","Estimated value",""
"FS","Suite of Food Security Indicators","156","China, mainland","6126","Value","22013","Gross domestic product per capita, PPP, (constant 2017 international $)","2020","2020","Int$/cap","18833.8","X","Figure from international organizations",""
"FS","Suite of Food Security Indicators","158","China, Taiwan Province of","6123","Value","21013","Average protein supply (g/cap/day) (3-year average)","20192021","2019-2021","g/cap/d","97.7","E","Estimated value",""
"FS","Suite of Food Security Indicators","158","China, Taiwan Province of","6123","Value","21014","Average supply of protein of animal origin (g/cap/day) (3-year average)","20192021","2019-2021","g/cap/d","55.7","E","Estimated value",""
"FS","Suite of Food Security Indicators","170","Colombia","6123","Value","21013","Average protein supply (g/cap/day) (3-year average)","20192021","2019-2021","g/cap/d","80.7","E","Estimated value",""
"FS","Suite of Food Security Indicators","170","Colombia","6123","Value","21014","Average supply of protein of animal origin (g/cap/day) (3-year average)","20192021","2019-2021","g/cap/d","44.8","E","Estimated value",""
"FS","Suite of Food Security Indicators","170","Colombia","6126","Value","22013","Gross domestic product per capita, PPP, (constant 2017 international $)","2020","2020","Int$/cap","16023.6","X","Figure from international organizations",""
"FS","Suite of Food Security Indicators","170","Colombia","6125","Value","21032","Political stability and absence of violence/terrorism (index)","2020","2020","","-0.7","X","Figure from international organizations",""
"FS","Suite of Food Security Indicators","174","Comoros","6123","Value","21013","Average protein supply (g/cap/day) (3-year average)","20192021","2019-2021","g/cap/d","64.4","E","Estimated value",""
"FS","Suite of Food Security Indicators","174","Comoros","6123","Value","21014","Average supply of protein of animal origin (g/cap/day) (3-year average)","20192021","2019-2021","g/cap/d","20.6","E","Estimated value",""
"FS","Suite of Food Security Indicators","174","Comoros","6126","Value","22013","Gross domestic product per capita, PPP, (constant 2017 international $)","2020","2020","Int$/cap","3420.2","X","Figure from international organizations",""
"FS","Suite of Food Security Indicators","174","Comoros","6125","Value","21032","Political stability and absence of violence/terrorism (index)","2020","2020","","-0.29","X","Figure from international organizations",""
"FS","Suite of Food Security Indicators","178","Congo","6123","Value","21013","Average protein supply (g/cap/day) (3-year average)","20192021","2019-2021","g/cap/d","53.1","E","Estimated value",""
"FS","Suite of Food Security Indicators","178","Congo","6123","Value","21014","Average supply of protein of animal origin (g/cap/day) (3-year average)","20192021","2019-2021","g/cap/d","27.6","E","Estimated value",""
"FS","Suite of Food Security Indicators","178","Congo","6126","Value","22013","Gross domestic product per capita, PPP, (constant 2017 international $)","2020","2020","Int$/cap","6406.9","X","Figure from international organizations",""
"FS","Suite of Food Security Indicators","178","Congo","6125","Value","21032","Political stability and absence of violence/terrorism (index)","2020","2020","","-0.21","X","Figure from international organizations",""
"FS","Suite of Food Security Indicators","188","Costa Rica","6123","Value","21013","Average protein supply (g/cap/day) (3-year average)","20192021","2019-2021","g/cap/d","87.1","E","Estimated value",""
"FS","Suite of Food Security Indicators","188","Costa Rica","6123","Value","21014","Average supply of protein of animal origin (g/cap/day) (3-year average)","20192021","2019-2021","g/cap/d","52.1","E","Estimated value",""
"FS","Suite of Food Security Indicators","188","Costa Rica","6126","Value","22013","Gross domestic product per capita, PPP, (constant 2017 international $)","2020","2020","Int$/cap","22090","X","Figure from international organizations",""
"FS","Suite of Food Security Indicators","188","Costa Rica","6125","Value","21032","Political stability and absence of violence/terrorism (index)","2020","2020","","0.75","X","Figure from international organizations",""
"FS","Suite of Food Security Indicators","384","Côte d'Ivoire","6123","Value","21013","Average protein supply (g/cap/day) (3-year average)","20192021","2019-2021","g/cap/d","65.4","E","Estimated value",""
"FS","Suite of Food Security Indicators","384","Côte d'Ivoire","6123","Value","21014","Average supply of protein of animal origin (g/cap/day) (3-year average)","20192021","2019-2021","g/cap/d","16","E","Estimated value",""
"FS","Suite of Food Security Indicators","384","Côte d'Ivoire","6126","Value","22013","Gross domestic product per capita, PPP, (constant 2017 international $)","2020","2020","Int$/cap","6161.2","X","Figure from international organizations",""
"FS","Suite of Food Security Indicators","384","Côte d'Ivoire","6125","Value","21032","Political stability and absence of violence/terrorism (index)","2020","2020","","-1.03","X","Figure from international organizations",""
"FS","Suite of Food Security Indicators","191","Croatia","6123","Value","21013","Average protein supply (g/cap/day) (3-year average)","20192021","2019-2021","g/cap/d","104.5","E","Estimated value",""
"FS","Suite of Food Security Indicators","191","Croatia","6123","Value","21014","Average supply of protein of animal origin (g/cap/day) (3-year average)","20192021","2019-2021","g/cap/d","66.2","E","Estimated value",""
"FS","Suite of Food Security Indicators","191","Croatia","6126","Value","22013","Gross domestic product per capita, PPP, (constant 2017 international $)","2020","2020","Int$/cap","31124","X","Figure from international organizations",""
"FS","Suite of Food Security Indicators","191","Croatia","6125","Value","21032","Political stability and absence of violence/terrorism (index)","2020","2020","","0.61","X","Figure from international organizations",""
"FS","Suite of Food Security Indicators","192","Cuba","6123","Value","21013","Average protein supply (g/cap/day) (3-year average)","20192021","2019-2021","g/cap/d","93.3","E","Estimated value",""
"FS","Suite of Food Security Indicators","192","Cuba","6123","Value","21014","Average supply of protein of animal origin (g/cap/day) (3-year average)","20192021","2019-2021","g/cap/d","42.1","E","Estimated value",""
"FS","Suite of Food Security Indicators","192","Cuba","6125","Value","21032","Political stability and absence of violence/terrorism (index)","2020","2020","","0.6","X","Figure from international organizations",""
"FS","Suite of Food Security Indicators","196","Cyprus","6123","Value","21013","Average protein supply (g/cap/day) (3-year average)","20192021","2019-2021","g/cap/d","104","E","Estimated value",""
"FS","Suite of Food Security Indicators","196","Cyprus","6123","Value","21014","Average supply of protein of animal origin (g/cap/day) (3-year average)","20192021","2019-2021","g/cap/d","57.4","E","Estimated value",""
"FS","Suite of Food Security Indicators","196","Cyprus","6126","Value","22013","Gross domestic product per capita, PPP, (constant 2017 international $)","2020","2020","Int$/cap","44511.5","X","Figure from international organizations",""
"FS","Suite of Food Security Indicators","196","Cyprus","6125","Value","21032","Political stability and absence of violence/terrorism (index)","2020","2020","","0.29","X","Figure from international organizations",""
"FS","Suite of Food Security Indicators","203","Czechia","6123","Value","21013","Average protein supply (g/cap/day) (3-year average)","20192021","2019-2021","g/cap/d","96.1","E","Estimated value",""
"FS","Suite of Food Security Indicators","203","Czechia","6123","Value","21014","Average supply of protein of animal origin (g/cap/day) (3-year average)","20192021","2019-2021","g/cap/d","61.3","E","Estimated value",""
"FS","Suite of Food Security Indicators","203","Czechia","6126","Value","22013","Gross domestic product per capita, PPP, (constant 2017 international $)","2020","2020","Int$/cap","45917.3","X","Figure from international organizations",""
"FS","Suite of Food Security Indicators","203","Czechia","6125","Value","21032","Political stability and absence of violence/terrorism (index)","2020","2020","","0.91","X","Figure from international organizations",""
"FS","Suite of Food Security Indicators","408","Democratic People's Republic of Korea","6125","Value","21032","Political stability and absence of violence/terrorism (index)","2020","2020","","-0.38","X","Figure from international organizations",""
"FS","Suite of Food Security Indicators","180","Democratic Republic of the Congo","6123","Value","21013","Average protein supply (g/cap/day) (3-year average)","20192021","2019-2021","g/cap/d","29.6","E","Estimated value",""
"FS","Suite of Food Security Indicators","180","Democratic Republic of the Congo","6123","Value","21014","Average supply of protein of animal origin (g/cap/day) (3-year average)","20192021","2019-2021","g/cap/d","3.7","E","Estimated value",""
"FS","Suite of Food Security Indicators","180","Democratic Republic of the Congo","6126","Value","22013","Gross domestic product per capita, PPP, (constant 2017 international $)","2020","2020","Int$/cap","1320.8","X","Figure from international organizations",""
"FS","Suite of Food Security Indicators","180","Democratic Republic of the Congo","6125","Value","21032","Political stability and absence of violence/terrorism (index)","2020","2020","","-1.79","X","Figure from international organizations",""
"FS","Suite of Food Security Indicators","208","Denmark","6123","Value","21013","Average protein supply (g/cap/day) (3-year average)","20192021","2019-2021","g/cap/d","113.8","E","Estimated value",""
"FS","Suite of Food Security Indicators","208","Denmark","6123","Value","21014","Average supply of protein of animal origin (g/cap/day) (3-year average)","20192021","2019-2021","g/cap/d","76.6","E","Estimated value",""
"FS","Suite of Food Security Indicators","208","Denmark","6126","Value","22013","Gross domestic product per capita, PPP, (constant 2017 international $)","2020","2020","Int$/cap","65686.5","X","Figure from international organizations",""
"FS","Suite of Food Security Indicators","208","Denmark","6125","Value","21032","Political stability and absence of violence/terrorism (index)","2020","2020","","0.92","X","Figure from international organizations",""
"FS","Suite of Food Security Indicators","262","Djibouti","6123","Value","21013","Average protein supply (g/cap/day) (3-year average)","20192021","2019-2021","g/cap/d","74.1","E","Estimated value",""
"FS","Suite of Food Security Indicators","262","Djibouti","6123","Value","21014","Average supply of protein of animal origin (g/cap/day) (3-year average)","20192021","2019-2021","g/cap/d","14.7","E","Estimated value",""
"FS","Suite of Food Security Indicators","262","Djibouti","6126","Value","22013","Gross domestic product per capita, PPP, (constant 2017 international $)","2020","2020","Int$/cap","5852.8","X","Figure from international organizations",""
"FS","Suite of Food Security Indicators","262","Djibouti","6125","Value","21032","Political stability and absence of violence/terrorism (index)","2020","2020","","-0.45","X","Figure from international organizations",""
"FS","Suite of Food Security Indicators","212","Dominica","6123","Value","21013","Average protein supply (g/cap/day) (3-year average)","20192021","2019-2021","g/cap/d","98.6","E","Estimated value",""
"FS","Suite of Food Security Indicators","212","Dominica","6123","Value","21014","Average supply of protein of animal origin (g/cap/day) (3-year average)","20192021","2019-2021","g/cap/d","55.7","E","Estimated value",""
"FS","Suite of Food Security Indicators","212","Dominica","6126","Value","22013","Gross domestic product per capita, PPP, (constant 2017 international $)","2020","2020","Int$/cap","13617.8","X","Figure from international organizations",""
"FS","Suite of Food Security Indicators","212","Dominica","6125","Value","21032","Political stability and absence of violence/terrorism (index)","2020","2020","","1.32","X","Figure from international organizations",""
"FS","Suite of Food Security Indicators","214","Dominican Republic","6123","Value","21013","Average protein supply (g/cap/day) (3-year average)","20192021","2019-2021","g/cap/d","78.9","E","Estimated value",""
"FS","Suite of Food Security Indicators","214","Dominican Republic","6123","Value","21014","Average supply of protein of animal origin (g/cap/day) (3-year average)","20192021","2019-2021","g/cap/d","40.9","E","Estimated value",""
"FS","Suite of Food Security Indicators","214","Dominican Republic","6126","Value","22013","Gross domestic product per capita, PPP, (constant 2017 international $)","2020","2020","Int$/cap","19736.8","X","Figure from international organizations",""
"FS","Suite of Food Security Indicators","214","Dominican Republic","6125","Value","21032","Political stability and absence of violence/terrorism (index)","2020","2020","","0.16","X","Figure from international organizations",""
"FS","Suite of Food Security Indicators","218","Ecuador","6123","Value","21013","Average protein supply (g/cap/day) (3-year average)","20192021","2019-2021","g/cap/d","68.5","E","Estimated value",""
"FS","Suite of Food Security Indicators","218","Ecuador","6123","Value","21014","Average supply of protein of animal origin (g/cap/day) (3-year average)","20192021","2019-2021","g/cap/d","37.3","E","Estimated value",""
"FS","Suite of Food Security Indicators","218","Ecuador","6126","Value","22013","Gross domestic product per capita, PPP, (constant 2017 international $)","2020","2020","Int$/cap","12904.6","X","Figure from international organizations",""
"FS","Suite of Food Security Indicators","218","Ecuador","6125","Value","21032","Political stability and absence of violence/terrorism (index)","2020","2020","","-0.27","X","Figure from international organizations",""
"FS","Suite of Food Security Indicators","818","Egypt","6123","Value","21013","Average protein supply (g/cap/day) (3-year average)","20192021","2019-2021","g/cap/d","92.7","E","Estimated value",""
"FS","Suite of Food Security Indicators","818","Egypt","6123","Value","21014","Average supply of protein of animal origin (g/cap/day) (3-year average)","20192021","2019-2021","g/cap/d","28.6","E","Estimated value",""
"FS","Suite of Food Security Indicators","818","Egypt","6126","Value","22013","Gross domestic product per capita, PPP, (constant 2017 international $)","2020","2020","Int$/cap","15572.8","X","Figure from international organizations",""
"FS","Suite of Food Security Indicators","818","Egypt","6125","Value","21032","Political stability and absence of violence/terrorism (index)","2020","2020","","-1.18","X","Figure from international organizations",""
"FS","Suite of Food Security Indicators","222","El Salvador","6123","Value","21013","Average protein supply (g/cap/day) (3-year average)","20192021","2019-2021","g/cap/d","84.9","E","Estimated value",""
"FS","Suite of Food Security Indicators","222","El Salvador","6123","Value","21014","Average supply of protein of animal origin (g/cap/day) (3-year average)","20192021","2019-2021","g/cap/d","34.3","E","Estimated value",""
"FS","Suite of Food Security Indicators","222","El Salvador","6126","Value","22013","Gross domestic product per capita, PPP, (constant 2017 international $)","2020","2020","Int$/cap","9801.9","X","Figure from international organizations",""
"FS","Suite of Food Security Indicators","222","El Salvador","6125","Value","21032","Political stability and absence of violence/terrorism (index)","2020","2020","","-0.12","X","Figure from international organizations",""
"FS","Suite of Food Security Indicators","226","Equatorial Guinea","6126","Value","22013","Gross domestic product per capita, PPP, (constant 2017 international $)","2020","2020","Int$/cap","18320.1","X","Figure from international organizations",""
"FS","Suite of Food Security Indicators","226","Equatorial Guinea","6125","Value","21032","Political stability and absence of violence/terrorism (index)","2020","2020","","-0.22","X","Figure from international organizations",""
"FS","Suite of Food Security Indicators","232","Eritrea","6125","Value","21032","Political stability and absence of violence/terrorism (index)","2020","2020","","-0.99","X","Figure from international organizations",""
"FS","Suite of Food Security Indicators","233","Estonia","6123","Value","21013","Average protein supply (g/cap/day) (3-year average)","20192021","2019-2021","g/cap/d","109.8","E","Estimated value",""
"FS","Suite of Food Security Indicators","233","Estonia","6123","Value","21014","Average supply of protein of animal origin (g/cap/day) (3-year average)","20192021","2019-2021","g/cap/d","76.8","E","Estimated value",""
"FS","Suite of Food Security Indicators","233","Estonia","6126","Value","22013","Gross domestic product per capita, PPP, (constant 2017 international $)","2020","2020","Int$/cap","41749.5","X","Figure from international organizations",""
"FS","Suite of Food Security Indicators","233","Estonia","6125","Value","21032","Political stability and absence of violence/terrorism (index)","2020","2020","","0.71","X","Figure from international organizations",""
"FS","Suite of Food Security Indicators","748","Eswatini","6123","Value","21013","Average protein supply (g/cap/day) (3-year average)","20192021","2019-2021","g/cap/d","60.6","E","Estimated value",""
"FS","Suite of Food Security Indicators","748","Eswatini","6123","Value","21014","Average supply of protein of animal origin (g/cap/day) (3-year average)","20192021","2019-2021","g/cap/d","19.4","E","Estimated value",""
"FS","Suite of Food Security Indicators","748","Eswatini","6126","Value","22013","Gross domestic product per capita, PPP, (constant 2017 international $)","2020","2020","Int$/cap","9308.4","X","Figure from international organizations",""
"FS","Suite of Food Security Indicators","748","Eswatini","6125","Value","21032","Political stability and absence of violence/terrorism (index)","2020","2020","","-0.04","X","Figure from international organizations",""
"FS","Suite of Food Security Indicators","231","Ethiopia","6123","Value","21013","Average protein supply (g/cap/day) (3-year average)","20192021","2019-2021","g/cap/d","77.6","E","Estimated value",""
"FS","Suite of Food Security Indicators","231","Ethiopia","6123","Value","21014","Average supply of protein of animal origin (g/cap/day) (3-year average)","20192021","2019-2021","g/cap/d","7.3","E","Estimated value",""
"FS","Suite of Food Security Indicators","231","Ethiopia","6126","Value","22013","Gross domestic product per capita, PPP, (constant 2017 international $)","2020","2020","Int$/cap","2553.6","X","Figure from international organizations",""
"FS","Suite of Food Security Indicators","231","Ethiopia","6125","Value","21032","Political stability and absence of violence/terrorism (index)","2020","2020","","-1.75","X","Figure from international organizations",""
"FS","Suite of Food Security Indicators","242","Fiji","6123","Value","21013","Average protein supply (g/cap/day) (3-year average)","20192021","2019-2021","g/cap/d","79.4","E","Estimated value",""
"FS","Suite of Food Security Indicators","242","Fiji","6123","Value","21014","Average supply of protein of animal origin (g/cap/day) (3-year average)","20192021","2019-2021","g/cap/d","37.3","E","Estimated value",""
"FS","Suite of Food Security Indicators","242","Fiji","6126","Value","22013","Gross domestic product per capita, PPP, (constant 2017 international $)","2020","2020","Int$/cap","11188.2","X","Figure from international organizations",""
"FS","Suite of Food Security Indicators","242","Fiji","6125","Value","21032","Political stability and absence of violence/terrorism (index)","2020","2020","","0.66","X","Figure from international organizations",""
"FS","Suite of Food Security Indicators","246","Finland","6123","Value","21013","Average protein supply (g/cap/day) (3-year average)","20192021","2019-2021","g/cap/d","123.2","E","Estimated value",""
"FS","Suite of Food Security Indicators","246","Finland","6123","Value","21014","Average supply of protein of animal origin (g/cap/day) (3-year average)","20192021","2019-2021","g/cap/d","78.7","E","Estimated value",""
"FS","Suite of Food Security Indicators","246","Finland","6126","Value","22013","Gross domestic product per capita, PPP, (constant 2017 international $)","2020","2020","Int$/cap","56368.8","X","Figure from international organizations",""
"FS","Suite of Food Security Indicators","246","Finland","6125","Value","21032","Political stability and absence of violence/terrorism (index)","2020","2020","","0.98","X","Figure from international organizations",""
"FS","Suite of Food Security Indicators","250","France","6123","Value","21013","Average protein supply (g/cap/day) (3-year average)","20192021","2019-2021","g/cap/d","121.4","E","Estimated value",""
"FS","Suite of Food Security Indicators","250","France","6123","Value","21014","Average supply of protein of animal origin (g/cap/day) (3-year average)","20192021","2019-2021","g/cap/d","79.8","E","Estimated value",""
"FS","Suite of Food Security Indicators","250","France","6126","Value","22013","Gross domestic product per capita, PPP, (constant 2017 international $)","2020","2020","Int$/cap","50724.5","X","Figure from international organizations",""
"FS","Suite of Food Security Indicators","250","France","6125","Value","21032","Political stability and absence of violence/terrorism (index)","2020","2020","","0.28","X","Figure from international organizations",""
"FS","Suite of Food Security Indicators","258","French Polynesia","6123","Value","21013","Average protein supply (g/cap/day) (3-year average)","20192021","2019-2021","g/cap/d","103.2","E","Estimated value",""
"FS","Suite of Food Security Indicators","258","French Polynesia","6123","Value","21014","Average supply of protein of animal origin (g/cap/day) (3-year average)","20192021","2019-2021","g/cap/d","66.5","E","Estimated value",""
"FS","Suite of Food Security Indicators","266","Gabon","6123","Value","21013","Average protein supply (g/cap/day) (3-year average)","20192021","2019-2021","g/cap/d","87.2","E","Estimated value",""
"FS","Suite of Food Security Indicators","266","Gabon","6123","Value","21014","Average supply of protein of animal origin (g/cap/day) (3-year average)","20192021","2019-2021","g/cap/d","44.1","E","Estimated value",""
"FS","Suite of Food Security Indicators","266","Gabon","6126","Value","22013","Gross domestic product per capita, PPP, (constant 2017 international $)","2020","2020","Int$/cap","19666.6","X","Figure from international organizations",""
"FS","Suite of Food Security Indicators","266","Gabon","6125","Value","21032","Political stability and absence of violence/terrorism (index)","2020","2020","","-0.07","X","Figure from international organizations",""
"FS","Suite of Food Security Indicators","270","Gambia","6123","Value","21013","Average protein supply (g/cap/day) (3-year average)","20192021","2019-2021","g/cap/d","60.7","E","Estimated value",""
"FS","Suite of Food Security Indicators","270","Gambia","6123","Value","21014","Average supply of protein of animal origin (g/cap/day) (3-year average)","20192021","2019-2021","g/cap/d","19.6","E","Estimated value",""
"FS","Suite of Food Security Indicators","270","Gambia","6126","Value","22013","Gross domestic product per capita, PPP, (constant 2017 international $)","2020","2020","Int$/cap","2652.6","X","Figure from international organizations",""
"FS","Suite of Food Security Indicators","270","Gambia","6125","Value","21032","Political stability and absence of violence/terrorism (index)","2020","2020","","0.25","X","Figure from international organizations",""
"FS","Suite of Food Security Indicators","268","Georgia","6123","Value","21013","Average protein supply (g/cap/day) (3-year average)","20192021","2019-2021","g/cap/d","89.7","E","Estimated value",""
"FS","Suite of Food Security Indicators","268","Georgia","6123","Value","21014","Average supply of protein of animal origin (g/cap/day) (3-year average)","20192021","2019-2021","g/cap/d","39.8","E","Estimated value",""
"FS","Suite of Food Security Indicators","268","Georgia","6126","Value","22013","Gross domestic product per capita, PPP, (constant 2017 international $)","2020","2020","Int$/cap","16856.2","X","Figure from international organizations",""
"FS","Suite of Food Security Indicators","268","Georgia","6125","Value","21032","Political stability and absence of violence/terrorism (index)","2020","2020","","-0.43","X","Figure from international organizations",""
"FS","Suite of Food Security Indicators","276","Germany","6123","Value","21013","Average protein supply (g/cap/day) (3-year average)","20192021","2019-2021","g/cap/d","110.8","E","Estimated value",""
"FS","Suite of Food Security Indicators","276","Germany","6123","Value","21014","Average supply of protein of animal origin (g/cap/day) (3-year average)","20192021","2019-2021","g/cap/d","73.6","E","Estimated value",""
"FS","Suite of Food Security Indicators","276","Germany","6126","Value","22013","Gross domestic product per capita, PPP, (constant 2017 international $)","2020","2020","Int$/cap","60065.5","X","Figure from international organizations",""
"FS","Suite of Food Security Indicators","276","Germany","6125","Value","21032","Political stability and absence of violence/terrorism (index)","2020","2020","","0.64","X","Figure from international organizations",""
"FS","Suite of Food Security Indicators","288","Ghana","6123","Value","21013","Average protein supply (g/cap/day) (3-year average)","20192021","2019-2021","g/cap/d","67.1","E","Estimated value",""
"FS","Suite of Food Security Indicators","288","Ghana","6123","Value","21014","Average supply of protein of animal origin (g/cap/day) (3-year average)","20192021","2019-2021","g/cap/d","17.8","E","Estimated value",""
"FS","Suite of Food Security Indicators","288","Ghana","6126","Value","22013","Gross domestic product per capita, PPP, (constant 2017 international $)","2020","2020","Int$/cap","6354.4","X","Figure from international organizations",""
"FS","Suite of Food Security Indicators","288","Ghana","6125","Value","21032","Political stability and absence of violence/terrorism (index)","2020","2020","","0.17","X","Figure from international organizations",""
"FS","Suite of Food Security Indicators","300","Greece","6123","Value","21013","Average protein supply (g/cap/day) (3-year average)","20192021","2019-2021","g/cap/d","105.7","E","Estimated value",""
"FS","Suite of Food Security Indicators","300","Greece","6123","Value","21014","Average supply of protein of animal origin (g/cap/day) (3-year average)","20192021","2019-2021","g/cap/d","64.8","E","Estimated value",""
"FS","Suite of Food Security Indicators","300","Greece","6126","Value","22013","Gross domestic product per capita, PPP, (constant 2017 international $)","2020","2020","Int$/cap","30096.8","X","Figure from international organizations",""
"FS","Suite of Food Security Indicators","300","Greece","6125","Value","21032","Political stability and absence of violence/terrorism (index)","2020","2020","","0.12","X","Figure from international organizations",""
"FS","Suite of Food Security Indicators","304","Greenland","6126","Value","22013","Gross domestic product per capita, PPP, (constant 2017 international $)","2020","2020","Int$/cap","67560.3","X","Figure from international organizations",""
"FS","Suite of Food Security Indicators","304","Greenland","6125","Value","21032","Political stability and absence of violence/terrorism (index)","2020","2020","","1.91","X","Figure from international organizations",""
"FS","Suite of Food Security Indicators","308","Grenada","6123","Value","21013","Average protein supply (g/cap/day) (3-year average)","20192021","2019-2021","g/cap/d","95.2","E","Estimated value",""
"FS","Suite of Food Security Indicators","308","Grenada","6123","Value","21014","Average supply of protein of animal origin (g/cap/day) (3-year average)","20192021","2019-2021","g/cap/d","58.5","E","Estimated value",""
"FS","Suite of Food Security Indicators","308","Grenada","6126","Value","22013","Gross domestic product per capita, PPP, (constant 2017 international $)","2020","2020","Int$/cap","13788.9","X","Figure from international organizations",""
"FS","Suite of Food Security Indicators","308","Grenada","6125","Value","21032","Political stability and absence of violence/terrorism (index)","2020","2020","","1.03","X","Figure from international organizations",""
"FS","Suite of Food Security Indicators","320","Guatemala","6123","Value","21013","Average protein supply (g/cap/day) (3-year average)","20192021","2019-2021","g/cap/d","70.5","E","Estimated value",""
"FS","Suite of Food Security Indicators","320","Guatemala","6123","Value","21014","Average supply of protein of animal origin (g/cap/day) (3-year average)","20192021","2019-2021","g/cap/d","29.1","E","Estimated value",""
"FS","Suite of Food Security Indicators","320","Guatemala","6126","Value","22013","Gross domestic product per capita, PPP, (constant 2017 international $)","2020","2020","Int$/cap","11376.6","X","Figure from international organizations",""
"FS","Suite of Food Security Indicators","320","Guatemala","6125","Value","21032","Political stability and absence of violence/terrorism (index)","2020","2020","","-0.42","X","Figure from international organizations",""
"FS","Suite of Food Security Indicators","324","Guinea","6123","Value","21013","Average protein supply (g/cap/day) (3-year average)","20192021","2019-2021","g/cap/d","57.8","E","Estimated value",""
"FS","Suite of Food Security Indicators","324","Guinea","6123","Value","21014","Average supply of protein of animal origin (g/cap/day) (3-year average)","20192021","2019-2021","g/cap/d","13.6","E","Estimated value",""
"FS","Suite of Food Security Indicators","324","Guinea","6126","Value","22013","Gross domestic product per capita, PPP, (constant 2017 international $)","2020","2020","Int$/cap","3683.8","X","Figure from international organizations",""
"FS","Suite of Food Security Indicators","324","Guinea","6125","Value","21032","Political stability and absence of violence/terrorism (index)","2020","2020","","-0.67","X","Figure from international organizations",""
"FS","Suite of Food Security Indicators","624","Guinea-Bissau","6123","Value","21013","Average protein supply (g/cap/day) (3-year average)","20192021","2019-2021","g/cap/d","48","E","Estimated value",""
"FS","Suite of Food Security Indicators","624","Guinea-Bissau","6123","Value","21014","Average supply of protein of animal origin (g/cap/day) (3-year average)","20192021","2019-2021","g/cap/d","9.6","E","Estimated value",""
"FS","Suite of Food Security Indicators","624","Guinea-Bissau","6126","Value","22013","Gross domestic product per capita, PPP, (constant 2017 international $)","2020","2020","Int$/cap","2131.6","X","Figure from international organizations",""
"FS","Suite of Food Security Indicators","624","Guinea-Bissau","6125","Value","21032","Political stability and absence of violence/terrorism (index)","2020","2020","","-0.72","X","Figure from international organizations",""
"FS","Suite of Food Security Indicators","328","Guyana","6123","Value","21013","Average protein supply (g/cap/day) (3-year average)","20192021","2019-2021","g/cap/d","104.5","E","Estimated value",""
"FS","Suite of Food Security Indicators","328","Guyana","6123","Value","21014","Average supply of protein of animal origin (g/cap/day) (3-year average)","20192021","2019-2021","g/cap/d","49.2","E","Estimated value",""
"FS","Suite of Food Security Indicators","328","Guyana","6126","Value","22013","Gross domestic product per capita, PPP, (constant 2017 international $)","2020","2020","Int$/cap","19482.1","X","Figure from international organizations",""
"FS","Suite of Food Security Indicators","328","Guyana","6125","Value","21032","Political stability and absence of violence/terrorism (index)","2020","2020","","-0.14","X","Figure from international organizations",""
"FS","Suite of Food Security Indicators","332","Haiti","6123","Value","21013","Average protein supply (g/cap/day) (3-year average)","20192021","2019-2021","g/cap/d","48.2","E","Estimated value",""
"FS","Suite of Food Security Indicators","332","Haiti","6123","Value","21014","Average supply of protein of animal origin (g/cap/day) (3-year average)","20192021","2019-2021","g/cap/d","12.9","E","Estimated value",""
"FS","Suite of Food Security Indicators","332","Haiti","6126","Value","22013","Gross domestic product per capita, PPP, (constant 2017 international $)","2020","2020","Int$/cap","3211.5","X","Figure from international organizations",""
"FS","Suite of Food Security Indicators","332","Haiti","6125","Value","21032","Political stability and absence of violence/terrorism (index)","2020","2020","","-1.03","X","Figure from international organizations",""
"FS","Suite of Food Security Indicators","340","Honduras","6123","Value","21013","Average protein supply (g/cap/day) (3-year average)","20192021","2019-2021","g/cap/d","62.1","E","Estimated value",""
"FS","Suite of Food Security Indicators","340","Honduras","6123","Value","21014","Average supply of protein of animal origin (g/cap/day) (3-year average)","20192021","2019-2021","g/cap/d","24.8","E","Estimated value",""
"FS","Suite of Food Security Indicators","340","Honduras","6126","Value","22013","Gross domestic product per capita, PPP, (constant 2017 international $)","2020","2020","Int$/cap","5672.2","X","Figure from international organizations",""
"FS","Suite of Food Security Indicators","340","Honduras","6125","Value","21032","Political stability and absence of violence/terrorism (index)","2020","2020","","-0.45","X","Figure from international organizations",""
"FS","Suite of Food Security Indicators","348","Hungary","6123","Value","21013","Average protein supply (g/cap/day) (3-year average)","20192021","2019-2021","g/cap/d","92.5","E","Estimated value",""
"FS","Suite of Food Security Indicators","348","Hungary","6123","Value","21014","Average supply of protein of animal origin (g/cap/day) (3-year average)","20192021","2019-2021","g/cap/d","56","E","Estimated value",""
"FS","Suite of Food Security Indicators","348","Hungary","6126","Value","22013","Gross domestic product per capita, PPP, (constant 2017 international $)","2020","2020","Int$/cap","35937.8","X","Figure from international organizations",""
"FS","Suite of Food Security Indicators","348","Hungary","6125","Value","21032","Political stability and absence of violence/terrorism (index)","2020","2020","","0.84","X","Figure from international organizations",""
"FS","Suite of Food Security Indicators","352","Iceland","6123","Value","21013","Average protein supply (g/cap/day) (3-year average)","20192021","2019-2021","g/cap/d","151.4","E","Estimated value",""
"FS","Suite of Food Security Indicators","352","Iceland","6123","Value","21014","Average supply of protein of animal origin (g/cap/day) (3-year average)","20192021","2019-2021","g/cap/d","107.7","E","Estimated value",""
"FS","Suite of Food Security Indicators","352","Iceland","6126","Value","22013","Gross domestic product per capita, PPP, (constant 2017 international $)","2020","2020","Int$/cap","59801.9","X","Figure from international organizations",""
"FS","Suite of Food Security Indicators","352","Iceland","6125","Value","21032","Political stability and absence of violence/terrorism (index)","2020","2020","","1.37","X","Figure from international organizations",""
"FS","Suite of Food Security Indicators","356","India","6123","Value","21013","Average protein supply (g/cap/day) (3-year average)","20192021","2019-2021","g/cap/d","69.8","E","Estimated value",""
"FS","Suite of Food Security Indicators","356","India","6123","Value","21014","Average supply of protein of animal origin (g/cap/day) (3-year average)","20192021","2019-2021","g/cap/d","17.7","E","Estimated value",""
"FS","Suite of Food Security Indicators","356","India","6126","Value","22013","Gross domestic product per capita, PPP, (constant 2017 international $)","2020","2020","Int$/cap","7436.1","X","Figure from international organizations",""
"FS","Suite of Food Security Indicators","356","India","6125","Value","21032","Political stability and absence of violence/terrorism (index)","2020","2020","","-0.84","X","Figure from international organizations",""
"FS","Suite of Food Security Indicators","360","Indonesia","6123","Value","21013","Average protein supply (g/cap/day) (3-year average)","20192021","2019-2021","g/cap/d","76.4","E","Estimated value",""
"FS","Suite of Food Security Indicators","360","Indonesia","6123","Value","21014","Average supply of protein of animal origin (g/cap/day) (3-year average)","20192021","2019-2021","g/cap/d","28.2","E","Estimated value",""
"FS","Suite of Food Security Indicators","360","Indonesia","6126","Value","22013","Gross domestic product per capita, PPP, (constant 2017 international $)","2020","2020","Int$/cap","12523.2","X","Figure from international organizations",""
"FS","Suite of Food Security Indicators","360","Indonesia","6125","Value","21032","Political stability and absence of violence/terrorism (index)","2020","2020","","-0.46","X","Figure from international organizations",""
"FS","Suite of Food Security Indicators","364","Iran (Islamic Republic of)","6123","Value","21013","Average protein supply (g/cap/day) (3-year average)","20192021","2019-2021","g/cap/d","82.4","E","Estimated value",""
"FS","Suite of Food Security Indicators","364","Iran (Islamic Republic of)","6123","Value","21014","Average supply of protein of animal origin (g/cap/day) (3-year average)","20192021","2019-2021","g/cap/d","26.8","E","Estimated value",""
"FS","Suite of Food Security Indicators","364","Iran (Islamic Republic of)","6126","Value","22013","Gross domestic product per capita, PPP, (constant 2017 international $)","2020","2020","Int$/cap","14468.6","X","Figure from international organizations",""
"FS","Suite of Food Security Indicators","364","Iran (Islamic Republic of)","6125","Value","21032","Political stability and absence of violence/terrorism (index)","2020","2020","","-1.7","X","Figure from international organizations",""
"FS","Suite of Food Security Indicators","368","Iraq","6123","Value","21013","Average protein supply (g/cap/day) (3-year average)","20192021","2019-2021","g/cap/d","70.9","E","Estimated value",""
"FS","Suite of Food Security Indicators","368","Iraq","6123","Value","21014","Average supply of protein of animal origin (g/cap/day) (3-year average)","20192021","2019-2021","g/cap/d","16.3","E","Estimated value",""
"FS","Suite of Food Security Indicators","368","Iraq","6126","Value","22013","Gross domestic product per capita, PPP, (constant 2017 international $)","2020","2020","Int$/cap","12563.7","X","Figure from international organizations",""
"FS","Suite of Food Security Indicators","368","Iraq","6125","Value","21032","Political stability and absence of violence/terrorism (index)","2020","2020","","-2.47","X","Figure from international organizations",""
"FS","Suite of Food Security Indicators","372","Ireland","6123","Value","21013","Average protein supply (g/cap/day) (3-year average)","20192021","2019-2021","g/cap/d","130.2","E","Estimated value",""
"FS","Suite of Food Security Indicators","372","Ireland","6123","Value","21014","Average supply of protein of animal origin (g/cap/day) (3-year average)","20192021","2019-2021","g/cap/d","86","E","Estimated value",""
"FS","Suite of Food Security Indicators","372","Ireland","6126","Value","22013","Gross domestic product per capita, PPP, (constant 2017 international $)","2020","2020","Int$/cap","100077","X","Figure from international organizations",""
"FS","Suite of Food Security Indicators","372","Ireland","6125","Value","21032","Political stability and absence of violence/terrorism (index)","2020","2020","","0.97","X","Figure from international organizations",""
"FS","Suite of Food Security Indicators","376","Israel","6123","Value","21013","Average protein supply (g/cap/day) (3-year average)","20192021","2019-2021","g/cap/d","133.9","E","Estimated value",""
"FS","Suite of Food Security Indicators","376","Israel","6123","Value","21014","Average supply of protein of animal origin (g/cap/day) (3-year average)","20192021","2019-2021","g/cap/d","79.8","E","Estimated value",""
"FS","Suite of Food Security Indicators","376","Israel","6126","Value","22013","Gross domestic product per capita, PPP, (constant 2017 international $)","2020","2020","Int$/cap","43189.5","X","Figure from international organizations",""
"FS","Suite of Food Security Indicators","376","Israel","6125","Value","21032","Political stability and absence of violence/terrorism (index)","2020","2020","","-0.89","X","Figure from international organizations",""
"FS","Suite of Food Security Indicators","380","Italy","6123","Value","21013","Average protein supply (g/cap/day) (3-year average)","20192021","2019-2021","g/cap/d","116.1","E","Estimated value",""
"FS","Suite of Food Security Indicators","380","Italy","6123","Value","21014","Average supply of protein of animal origin (g/cap/day) (3-year average)","20192021","2019-2021","g/cap/d","68.9","E","Estimated value",""
"FS","Suite of Food Security Indicators","380","Italy","6126","Value","22013","Gross domestic product per capita, PPP, (constant 2017 international $)","2020","2020","Int$/cap","45844.7","X","Figure from international organizations",""
"FS","Suite of Food Security Indicators","380","Italy","6125","Value","21032","Political stability and absence of violence/terrorism (index)","2020","2020","","0.4","X","Figure from international organizations",""
"FS","Suite of Food Security Indicators","388","Jamaica","6123","Value","21013","Average protein supply (g/cap/day) (3-year average)","20192021","2019-2021","g/cap/d","89.7","E","Estimated value",""
"FS","Suite of Food Security Indicators","388","Jamaica","6123","Value","21014","Average supply of protein of animal origin (g/cap/day) (3-year average)","20192021","2019-2021","g/cap/d","47.2","E","Estimated value",""
"FS","Suite of Food Security Indicators","388","Jamaica","6126","Value","22013","Gross domestic product per capita, PPP, (constant 2017 international $)","2020","2020","Int$/cap","9211.8","X","Figure from international organizations",""
"FS","Suite of Food Security Indicators","388","Jamaica","6125","Value","21032","Political stability and absence of violence/terrorism (index)","2020","2020","","0.26","X","Figure from international organizations",""
"FS","Suite of Food Security Indicators","392","Japan","6123","Value","21013","Average protein supply (g/cap/day) (3-year average)","20192021","2019-2021","g/cap/d","92.4","E","Estimated value",""
"FS","Suite of Food Security Indicators","392","Japan","6123","Value","21014","Average supply of protein of animal origin (g/cap/day) (3-year average)","20192021","2019-2021","g/cap/d","51.4","E","Estimated value",""
"FS","Suite of Food Security Indicators","392","Japan","6126","Value","22013","Gross domestic product per capita, PPP, (constant 2017 international $)","2020","2020","Int$/cap","42988.5","X","Figure from international organizations",""
"FS","Suite of Food Security Indicators","392","Japan","6125","Value","21032","Political stability and absence of violence/terrorism (index)","2020","2020","","1.03","X","Figure from international organizations",""
"FS","Suite of Food Security Indicators","400","Jordan","6123","Value","21013","Average protein supply (g/cap/day) (3-year average)","20192021","2019-2021","g/cap/d","70.7","E","Estimated value",""
"FS","Suite of Food Security Indicators","400","Jordan","6123","Value","21014","Average supply of protein of animal origin (g/cap/day) (3-year average)","20192021","2019-2021","g/cap/d","27.7","E","Estimated value",""
"FS","Suite of Food Security Indicators","400","Jordan","6126","Value","22013","Gross domestic product per capita, PPP, (constant 2017 international $)","2020","2020","Int$/cap","8970.2","X","Figure from international organizations",""
"FS","Suite of Food Security Indicators","400","Jordan","6125","Value","21032","Political stability and absence of violence/terrorism (index)","2020","2020","","-0.27","X","Figure from international organizations",""
"FS","Suite of Food Security Indicators","398","Kazakhstan","6123","Value","21013","Average protein supply (g/cap/day) (3-year average)","20192021","2019-2021","g/cap/d","110.4","E","Estimated value",""
"FS","Suite of Food Security Indicators","398","Kazakhstan","6123","Value","21014","Average supply of protein of animal origin (g/cap/day) (3-year average)","20192021","2019-2021","g/cap/d","62.9","E","Estimated value",""
"FS","Suite of Food Security Indicators","398","Kazakhstan","6126","Value","22013","Gross domestic product per capita, PPP, (constant 2017 international $)","2020","2020","Int$/cap","33251.4","X","Figure from international organizations",""
"FS","Suite of Food Security Indicators","398","Kazakhstan","6125","Value","21032","Political stability and absence of violence/terrorism (index)","2020","2020","","-0.26","X","Figure from international organizations",""
"FS","Suite of Food Security Indicators","404","Kenya","6123","Value","21013","Average protein supply (g/cap/day) (3-year average)","20192021","2019-2021","g/cap/d","57.9","E","Estimated value",""
"FS","Suite of Food Security Indicators","404","Kenya","6123","Value","21014","Average supply of protein of animal origin (g/cap/day) (3-year average)","20192021","2019-2021","g/cap/d","15","E","Estimated value",""
"FS","Suite of Food Security Indicators","404","Kenya","6126","Value","22013","Gross domestic product per capita, PPP, (constant 2017 international $)","2020","2020","Int$/cap","5079.9","X","Figure from international organizations",""
"FS","Suite of Food Security Indicators","404","Kenya","6125","Value","21032","Political stability and absence of violence/terrorism (index)","2020","2020","","-1.01","X","Figure from international organizations",""
"FS","Suite of Food Security Indicators","296","Kiribati","6123","Value","21013","Average protein supply (g/cap/day) (3-year average)","20192021","2019-2021","g/cap/d","84.5","E","Estimated value",""
"FS","Suite of Food Security Indicators","296","Kiribati","6123","Value","21014","Average supply of protein of animal origin (g/cap/day) (3-year average)","20192021","2019-2021","g/cap/d","45.7","E","Estimated value",""
"FS","Suite of Food Security Indicators","296","Kiribati","6126","Value","22013","Gross domestic product per capita, PPP, (constant 2017 international $)","2020","2020","Int$/cap","2093.3","X","Figure from international organizations",""
"FS","Suite of Food Security Indicators","296","Kiribati","6125","Value","21032","Political stability and absence of violence/terrorism (index)","2020","2020","","1.16","X","Figure from international organizations",""
"FS","Suite of Food Security Indicators","414","Kuwait","6123","Value","21013","Average protein supply (g/cap/day) (3-year average)","20192021","2019-2021","g/cap/d","111.9","E","Estimated value",""
"FS","Suite of Food Security Indicators","414","Kuwait","6123","Value","21014","Average supply of protein of animal origin (g/cap/day) (3-year average)","20192021","2019-2021","g/cap/d","57.8","E","Estimated value",""
"FS","Suite of Food Security Indicators","414","Kuwait","6126","Value","22013","Gross domestic product per capita, PPP, (constant 2017 international $)","2020","2020","Int$/cap","46380.2","X","Figure from international organizations",""
"FS","Suite of Food Security Indicators","414","Kuwait","6125","Value","21032","Political stability and absence of violence/terrorism (index)","2020","2020","","0.23","X","Figure from international organizations",""
"FS","Suite of Food Security Indicators","417","Kyrgyzstan","6123","Value","21013","Average protein supply (g/cap/day) (3-year average)","20192021","2019-2021","g/cap/d","90.1","E","Estimated value",""
"FS","Suite of Food Security Indicators","417","Kyrgyzstan","6123","Value","21014","Average supply of protein of animal origin (g/cap/day) (3-year average)","20192021","2019-2021","g/cap/d","39.2","E","Estimated value",""
"FS","Suite of Food Security Indicators","417","Kyrgyzstan","6126","Value","22013","Gross domestic product per capita, PPP, (constant 2017 international $)","2020","2020","Int$/cap","5661.3","X","Figure from international organizations",""
"FS","Suite of Food Security Indicators","417","Kyrgyzstan","6125","Value","21032","Political stability and absence of violence/terrorism (index)","2020","2020","","-0.46","X","Figure from international organizations",""
"FS","Suite of Food Security Indicators","418","Lao People's Democratic Republic","6123","Value","21013","Average protein supply (g/cap/day) (3-year average)","20192021","2019-2021","g/cap/d","79.3","E","Estimated value",""
"FS","Suite of Food Security Indicators","418","Lao People's Democratic Republic","6123","Value","21014","Average supply of protein of animal origin (g/cap/day) (3-year average)","20192021","2019-2021","g/cap/d","23","E","Estimated value",""
"FS","Suite of Food Security Indicators","418","Lao People's Democratic Republic","6126","Value","22013","Gross domestic product per capita, PPP, (constant 2017 international $)","2020","2020","Int$/cap","8025.2","X","Figure from international organizations",""
"FS","Suite of Food Security Indicators","418","Lao People's Democratic Republic","6125","Value","21032","Political stability and absence of violence/terrorism (index)","2020","2020","","0.69","X","Figure from international organizations",""
"FS","Suite of Food Security Indicators","428","Latvia","6123","Value","21013","Average protein supply (g/cap/day) (3-year average)","20192021","2019-2021","g/cap/d","106.8","E","Estimated value",""
"FS","Suite of Food Security Indicators","428","Latvia","6123","Value","21014","Average supply of protein of animal origin (g/cap/day) (3-year average)","20192021","2019-2021","g/cap/d","66.8","E","Estimated value",""
"FS","Suite of Food Security Indicators","428","Latvia","6126","Value","22013","Gross domestic product per capita, PPP, (constant 2017 international $)","2020","2020","Int$/cap","34168.9","X","Figure from international organizations",""
"FS","Suite of Food Security Indicators","428","Latvia","6125","Value","21032","Political stability and absence of violence/terrorism (index)","2020","2020","","0.46","X","Figure from international organizations",""
"FS","Suite of Food Security Indicators","422","Lebanon","6123","Value","21013","Average protein supply (g/cap/day) (3-year average)","20192021","2019-2021","g/cap/d","80.9","E","Estimated value",""
"FS","Suite of Food Security Indicators","422","Lebanon","6123","Value","21014","Average supply of protein of animal origin (g/cap/day) (3-year average)","20192021","2019-2021","g/cap/d","30.6","E","Estimated value",""
"FS","Suite of Food Security Indicators","422","Lebanon","6126","Value","22013","Gross domestic product per capita, PPP, (constant 2017 international $)","2020","2020","Int$/cap","12594.6","X","Figure from international organizations",""
"FS","Suite of Food Security Indicators","422","Lebanon","6125","Value","21032","Political stability and absence of violence/terrorism (index)","2020","2020","","-1.62","X","Figure from international organizations",""
"FS","Suite of Food Security Indicators","426","Lesotho","6123","Value","21013","Average protein supply (g/cap/day) (3-year average)","20192021","2019-2021","g/cap/d","50.4","E","Estimated value",""
"FS","Suite of Food Security Indicators","426","Lesotho","6123","Value","21014","Average supply of protein of animal origin (g/cap/day) (3-year average)","20192021","2019-2021","g/cap/d","16.2","E","Estimated value",""
"FS","Suite of Food Security Indicators","426","Lesotho","6126","Value","22013","Gross domestic product per capita, PPP, (constant 2017 international $)","2020","2020","Int$/cap","2440.9","X","Figure from international organizations",""
"FS","Suite of Food Security Indicators","426","Lesotho","6125","Value","21032","Political stability and absence of violence/terrorism (index)","2020","2020","","-0.25","X","Figure from international organizations",""
"FS","Suite of Food Security Indicators","430","Liberia","6123","Value","21013","Average protein supply (g/cap/day) (3-year average)","20192021","2019-2021","g/cap/d","45.4","E","Estimated value",""
"FS","Suite of Food Security Indicators","430","Liberia","6123","Value","21014","Average supply of protein of animal origin (g/cap/day) (3-year average)","20192021","2019-2021","g/cap/d","12.6","E","Estimated value",""
"FS","Suite of Food Security Indicators","430","Liberia","6126","Value","22013","Gross domestic product per capita, PPP, (constant 2017 international $)","2020","2020","Int$/cap","1513.8","X","Figure from international organizations",""
"FS","Suite of Food Security Indicators","430","Liberia","6125","Value","21032","Political stability and absence of violence/terrorism (index)","2020","2020","","-0.31","X","Figure from international organizations",""
"FS","Suite of Food Security Indicators","434","Libya","6123","Value","21013","Average protein supply (g/cap/day) (3-year average)","20192021","2019-2021","g/cap/d","95.1","E","Estimated value",""
"FS","Suite of Food Security Indicators","434","Libya","6123","Value","21014","Average supply of protein of animal origin (g/cap/day) (3-year average)","20192021","2019-2021","g/cap/d","42.8","E","Estimated value",""
"FS","Suite of Food Security Indicators","434","Libya","6126","Value","22013","Gross domestic product per capita, PPP, (constant 2017 international $)","2020","2020","Int$/cap","11660.6","X","Figure from international organizations",""
"FS","Suite of Food Security Indicators","434","Libya","6125","Value","21032","Political stability and absence of violence/terrorism (index)","2020","2020","","-2.46","X","Figure from international organizations",""
"FS","Suite of Food Security Indicators","440","Lithuania","6123","Value","21013","Average protein supply (g/cap/day) (3-year average)","20192021","2019-2021","g/cap/d","125.9","E","Estimated value",""
"FS","Suite of Food Security Indicators","440","Lithuania","6123","Value","21014","Average supply of protein of animal origin (g/cap/day) (3-year average)","20192021","2019-2021","g/cap/d","83.8","E","Estimated value",""
"FS","Suite of Food Security Indicators","440","Lithuania","6126","Value","22013","Gross domestic product per capita, PPP, (constant 2017 international $)","2020","2020","Int$/cap","43758.8","X","Figure from international organizations",""
"FS","Suite of Food Security Indicators","440","Lithuania","6125","Value","21032","Political stability and absence of violence/terrorism (index)","2020","2020","","0.92","X","Figure from international organizations",""
"FS","Suite of Food Security Indicators","442","Luxembourg","6123","Value","21013","Average protein supply (g/cap/day) (3-year average)","20192021","2019-2021","g/cap/d","116","E","Estimated value",""
"FS","Suite of Food Security Indicators","442","Luxembourg","6123","Value","21014","Average supply of protein of animal origin (g/cap/day) (3-year average)","20192021","2019-2021","g/cap/d","73.1","E","Estimated value",""
"FS","Suite of Food Security Indicators","442","Luxembourg","6126","Value","22013","Gross domestic product per capita, PPP, (constant 2017 international $)","2020","2020","Int$/cap","130690","X","Figure from international organizations",""
"FS","Suite of Food Security Indicators","442","Luxembourg","6125","Value","21032","Political stability and absence of violence/terrorism (index)","2020","2020","","1.21","X","Figure from international organizations",""
"FS","Suite of Food Security Indicators","450","Madagascar","6123","Value","21013","Average protein supply (g/cap/day) (3-year average)","20192021","2019-2021","g/cap/d","39.6","E","Estimated value",""
"FS","Suite of Food Security Indicators","450","Madagascar","6123","Value","21014","Average supply of protein of animal origin (g/cap/day) (3-year average)","20192021","2019-2021","g/cap/d","5.5","E","Estimated value",""
"FS","Suite of Food Security Indicators","450","Madagascar","6126","Value","22013","Gross domestic product per capita, PPP, (constant 2017 international $)","2020","2020","Int$/cap","1591.2","X","Figure from international organizations",""
"FS","Suite of Food Security Indicators","450","Madagascar","6125","Value","21032","Political stability and absence of violence/terrorism (index)","2020","2020","","-0.51","X","Figure from international organizations",""
"FS","Suite of Food Security Indicators","454","Malawi","6123","Value","21013","Average protein supply (g/cap/day) (3-year average)","20192021","2019-2021","g/cap/d","66.2","E","Estimated value",""
"FS","Suite of Food Security Indicators","454","Malawi","6123","Value","21014","Average supply of protein of animal origin (g/cap/day) (3-year average)","20192021","2019-2021","g/cap/d","16.2","E","Estimated value",""
"FS","Suite of Food Security Indicators","454","Malawi","6126","Value","22013","Gross domestic product per capita, PPP, (constant 2017 international $)","2020","2020","Int$/cap","1730","X","Figure from international organizations",""
"FS","Suite of Food Security Indicators","454","Malawi","6125","Value","21032","Political stability and absence of violence/terrorism (index)","2020","2020","","-0.12","X","Figure from international organizations",""
"FS","Suite of Food Security Indicators","458","Malaysia","6123","Value","21013","Average protein supply (g/cap/day) (3-year average)","20192021","2019-2021","g/cap/d","91.2","E","Estimated value",""
"FS","Suite of Food Security Indicators","458","Malaysia","6123","Value","21014","Average supply of protein of animal origin (g/cap/day) (3-year average)","20192021","2019-2021","g/cap/d","52.8","E","Estimated value",""
"FS","Suite of Food Security Indicators","458","Malaysia","6126","Value","22013","Gross domestic product per capita, PPP, (constant 2017 international $)","2020","2020","Int$/cap","29815.9","X","Figure from international organizations",""
"FS","Suite of Food Security Indicators","458","Malaysia","6125","Value","21032","Political stability and absence of violence/terrorism (index)","2020","2020","","0.12","X","Figure from international organizations",""
"FS","Suite of Food Security Indicators","462","Maldives","6123","Value","21013","Average protein supply (g/cap/day) (3-year average)","20192021","2019-2021","g/cap/d","95.5","E","Estimated value",""
"FS","Suite of Food Security Indicators","462","Maldives","6123","Value","21014","Average supply of protein of animal origin (g/cap/day) (3-year average)","20192021","2019-2021","g/cap/d","51.4","E","Estimated value",""
"FS","Suite of Food Security Indicators","462","Maldives","6126","Value","22013","Gross domestic product per capita, PPP, (constant 2017 international $)","2020","2020","Int$/cap","13888.8","X","Figure from international organizations",""
"FS","Suite of Food Security Indicators","462","Maldives","6125","Value","21032","Political stability and absence of violence/terrorism (index)","2020","2020","","0.36","X","Figure from international organizations",""
"FS","Suite of Food Security Indicators","466","Mali","6123","Value","21013","Average protein supply (g/cap/day) (3-year average)","20192021","2019-2021","g/cap/d","75.9","E","Estimated value",""
"FS","Suite of Food Security Indicators","466","Mali","6123","Value","21014","Average supply of protein of animal origin (g/cap/day) (3-year average)","20192021","2019-2021","g/cap/d","10.8","E","Estimated value",""
"FS","Suite of Food Security Indicators","466","Mali","6126","Value","22013","Gross domestic product per capita, PPP, (constant 2017 international $)","2020","2020","Int$/cap","2403.1","X","Figure from international organizations",""
"FS","Suite of Food Security Indicators","466","Mali","6125","Value","21032","Political stability and absence of violence/terrorism (index)","2020","2020","","-2.15","X","Figure from international organizations",""
"FS","Suite of Food Security Indicators","470","Malta","6123","Value","21013","Average protein supply (g/cap/day) (3-year average)","20192021","2019-2021","g/cap/d","102.7","E","Estimated value",""
"FS","Suite of Food Security Indicators","470","Malta","6123","Value","21014","Average supply of protein of animal origin (g/cap/day) (3-year average)","20192021","2019-2021","g/cap/d","59.3","E","Estimated value",""
"FS","Suite of Food Security Indicators","470","Malta","6126","Value","22013","Gross domestic product per capita, PPP, (constant 2017 international $)","2020","2020","Int$/cap","47836.3","X","Figure from international organizations",""
"FS","Suite of Food Security Indicators","470","Malta","6125","Value","21032","Political stability and absence of violence/terrorism (index)","2020","2020","","1","X","Figure from international organizations",""
"FS","Suite of Food Security Indicators","584","Marshall Islands","6123","Value","21013","Average protein supply (g/cap/day) (3-year average)","20192021","2019-2021","g/cap/d","106.4","E","Estimated value",""
"FS","Suite of Food Security Indicators","584","Marshall Islands","6123","Value","21014","Average supply of protein of animal origin (g/cap/day) (3-year average)","20192021","2019-2021","g/cap/d","61.4","E","Estimated value",""
"FS","Suite of Food Security Indicators","584","Marshall Islands","6126","Value","22013","Gross domestic product per capita, PPP, (constant 2017 international $)","2020","2020","Int$/cap","6317","X","Figure from international organizations",""
"FS","Suite of Food Security Indicators","584","Marshall Islands","6125","Value","21032","Political stability and absence of violence/terrorism (index)","2020","2020","","0.98","X","Figure from international organizations",""
"FS","Suite of Food Security Indicators","478","Mauritania","6123","Value","21013","Average protein supply (g/cap/day) (3-year average)","20192021","2019-2021","g/cap/d","86.6","E","Estimated value",""
"FS","Suite of Food Security Indicators","478","Mauritania","6123","Value","21014","Average supply of protein of animal origin (g/cap/day) (3-year average)","20192021","2019-2021","g/cap/d","32.6","E","Estimated value",""
"FS","Suite of Food Security Indicators","478","Mauritania","6126","Value","22013","Gross domestic product per capita, PPP, (constant 2017 international $)","2020","2020","Int$/cap","6097.8","X","Figure from international organizations",""
"FS","Suite of Food Security Indicators","478","Mauritania","6125","Value","21032","Political stability and absence of violence/terrorism (index)","2020","2020","","-0.7","X","Figure from international organizations",""
"FS","Suite of Food Security Indicators","480","Mauritius","6123","Value","21013","Average protein supply (g/cap/day) (3-year average)","20192021","2019-2021","g/cap/d","96.1","E","Estimated value",""
"FS","Suite of Food Security Indicators","480","Mauritius","6123","Value","21014","Average supply of protein of animal origin (g/cap/day) (3-year average)","20192021","2019-2021","g/cap/d","47.1","E","Estimated value",""
"FS","Suite of Food Security Indicators","480","Mauritius","6126","Value","22013","Gross domestic product per capita, PPP, (constant 2017 international $)","2020","2020","Int$/cap","21994.7","X","Figure from international organizations",""
"FS","Suite of Food Security Indicators","480","Mauritius","6125","Value","21032","Political stability and absence of violence/terrorism (index)","2020","2020","","0.87","X","Figure from international organizations",""
"FS","Suite of Food Security Indicators","484","Mexico","6123","Value","21013","Average protein supply (g/cap/day) (3-year average)","20192021","2019-2021","g/cap/d","98.5","E","Estimated value",""
"FS","Suite of Food Security Indicators","484","Mexico","6123","Value","21014","Average supply of protein of animal origin (g/cap/day) (3-year average)","20192021","2019-2021","g/cap/d","55","E","Estimated value",""
"FS","Suite of Food Security Indicators","484","Mexico","6126","Value","22013","Gross domestic product per capita, PPP, (constant 2017 international $)","2020","2020","Int$/cap","20070.5","X","Figure from international organizations",""
"FS","Suite of Food Security Indicators","484","Mexico","6125","Value","21032","Political stability and absence of violence/terrorism (index)","2020","2020","","-0.79","X","Figure from international organizations",""
"FS","Suite of Food Security Indicators","583","Micronesia (Federated States of)","6123","Value","21013","Average protein supply (g/cap/day) (3-year average)","20192021","2019-2021","g/cap/d","76.9","E","Estimated value",""
"FS","Suite of Food Security Indicators","583","Micronesia (Federated States of)","6123","Value","21014","Average supply of protein of animal origin (g/cap/day) (3-year average)","20192021","2019-2021","g/cap/d","46.6","E","Estimated value",""
"FS","Suite of Food Security Indicators","583","Micronesia (Federated States of)","6126","Value","22013","Gross domestic product per capita, PPP, (constant 2017 international $)","2020","2020","Int$/cap","3774.4","X","Figure from international organizations",""
"FS","Suite of Food Security Indicators","583","Micronesia (Federated States of)","6125","Value","21032","Political stability and absence of violence/terrorism (index)","2020","2020","","1.12","X","Figure from international organizations",""
"FS","Suite of Food Security Indicators","496","Mongolia","6123","Value","21013","Average protein supply (g/cap/day) (3-year average)","20192021","2019-2021","g/cap/d","124.2","E","Estimated value",""
"FS","Suite of Food Security Indicators","496","Mongolia","6123","Value","21014","Average supply of protein of animal origin (g/cap/day) (3-year average)","20192021","2019-2021","g/cap/d","87.9","E","Estimated value",""
"FS","Suite of Food Security Indicators","496","Mongolia","6126","Value","22013","Gross domestic product per capita, PPP, (constant 2017 international $)","2020","2020","Int$/cap","14949","X","Figure from international organizations",""
"FS","Suite of Food Security Indicators","496","Mongolia","6125","Value","21032","Political stability and absence of violence/terrorism (index)","2020","2020","","0.72","X","Figure from international organizations",""
"FS","Suite of Food Security Indicators","499","Montenegro","6123","Value","21013","Average protein supply (g/cap/day) (3-year average)","20192021","2019-2021","g/cap/d","123.4","E","Estimated value",""
"FS","Suite of Food Security Indicators","499","Montenegro","6123","Value","21014","Average supply of protein of animal origin (g/cap/day) (3-year average)","20192021","2019-2021","g/cap/d","74.5","E","Estimated value",""
"FS","Suite of Food Security Indicators","499","Montenegro","6126","Value","22013","Gross domestic product per capita, PPP, (constant 2017 international $)","2020","2020","Int$/cap","21609.9","X","Figure from international organizations",""
"FS","Suite of Food Security Indicators","499","Montenegro","6125","Value","21032","Political stability and absence of violence/terrorism (index)","2020","2020","","-0.06","X","Figure from international organizations",""
"FS","Suite of Food Security Indicators","504","Morocco","6123","Value","21013","Average protein supply (g/cap/day) (3-year average)","20192021","2019-2021","g/cap/d","100.5","E","Estimated value",""
"FS","Suite of Food Security Indicators","504","Morocco","6123","Value","21014","Average supply of protein of animal origin (g/cap/day) (3-year average)","20192021","2019-2021","g/cap/d","30.7","E","Estimated value",""
"FS","Suite of Food Security Indicators","504","Morocco","6126","Value","22013","Gross domestic product per capita, PPP, (constant 2017 international $)","2020","2020","Int$/cap","8028.9","X","Figure from international organizations",""
"FS","Suite of Food Security Indicators","504","Morocco","6125","Value","21032","Political stability and absence of violence/terrorism (index)","2020","2020","","-0.36","X","Figure from international organizations",""
"FS","Suite of Food Security Indicators","508","Mozambique","6123","Value","21013","Average protein supply (g/cap/day) (3-year average)","20192021","2019-2021","g/cap/d","44.9","E","Estimated value",""
"FS","Suite of Food Security Indicators","508","Mozambique","6123","Value","21014","Average supply of protein of animal origin (g/cap/day) (3-year average)","20192021","2019-2021","g/cap/d","8.8","E","Estimated value",""
"FS","Suite of Food Security Indicators","508","Mozambique","6126","Value","22013","Gross domestic product per capita, PPP, (constant 2017 international $)","2020","2020","Int$/cap","1447.6","X","Figure from international organizations",""
"FS","Suite of Food Security Indicators","508","Mozambique","6125","Value","21032","Political stability and absence of violence/terrorism (index)","2020","2020","","-1.28","X","Figure from international organizations",""
"FS","Suite of Food Security Indicators","104","Myanmar","6123","Value","21013","Average protein supply (g/cap/day) (3-year average)","20192021","2019-2021","g/cap/d","85.7","E","Estimated value",""
"FS","Suite of Food Security Indicators","104","Myanmar","6123","Value","21014","Average supply of protein of animal origin (g/cap/day) (3-year average)","20192021","2019-2021","g/cap/d","30.6","E","Estimated value",""
"FS","Suite of Food Security Indicators","104","Myanmar","6126","Value","22013","Gross domestic product per capita, PPP, (constant 2017 international $)","2020","2020","Int$/cap","5881.7","X","Figure from international organizations",""
"FS","Suite of Food Security Indicators","104","Myanmar","6125","Value","21032","Political stability and absence of violence/terrorism (index)","2020","2020","","-1.51","X","Figure from international organizations",""
"FS","Suite of Food Security Indicators","516","Namibia","6123","Value","21013","Average protein supply (g/cap/day) (3-year average)","20192021","2019-2021","g/cap/d","69.2","E","Estimated value",""
"FS","Suite of Food Security Indicators","516","Namibia","6123","Value","21014","Average supply of protein of animal origin (g/cap/day) (3-year average)","20192021","2019-2021","g/cap/d","24.7","E","Estimated value",""
"FS","Suite of Food Security Indicators","516","Namibia","6126","Value","22013","Gross domestic product per capita, PPP, (constant 2017 international $)","2020","2020","Int$/cap","10627.1","X","Figure from international organizations",""
"FS","Suite of Food Security Indicators","516","Namibia","6125","Value","21032","Political stability and absence of violence/terrorism (index)","2020","2020","","0.51","X","Figure from international organizations",""
"FS","Suite of Food Security Indicators","520","Nauru","6123","Value","21013","Average protein supply (g/cap/day) (3-year average)","20192021","2019-2021","g/cap/d","110.8","E","Estimated value",""
"FS","Suite of Food Security Indicators","520","Nauru","6123","Value","21014","Average supply of protein of animal origin (g/cap/day) (3-year average)","20192021","2019-2021","g/cap/d","72.2","E","Estimated value",""
"FS","Suite of Food Security Indicators","520","Nauru","6126","Value","22013","Gross domestic product per capita, PPP, (constant 2017 international $)","2020","2020","Int$/cap","11931.6","X","Figure from international organizations",""
"FS","Suite of Food Security Indicators","520","Nauru","6125","Value","21032","Political stability and absence of violence/terrorism (index)","2020","2020","","0.78","X","Figure from international organizations",""
"FS","Suite of Food Security Indicators","524","Nepal","6123","Value","21013","Average protein supply (g/cap/day) (3-year average)","20192021","2019-2021","g/cap/d","82.3","E","Estimated value",""
"FS","Suite of Food Security Indicators","524","Nepal","6123","Value","21014","Average supply of protein of animal origin (g/cap/day) (3-year average)","20192021","2019-2021","g/cap/d","17.1","E","Estimated value",""
"FS","Suite of Food Security Indicators","524","Nepal","6126","Value","22013","Gross domestic product per capita, PPP, (constant 2017 international $)","2020","2020","Int$/cap","4355.1","X","Figure from international organizations",""
"FS","Suite of Food Security Indicators","524","Nepal","6125","Value","21032","Political stability and absence of violence/terrorism (index)","2020","2020","","-0.18","X","Figure from international organizations",""
"FS","Suite of Food Security Indicators","528","Netherlands (Kingdom of the)","6123","Value","21013","Average protein supply (g/cap/day) (3-year average)","20192021","2019-2021","g/cap/d","111.6","E","Estimated value",""
"FS","Suite of Food Security Indicators","528","Netherlands (Kingdom of the)","6123","Value","21014","Average supply of protein of animal origin (g/cap/day) (3-year average)","20192021","2019-2021","g/cap/d","72.5","E","Estimated value",""
"FS","Suite of Food Security Indicators","528","Netherlands (Kingdom of the)","6126","Value","22013","Gross domestic product per capita, PPP, (constant 2017 international $)","2020","2020","Int$/cap","64080.8","X","Figure from international organizations",""
"FS","Suite of Food Security Indicators","528","Netherlands (Kingdom of the)","6125","Value","21032","Political stability and absence of violence/terrorism (index)","2020","2020","","0.83","X","Figure from international organizations",""
"FS","Suite of Food Security Indicators","540","New Caledonia","6123","Value","21013","Average protein supply (g/cap/day) (3-year average)","20192021","2019-2021","g/cap/d","101.8","E","Estimated value",""
"FS","Suite of Food Security Indicators","540","New Caledonia","6123","Value","21014","Average supply of protein of animal origin (g/cap/day) (3-year average)","20192021","2019-2021","g/cap/d","59.9","E","Estimated value",""
"FS","Suite of Food Security Indicators","554","New Zealand","6123","Value","21013","Average protein supply (g/cap/day) (3-year average)","20192021","2019-2021","g/cap/d","100.3","E","Estimated value",""
"FS","Suite of Food Security Indicators","554","New Zealand","6123","Value","21014","Average supply of protein of animal origin (g/cap/day) (3-year average)","20192021","2019-2021","g/cap/d","58.1","E","Estimated value",""
"FS","Suite of Food Security Indicators","554","New Zealand","6126","Value","22013","Gross domestic product per capita, PPP, (constant 2017 international $)","2020","2020","Int$/cap","46361.9","X","Figure from international organizations",""
"FS","Suite of Food Security Indicators","554","New Zealand","6125","Value","21032","Political stability and absence of violence/terrorism (index)","2020","2020","","1.47","X","Figure from international organizations",""
"FS","Suite of Food Security Indicators","558","Nicaragua","6123","Value","21013","Average protein supply (g/cap/day) (3-year average)","20192021","2019-2021","g/cap/d","70","E","Estimated value",""
"FS","Suite of Food Security Indicators","558","Nicaragua","6123","Value","21014","Average supply of protein of animal origin (g/cap/day) (3-year average)","20192021","2019-2021","g/cap/d","28","E","Estimated value",""
"FS","Suite of Food Security Indicators","558","Nicaragua","6126","Value","22013","Gross domestic product per capita, PPP, (constant 2017 international $)","2020","2020","Int$/cap","6317.3","X","Figure from international organizations",""
"FS","Suite of Food Security Indicators","558","Nicaragua","6125","Value","21032","Political stability and absence of violence/terrorism (index)","2020","2020","","-0.59","X","Figure from international organizations",""
"FS","Suite of Food Security Indicators","562","Niger","6123","Value","21013","Average protein supply (g/cap/day) (3-year average)","20192021","2019-2021","g/cap/d","88.3","E","Estimated value",""
"FS","Suite of Food Security Indicators","562","Niger","6123","Value","21014","Average supply of protein of animal origin (g/cap/day) (3-year average)","20192021","2019-2021","g/cap/d","10.2","E","Estimated value",""
"FS","Suite of Food Security Indicators","562","Niger","6126","Value","22013","Gross domestic product per capita, PPP, (constant 2017 international $)","2020","2020","Int$/cap","1574.8","X","Figure from international organizations",""
"FS","Suite of Food Security Indicators","562","Niger","6125","Value","21032","Political stability and absence of violence/terrorism (index)","2020","2020","","-1.67","X","Figure from international organizations",""
"FS","Suite of Food Security Indicators","566","Nigeria","6123","Value","21013","Average protein supply (g/cap/day) (3-year average)","20192021","2019-2021","g/cap/d","60.5","E","Estimated value",""
"FS","Suite of Food Security Indicators","566","Nigeria","6123","Value","21014","Average supply of protein of animal origin (g/cap/day) (3-year average)","20192021","2019-2021","g/cap/d","7.4","E","Estimated value",""
"FS","Suite of Food Security Indicators","566","Nigeria","6126","Value","22013","Gross domestic product per capita, PPP, (constant 2017 international $)","2020","2020","Int$/cap","5557.9","X","Figure from international organizations",""
"FS","Suite of Food Security Indicators","566","Nigeria","6125","Value","21032","Political stability and absence of violence/terrorism (index)","2020","2020","","-1.89","X","Figure from international organizations",""
"FS","Suite of Food Security Indicators","807","North Macedonia","6123","Value","21013","Average protein supply (g/cap/day) (3-year average)","20192021","2019-2021","g/cap/d","91.6","E","Estimated value",""
"FS","Suite of Food Security Indicators","807","North Macedonia","6123","Value","21014","Average supply of protein of animal origin (g/cap/day) (3-year average)","20192021","2019-2021","g/cap/d","39.8","E","Estimated value",""
"FS","Suite of Food Security Indicators","807","North Macedonia","6126","Value","22013","Gross domestic product per capita, PPP, (constant 2017 international $)","2020","2020","Int$/cap","18796.4","X","Figure from international organizations",""
"FS","Suite of Food Security Indicators","807","North Macedonia","6125","Value","21032","Political stability and absence of violence/terrorism (index)","2020","2020","","0.11","X","Figure from international organizations",""
"FS","Suite of Food Security Indicators","578","Norway","6123","Value","21013","Average protein supply (g/cap/day) (3-year average)","20192021","2019-2021","g/cap/d","129.5","E","Estimated value",""
"FS","Suite of Food Security Indicators","578","Norway","6123","Value","21014","Average supply of protein of animal origin (g/cap/day) (3-year average)","20192021","2019-2021","g/cap/d","70.1","E","Estimated value",""
"FS","Suite of Food Security Indicators","578","Norway","6126","Value","22013","Gross domestic product per capita, PPP, (constant 2017 international $)","2020","2020","Int$/cap","84071.8","X","Figure from international organizations",""
"FS","Suite of Food Security Indicators","578","Norway","6125","Value","21032","Political stability and absence of violence/terrorism (index)","2020","2020","","1.22","X","Figure from international organizations",""
"FS","Suite of Food Security Indicators","512","Oman","6123","Value","21013","Average protein supply (g/cap/day) (3-year average)","20192021","2019-2021","g/cap/d","92.5","E","Estimated value",""
"FS","Suite of Food Security Indicators","512","Oman","6123","Value","21014","Average supply of protein of animal origin (g/cap/day) (3-year average)","20192021","2019-2021","g/cap/d","51.8","E","Estimated value",""
"FS","Suite of Food Security Indicators","512","Oman","6126","Value","22013","Gross domestic product per capita, PPP, (constant 2017 international $)","2020","2020","Int$/cap","37572.7","X","Figure from international organizations",""
"FS","Suite of Food Security Indicators","512","Oman","6125","Value","21032","Political stability and absence of violence/terrorism (index)","2020","2020","","0.42","X","Figure from international organizations",""
"FS","Suite of Food Security Indicators","586","Pakistan","6123","Value","21013","Average protein supply (g/cap/day) (3-year average)","20192021","2019-2021","g/cap/d","70.4","E","Estimated value",""
"FS","Suite of Food Security Indicators","586","Pakistan","6123","Value","21014","Average supply of protein of animal origin (g/cap/day) (3-year average)","20192021","2019-2021","g/cap/d","29.4","E","Estimated value",""
"FS","Suite of Food Security Indicators","586","Pakistan","6126","Value","22013","Gross domestic product per capita, PPP, (constant 2017 international $)","2020","2020","Int$/cap","5311.4","X","Figure from international organizations",""
"FS","Suite of Food Security Indicators","586","Pakistan","6125","Value","21032","Political stability and absence of violence/terrorism (index)","2020","2020","","-1.79","X","Figure from international organizations",""
"FS","Suite of Food Security Indicators","585","Palau","6123","Value","21013","Average protein supply (g/cap/day) (3-year average)","20192021","2019-2021","g/cap/d","95.2","E","Estimated value",""
"FS","Suite of Food Security Indicators","585","Palau","6123","Value","21014","Average supply of protein of animal origin (g/cap/day) (3-year average)","20192021","2019-2021","g/cap/d","64.7","E","Estimated value",""
"FS","Suite of Food Security Indicators","585","Palau","6126","Value","22013","Gross domestic product per capita, PPP, (constant 2017 international $)","2020","2020","Int$/cap","18101.7","X","Figure from international organizations",""
"FS","Suite of Food Security Indicators","585","Palau","6125","Value","21032","Political stability and absence of violence/terrorism (index)","2020","2020","","1.17","X","Figure from international organizations",""
"FS","Suite of Food Security Indicators","275","Palestine","6123","Value","21013","Average protein supply (g/cap/day) (3-year average)","20192021","2019-2021","g/cap/d","54","E","Estimated value",""
"FS","Suite of Food Security Indicators","275","Palestine","6123","Value","21014","Average supply of protein of animal origin (g/cap/day) (3-year average)","20192021","2019-2021","g/cap/d","17","E","Estimated value",""
"FS","Suite of Food Security Indicators","275","Palestine","6126","Value","22013","Gross domestic product per capita, PPP, (constant 2017 international $)","2020","2020","Int$/cap","5423.7","X","Figure from international organizations",""
"FS","Suite of Food Security Indicators","275","Palestine","6125","Value","21032","Political stability and absence of violence/terrorism (index)","2020","2020","","-2.02","X","Figure from international organizations",""
"FS","Suite of Food Security Indicators","591","Panama","6123","Value","21013","Average protein supply (g/cap/day) (3-year average)","20192021","2019-2021","g/cap/d","95.7","E","Estimated value",""
"FS","Suite of Food Security Indicators","591","Panama","6123","Value","21014","Average supply of protein of animal origin (g/cap/day) (3-year average)","20192021","2019-2021","g/cap/d","56.1","E","Estimated value",""
"FS","Suite of Food Security Indicators","591","Panama","6126","Value","22013","Gross domestic product per capita, PPP, (constant 2017 international $)","2020","2020","Int$/cap","27025.3","X","Figure from international organizations",""
"FS","Suite of Food Security Indicators","591","Panama","6125","Value","21032","Political stability and absence of violence/terrorism (index)","2020","2020","","0.24","X","Figure from international organizations",""
"FS","Suite of Food Security Indicators","598","Papua New Guinea","6123","Value","21013","Average protein supply (g/cap/day) (3-year average)","20192021","2019-2021","g/cap/d","63.1","E","Estimated value",""
"FS","Suite of Food Security Indicators","598","Papua New Guinea","6123","Value","21014","Average supply of protein of animal origin (g/cap/day) (3-year average)","20192021","2019-2021","g/cap/d","32.9","E","Estimated value",""
"FS","Suite of Food Security Indicators","598","Papua New Guinea","6126","Value","22013","Gross domestic product per capita, PPP, (constant 2017 international $)","2020","2020","Int$/cap","4128.8","X","Figure from international organizations",""
"FS","Suite of Food Security Indicators","598","Papua New Guinea","6125","Value","21032","Political stability and absence of violence/terrorism (index)","2020","2020","","-0.65","X","Figure from international organizations",""
"FS","Suite of Food Security Indicators","600","Paraguay","6123","Value","21013","Average protein supply (g/cap/day) (3-year average)","20192021","2019-2021","g/cap/d","75.6","E","Estimated value",""
"FS","Suite of Food Security Indicators","600","Paraguay","6123","Value","21014","Average supply of protein of animal origin (g/cap/day) (3-year average)","20192021","2019-2021","g/cap/d","33","E","Estimated value",""
"FS","Suite of Food Security Indicators","600","Paraguay","6126","Value","22013","Gross domestic product per capita, PPP, (constant 2017 international $)","2020","2020","Int$/cap","14957.8","X","Figure from international organizations",""
"FS","Suite of Food Security Indicators","600","Paraguay","6125","Value","21032","Political stability and absence of violence/terrorism (index)","2020","2020","","0.02","X","Figure from international organizations",""
"FS","Suite of Food Security Indicators","604","Peru","6123","Value","21013","Average protein supply (g/cap/day) (3-year average)","20192021","2019-2021","g/cap/d","88.2","E","Estimated value",""
"FS","Suite of Food Security Indicators","604","Peru","6123","Value","21014","Average supply of protein of animal origin (g/cap/day) (3-year average)","20192021","2019-2021","g/cap/d","42.7","E","Estimated value",""
"FS","Suite of Food Security Indicators","604","Peru","6126","Value","22013","Gross domestic product per capita, PPP, (constant 2017 international $)","2020","2020","Int$/cap","13257.9","X","Figure from international organizations",""
"FS","Suite of Food Security Indicators","604","Peru","6125","Value","21032","Political stability and absence of violence/terrorism (index)","2020","2020","","-0.36","X","Figure from international organizations",""
"FS","Suite of Food Security Indicators","608","Philippines","6123","Value","21013","Average protein supply (g/cap/day) (3-year average)","20192021","2019-2021","g/cap/d","75.8","E","Estimated value",""
"FS","Suite of Food Security Indicators","608","Philippines","6123","Value","21014","Average supply of protein of animal origin (g/cap/day) (3-year average)","20192021","2019-2021","g/cap/d","28.9","E","Estimated value",""
"FS","Suite of Food Security Indicators","608","Philippines","6126","Value","22013","Gross domestic product per capita, PPP, (constant 2017 international $)","2020","2020","Int$/cap","8446.9","X","Figure from international organizations",""
"FS","Suite of Food Security Indicators","608","Philippines","6125","Value","21032","Political stability and absence of violence/terrorism (index)","2020","2020","","-0.78","X","Figure from international organizations",""
"FS","Suite of Food Security Indicators","616","Poland","6123","Value","21013","Average protein supply (g/cap/day) (3-year average)","20192021","2019-2021","g/cap/d","116.5","E","Estimated value",""
"FS","Suite of Food Security Indicators","616","Poland","6123","Value","21014","Average supply of protein of animal origin (g/cap/day) (3-year average)","20192021","2019-2021","g/cap/d","70.6","E","Estimated value",""
"FS","Suite of Food Security Indicators","616","Poland","6126","Value","22013","Gross domestic product per capita, PPP, (constant 2017 international $)","2020","2020","Int$/cap","37686.9","X","Figure from international organizations",""
"FS","Suite of Food Security Indicators","616","Poland","6125","Value","21032","Political stability and absence of violence/terrorism (index)","2020","2020","","0.49","X","Figure from international organizations",""
"FS","Suite of Food Security Indicators","620","Portugal","6123","Value","21013","Average protein supply (g/cap/day) (3-year average)","20192021","2019-2021","g/cap/d","118.6","E","Estimated value",""
"FS","Suite of Food Security Indicators","620","Portugal","6123","Value","21014","Average supply of protein of animal origin (g/cap/day) (3-year average)","20192021","2019-2021","g/cap/d","77.8","E","Estimated value",""
"FS","Suite of Food Security Indicators","620","Portugal","6126","Value","22013","Gross domestic product per capita, PPP, (constant 2017 international $)","2020","2020","Int$/cap","36909.2","X","Figure from international organizations",""
"FS","Suite of Food Security Indicators","620","Portugal","6125","Value","21032","Political stability and absence of violence/terrorism (index)","2020","2020","","1.01","X","Figure from international organizations",""
"FS","Suite of Food Security Indicators","630","Puerto Rico","6126","Value","22013","Gross domestic product per capita, PPP, (constant 2017 international $)","2020","2020","Int$/cap","40131.1","X","Figure from international organizations",""
"FS","Suite of Food Security Indicators","630","Puerto Rico","6125","Value","21032","Political stability and absence of violence/terrorism (index)","2020","2020","","0.44","X","Figure from international organizations",""
"FS","Suite of Food Security Indicators","634","Qatar","6123","Value","21013","Average protein supply (g/cap/day) (3-year average)","20192021","2019-2021","g/cap/d","117","E","Estimated value",""
"FS","Suite of Food Security Indicators","634","Qatar","6123","Value","21014","Average supply of protein of animal origin (g/cap/day) (3-year average)","20192021","2019-2021","g/cap/d","57.9","E","Estimated value",""
"FS","Suite of Food Security Indicators","634","Qatar","6126","Value","22013","Gross domestic product per capita, PPP, (constant 2017 international $)","2020","2020","Int$/cap","104323","X","Figure from international organizations",""
"FS","Suite of Food Security Indicators","634","Qatar","6125","Value","21032","Political stability and absence of violence/terrorism (index)","2020","2020","","0.67","X","Figure from international organizations",""
"FS","Suite of Food Security Indicators","410","Republic of Korea","6123","Value","21013","Average protein supply (g/cap/day) (3-year average)","20192021","2019-2021","g/cap/d","107.4","E","Estimated value",""
"FS","Suite of Food Security Indicators","410","Republic of Korea","6123","Value","21014","Average supply of protein of animal origin (g/cap/day) (3-year average)","20192021","2019-2021","g/cap/d","60.7","E","Estimated value",""
"FS","Suite of Food Security Indicators","410","Republic of Korea","6126","Value","22013","Gross domestic product per capita, PPP, (constant 2017 international $)","2020","2020","Int$/cap","46506.9","X","Figure from international organizations",""
"FS","Suite of Food Security Indicators","410","Republic of Korea","6125","Value","21032","Political stability and absence of violence/terrorism (index)","2020","2020","","0.61","X","Figure from international organizations",""
"FS","Suite of Food Security Indicators","498","Republic of Moldova","6123","Value","21013","Average protein supply (g/cap/day) (3-year average)","20192021","2019-2021","g/cap/d","91.6","E","Estimated value",""
"FS","Suite of Food Security Indicators","498","Republic of Moldova","6123","Value","21014","Average supply of protein of animal origin (g/cap/day) (3-year average)","20192021","2019-2021","g/cap/d","45.7","E","Estimated value",""
"FS","Suite of Food Security Indicators","498","Republic of Moldova","6126","Value","22013","Gross domestic product per capita, PPP, (constant 2017 international $)","2020","2020","Int$/cap","13559.3","X","Figure from international organizations",""
"FS","Suite of Food Security Indicators","498","Republic of Moldova","6125","Value","21032","Political stability and absence of violence/terrorism (index)","2020","2020","","-0.34","X","Figure from international organizations",""
"FS","Suite of Food Security Indicators","642","Romania","6123","Value","21013","Average protein supply (g/cap/day) (3-year average)","20192021","2019-2021","g/cap/d","109.8","E","Estimated value",""
"FS","Suite of Food Security Indicators","642","Romania","6123","Value","21014","Average supply of protein of animal origin (g/cap/day) (3-year average)","20192021","2019-2021","g/cap/d","59.6","E","Estimated value",""
"FS","Suite of Food Security Indicators","642","Romania","6126","Value","22013","Gross domestic product per capita, PPP, (constant 2017 international $)","2020","2020","Int$/cap","35653.4","X","Figure from international organizations",""
"FS","Suite of Food Security Indicators","642","Romania","6125","Value","21032","Political stability and absence of violence/terrorism (index)","2020","2020","","0.51","X","Figure from international organizations",""
"FS","Suite of Food Security Indicators","643","Russian Federation","6123","Value","21013","Average protein supply (g/cap/day) (3-year average)","20192021","2019-2021","g/cap/d","113.2","E","Estimated value",""
"FS","Suite of Food Security Indicators","643","Russian Federation","6123","Value","21014","Average supply of protein of animal origin (g/cap/day) (3-year average)","20192021","2019-2021","g/cap/d","62.8","E","Estimated value",""
"FS","Suite of Food Security Indicators","643","Russian Federation","6126","Value","22013","Gross domestic product per capita, PPP, (constant 2017 international $)","2020","2020","Int$/cap","36928.7","X","Figure from international organizations",""
"FS","Suite of Food Security Indicators","643","Russian Federation","6125","Value","21032","Political stability and absence of violence/terrorism (index)","2020","2020","","-0.67","X","Figure from international organizations",""
"FS","Suite of Food Security Indicators","646","Rwanda","6123","Value","21013","Average protein supply (g/cap/day) (3-year average)","20192021","2019-2021","g/cap/d","56.8","E","Estimated value",""
"FS","Suite of Food Security Indicators","646","Rwanda","6123","Value","21014","Average supply of protein of animal origin (g/cap/day) (3-year average)","20192021","2019-2021","g/cap/d","7.2","E","Estimated value",""
"FS","Suite of Food Security Indicators","646","Rwanda","6126","Value","22013","Gross domestic product per capita, PPP, (constant 2017 international $)","2020","2020","Int$/cap","2499","X","Figure from international organizations",""
"FS","Suite of Food Security Indicators","646","Rwanda","6125","Value","21032","Political stability and absence of violence/terrorism (index)","2020","2020","","0.07","X","Figure from international organizations",""
"FS","Suite of Food Security Indicators","659","Saint Kitts and Nevis","6123","Value","21013","Average protein supply (g/cap/day) (3-year average)","20192021","2019-2021","g/cap/d","95.4","E","Estimated value",""
"FS","Suite of Food Security Indicators","659","Saint Kitts and Nevis","6123","Value","21014","Average supply of protein of animal origin (g/cap/day) (3-year average)","20192021","2019-2021","g/cap/d","59.9","E","Estimated value",""
"FS","Suite of Food Security Indicators","659","Saint Kitts and Nevis","6126","Value","22013","Gross domestic product per capita, PPP, (constant 2017 international $)","2020","2020","Int$/cap","26636.9","X","Figure from international organizations",""
"FS","Suite of Food Security Indicators","659","Saint Kitts and Nevis","6125","Value","21032","Political stability and absence of violence/terrorism (index)","2020","2020","","0.93","X","Figure from international organizations",""
"FS","Suite of Food Security Indicators","662","Saint Lucia","6123","Value","21013","Average protein supply (g/cap/day) (3-year average)","20192021","2019-2021","g/cap/d","101.7","E","Estimated value",""
"FS","Suite of Food Security Indicators","662","Saint Lucia","6123","Value","21014","Average supply of protein of animal origin (g/cap/day) (3-year average)","20192021","2019-2021","g/cap/d","62.3","E","Estimated value",""
"FS","Suite of Food Security Indicators","662","Saint Lucia","6126","Value","22013","Gross domestic product per capita, PPP, (constant 2017 international $)","2020","2020","Int$/cap","17804.5","X","Figure from international organizations",""
"FS","Suite of Food Security Indicators","662","Saint Lucia","6125","Value","21032","Political stability and absence of violence/terrorism (index)","2020","2020","","0.86","X","Figure from international organizations",""
"FS","Suite of Food Security Indicators","670","Saint Vincent and the Grenadines","6123","Value","21013","Average protein supply (g/cap/day) (3-year average)","20192021","2019-2021","g/cap/d","112.8","E","Estimated value",""
"FS","Suite of Food Security Indicators","670","Saint Vincent and the Grenadines","6123","Value","21014","Average supply of protein of animal origin (g/cap/day) (3-year average)","20192021","2019-2021","g/cap/d","64.6","E","Estimated value",""
"FS","Suite of Food Security Indicators","670","Saint Vincent and the Grenadines","6126","Value","22013","Gross domestic product per capita, PPP, (constant 2017 international $)","2020","2020","Int$/cap","15505.4","X","Figure from international organizations",""
"FS","Suite of Food Security Indicators","670","Saint Vincent and the Grenadines","6125","Value","21032","Political stability and absence of violence/terrorism (index)","2020","2020","","1.03","X","Figure from international organizations",""
"FS","Suite of Food Security Indicators","882","Samoa","6123","Value","21013","Average protein supply (g/cap/day) (3-year average)","20192021","2019-2021","g/cap/d","104.7","E","Estimated value",""
"FS","Suite of Food Security Indicators","882","Samoa","6123","Value","21014","Average supply of protein of animal origin (g/cap/day) (3-year average)","20192021","2019-2021","g/cap/d","64.3","E","Estimated value",""
"FS","Suite of Food Security Indicators","882","Samoa","6126","Value","22013","Gross domestic product per capita, PPP, (constant 2017 international $)","2020","2020","Int$/cap","6689.7","X","Figure from international organizations",""
"FS","Suite of Food Security Indicators","882","Samoa","6125","Value","21032","Political stability and absence of violence/terrorism (index)","2020","2020","","1.15","X","Figure from international organizations",""
"FS","Suite of Food Security Indicators","678","Sao Tome and Principe","6123","Value","21013","Average protein supply (g/cap/day) (3-year average)","20192021","2019-2021","g/cap/d","59.5","E","Estimated value",""
"FS","Suite of Food Security Indicators","678","Sao Tome and Principe","6123","Value","21014","Average supply of protein of animal origin (g/cap/day) (3-year average)","20192021","2019-2021","g/cap/d","20.5","E","Estimated value",""
"FS","Suite of Food Security Indicators","678","Sao Tome and Principe","6126","Value","22013","Gross domestic product per capita, PPP, (constant 2017 international $)","2020","2020","Int$/cap","5711.3","X","Figure from international organizations",""
"FS","Suite of Food Security Indicators","678","Sao Tome and Principe","6125","Value","21032","Political stability and absence of violence/terrorism (index)","2020","2020","","0.49","X","Figure from international organizations",""
"FS","Suite of Food Security Indicators","682","Saudi Arabia","6123","Value","21013","Average protein supply (g/cap/day) (3-year average)","20192021","2019-2021","g/cap/d","92.7","E","Estimated value",""
"FS","Suite of Food Security Indicators","682","Saudi Arabia","6123","Value","21014","Average supply of protein of animal origin (g/cap/day) (3-year average)","20192021","2019-2021","g/cap/d","40.6","E","Estimated value",""
"FS","Suite of Food Security Indicators","682","Saudi Arabia","6126","Value","22013","Gross domestic product per capita, PPP, (constant 2017 international $)","2020","2020","Int$/cap","45714.8","X","Figure from international organizations",""
"FS","Suite of Food Security Indicators","682","Saudi Arabia","6125","Value","21032","Political stability and absence of violence/terrorism (index)","2020","2020","","-0.65","X","Figure from international organizations",""
"FS","Suite of Food Security Indicators","686","Senegal","6123","Value","21013","Average protein supply (g/cap/day) (3-year average)","20192021","2019-2021","g/cap/d","68.1","E","Estimated value",""
"FS","Suite of Food Security Indicators","686","Senegal","6123","Value","21014","Average supply of protein of animal origin (g/cap/day) (3-year average)","20192021","2019-2021","g/cap/d","16.1","E","Estimated value",""
"FS","Suite of Food Security Indicators","686","Senegal","6126","Value","22013","Gross domestic product per capita, PPP, (constant 2017 international $)","2020","2020","Int$/cap","4111.7","X","Figure from international organizations",""
"FS","Suite of Food Security Indicators","686","Senegal","6125","Value","21032","Political stability and absence of violence/terrorism (index)","2020","2020","","-0.14","X","Figure from international organizations",""
"FS","Suite of Food Security Indicators","688","Serbia","6123","Value","21013","Average protein supply (g/cap/day) (3-year average)","20192021","2019-2021","g/cap/d","122.3","E","Estimated value",""
"FS","Suite of Food Security Indicators","688","Serbia","6123","Value","21014","Average supply of protein of animal origin (g/cap/day) (3-year average)","20192021","2019-2021","g/cap/d","57.4","E","Estimated value",""
"FS","Suite of Food Security Indicators","688","Serbia","6126","Value","22013","Gross domestic product per capita, PPP, (constant 2017 international $)","2020","2020","Int$/cap","20759.5","X","Figure from international organizations",""
"FS","Suite of Food Security Indicators","688","Serbia","6125","Value","21032","Political stability and absence of violence/terrorism (index)","2020","2020","","-0.17","X","Figure from international organizations",""
"FS","Suite of Food Security Indicators","690","Seychelles","6123","Value","21013","Average protein supply (g/cap/day) (3-year average)","20192021","2019-2021","g/cap/d","112.6","E","Estimated value",""
"FS","Suite of Food Security Indicators","690","Seychelles","6123","Value","21014","Average supply of protein of animal origin (g/cap/day) (3-year average)","20192021","2019-2021","g/cap/d","58.9","E","Estimated value",""
"FS","Suite of Food Security Indicators","690","Seychelles","6126","Value","22013","Gross domestic product per capita, PPP, (constant 2017 international $)","2020","2020","Int$/cap","24802","X","Figure from international organizations",""
"FS","Suite of Food Security Indicators","690","Seychelles","6125","Value","21032","Political stability and absence of violence/terrorism (index)","2020","2020","","0.7","X","Figure from international organizations",""
"FS","Suite of Food Security Indicators","694","Sierra Leone","6123","Value","21013","Average protein supply (g/cap/day) (3-year average)","20192021","2019-2021","g/cap/d","54","E","Estimated value",""
"FS","Suite of Food Security Indicators","694","Sierra Leone","6123","Value","21014","Average supply of protein of animal origin (g/cap/day) (3-year average)","20192021","2019-2021","g/cap/d","13.9","E","Estimated value",""
"FS","Suite of Food Security Indicators","694","Sierra Leone","6126","Value","22013","Gross domestic product per capita, PPP, (constant 2017 international $)","2020","2020","Int$/cap","1595.3","X","Figure from international organizations",""
"FS","Suite of Food Security Indicators","694","Sierra Leone","6125","Value","21032","Political stability and absence of violence/terrorism (index)","2020","2020","","-0.3","X","Figure from international organizations",""
"FS","Suite of Food Security Indicators","702","Singapore","6126","Value","22013","Gross domestic product per capita, PPP, (constant 2017 international $)","2020","2020","Int$/cap","113400","X","Figure from international organizations",""
"FS","Suite of Food Security Indicators","702","Singapore","6125","Value","21032","Political stability and absence of violence/terrorism (index)","2020","2020","","1.44","X","Figure from international organizations",""
"FS","Suite of Food Security Indicators","703","Slovakia","6123","Value","21013","Average protein supply (g/cap/day) (3-year average)","20192021","2019-2021","g/cap/d","78.5","E","Estimated value",""
"FS","Suite of Food Security Indicators","703","Slovakia","6123","Value","21014","Average supply of protein of animal origin (g/cap/day) (3-year average)","20192021","2019-2021","g/cap/d","45.1","E","Estimated value",""
"FS","Suite of Food Security Indicators","703","Slovakia","6126","Value","22013","Gross domestic product per capita, PPP, (constant 2017 international $)","2020","2020","Int$/cap","35991.2","X","Figure from international organizations",""
"FS","Suite of Food Security Indicators","703","Slovakia","6125","Value","21032","Political stability and absence of violence/terrorism (index)","2020","2020","","0.63","X","Figure from international organizations",""
"FS","Suite of Food Security Indicators","705","Slovenia","6123","Value","21013","Average protein supply (g/cap/day) (3-year average)","20192021","2019-2021","g/cap/d","103.6","E","Estimated value",""
"FS","Suite of Food Security Indicators","705","Slovenia","6123","Value","21014","Average supply of protein of animal origin (g/cap/day) (3-year average)","20192021","2019-2021","g/cap/d","58.9","E","Estimated value",""
"FS","Suite of Food Security Indicators","705","Slovenia","6126","Value","22013","Gross domestic product per capita, PPP, (constant 2017 international $)","2020","2020","Int$/cap","43082.3","X","Figure from international organizations",""
"FS","Suite of Food Security Indicators","705","Slovenia","6125","Value","21032","Political stability and absence of violence/terrorism (index)","2020","2020","","0.7","X","Figure from international organizations",""
"FS","Suite of Food Security Indicators","090","Solomon Islands","6123","Value","21013","Average protein supply (g/cap/day) (3-year average)","20192021","2019-2021","g/cap/d","59.7","E","Estimated value",""
"FS","Suite of Food Security Indicators","090","Solomon Islands","6123","Value","21014","Average supply of protein of animal origin (g/cap/day) (3-year average)","20192021","2019-2021","g/cap/d","20.1","E","Estimated value",""
"FS","Suite of Food Security Indicators","090","Solomon Islands","6126","Value","22013","Gross domestic product per capita, PPP, (constant 2017 international $)","2020","2020","Int$/cap","2724.6","X","Figure from international organizations",""
"FS","Suite of Food Security Indicators","090","Solomon Islands","6125","Value","21032","Political stability and absence of violence/terrorism (index)","2020","2020","","0.56","X","Figure from international organizations",""
"FS","Suite of Food Security Indicators","706","Somalia","6123","Value","21013","Average protein supply (g/cap/day) (3-year average)","20192021","2019-2021","g/cap/d","42.5","E","Estimated value",""
"FS","Suite of Food Security Indicators","706","Somalia","6123","Value","21014","Average supply of protein of animal origin (g/cap/day) (3-year average)","20192021","2019-2021","g/cap/d","18.5","E","Estimated value",""
"FS","Suite of Food Security Indicators","706","Somalia","6126","Value","22013","Gross domestic product per capita, PPP, (constant 2017 international $)","2020","2020","Int$/cap","1460.4","X","Figure from international organizations",""
"FS","Suite of Food Security Indicators","706","Somalia","6125","Value","21032","Political stability and absence of violence/terrorism (index)","2020","2020","","-2.58","X","Figure from international organizations",""
"FS","Suite of Food Security Indicators","710","South Africa","6123","Value","21013","Average protein supply (g/cap/day) (3-year average)","20192021","2019-2021","g/cap/d","81.4","E","Estimated value",""
"FS","Suite of Food Security Indicators","710","South Africa","6123","Value","21014","Average supply of protein of animal origin (g/cap/day) (3-year average)","20192021","2019-2021","g/cap/d","40.6","E","Estimated value",""
"FS","Suite of Food Security Indicators","710","South Africa","6126","Value","22013","Gross domestic product per capita, PPP, (constant 2017 international $)","2020","2020","Int$/cap","13671.8","X","Figure from international organizations",""
"FS","Suite of Food Security Indicators","710","South Africa","6125","Value","21032","Political stability and absence of violence/terrorism (index)","2020","2020","","-0.25","X","Figure from international organizations",""
"FS","Suite of Food Security Indicators","728","South Sudan","6123","Value","21013","Average protein supply (g/cap/day) (3-year average)","20192021","2019-2021","g/cap/d","74.4","E","Estimated value",""
"FS","Suite of Food Security Indicators","728","South Sudan","6123","Value","21014","Average supply of protein of animal origin (g/cap/day) (3-year average)","20192021","2019-2021","g/cap/d","30.4","E","Estimated value",""
"FS","Suite of Food Security Indicators","728","South Sudan","6125","Value","21032","Political stability and absence of violence/terrorism (index)","2020","2020","","-2.19","X","Figure from international organizations",""
"FS","Suite of Food Security Indicators","724","Spain","6123","Value","21013","Average protein supply (g/cap/day) (3-year average)","20192021","2019-2021","g/cap/d","115.5","E","Estimated value",""
"FS","Suite of Food Security Indicators","724","Spain","6123","Value","21014","Average supply of protein of animal origin (g/cap/day) (3-year average)","20192021","2019-2021","g/cap/d","77.2","E","Estimated value",""
"FS","Suite of Food Security Indicators","724","Spain","6126","Value","22013","Gross domestic product per capita, PPP, (constant 2017 international $)","2020","2020","Int$/cap","41039","X","Figure from international organizations",""
"FS","Suite of Food Security Indicators","724","Spain","6125","Value","21032","Political stability and absence of violence/terrorism (index)","2020","2020","","0.41","X","Figure from international organizations",""
"FS","Suite of Food Security Indicators","144","Sri Lanka","6123","Value","21013","Average protein supply (g/cap/day) (3-year average)","20192021","2019-2021","g/cap/d","73.6","E","Estimated value",""
"FS","Suite of Food Security Indicators","144","Sri Lanka","6123","Value","21014","Average supply of protein of animal origin (g/cap/day) (3-year average)","20192021","2019-2021","g/cap/d","19.6","E","Estimated value",""
"FS","Suite of Food Security Indicators","144","Sri Lanka","6126","Value","22013","Gross domestic product per capita, PPP, (constant 2017 international $)","2020","2020","Int$/cap","13970.3","X","Figure from international organizations",""
"FS","Suite of Food Security Indicators","144","Sri Lanka","6125","Value","21032","Political stability and absence of violence/terrorism (index)","2020","2020","","-0.09","X","Figure from international organizations",""
"FS","Suite of Food Security Indicators","729","Sudan","6123","Value","21013","Average protein supply (g/cap/day) (3-year average)","20192021","2019-2021","g/cap/d","74.1","E","Estimated value",""
"FS","Suite of Food Security Indicators","729","Sudan","6123","Value","21014","Average supply of protein of animal origin (g/cap/day) (3-year average)","20192021","2019-2021","g/cap/d","20.5","E","Estimated value",""
"FS","Suite of Food Security Indicators","729","Sudan","6126","Value","22013","Gross domestic product per capita, PPP, (constant 2017 international $)","2020","2020","Int$/cap","3581","X","Figure from international organizations",""
"FS","Suite of Food Security Indicators","729","Sudan","6125","Value","21032","Political stability and absence of violence/terrorism (index)","2020","2020","","-1.66","X","Figure from international organizations",""
"FS","Suite of Food Security Indicators","740","Suriname","6123","Value","21013","Average protein supply (g/cap/day) (3-year average)","20192021","2019-2021","g/cap/d","76.3","E","Estimated value",""
"FS","Suite of Food Security Indicators","740","Suriname","6123","Value","21014","Average supply of protein of animal origin (g/cap/day) (3-year average)","20192021","2019-2021","g/cap/d","39","E","Estimated value",""
"FS","Suite of Food Security Indicators","740","Suriname","6126","Value","22013","Gross domestic product per capita, PPP, (constant 2017 international $)","2020","2020","Int$/cap","19092.2","X","Figure from international organizations",""
"FS","Suite of Food Security Indicators","740","Suriname","6125","Value","21032","Political stability and absence of violence/terrorism (index)","2020","2020","","0.42","X","Figure from international organizations",""
"FS","Suite of Food Security Indicators","752","Sweden","6123","Value","21013","Average protein supply (g/cap/day) (3-year average)","20192021","2019-2021","g/cap/d","112.4","E","Estimated value",""
"FS","Suite of Food Security Indicators","752","Sweden","6123","Value","21014","Average supply of protein of animal origin (g/cap/day) (3-year average)","20192021","2019-2021","g/cap/d","72.8","E","Estimated value",""
"FS","Suite of Food Security Indicators","752","Sweden","6126","Value","22013","Gross domestic product per capita, PPP, (constant 2017 international $)","2020","2020","Int$/cap","60064.6","X","Figure from international organizations",""
"FS","Suite of Food Security Indicators","752","Sweden","6125","Value","21032","Political stability and absence of violence/terrorism (index)","2020","2020","","1","X","Figure from international organizations",""
"FS","Suite of Food Security Indicators","756","Switzerland","6123","Value","21013","Average protein supply (g/cap/day) (3-year average)","20192021","2019-2021","g/cap/d","102.2","E","Estimated value",""
"FS","Suite of Food Security Indicators","756","Switzerland","6123","Value","21014","Average supply of protein of animal origin (g/cap/day) (3-year average)","20192021","2019-2021","g/cap/d","65.8","E","Estimated value",""
"FS","Suite of Food Security Indicators","756","Switzerland","6126","Value","22013","Gross domestic product per capita, PPP, (constant 2017 international $)","2020","2020","Int$/cap","78023.3","X","Figure from international organizations",""
"FS","Suite of Food Security Indicators","756","Switzerland","6125","Value","21032","Political stability and absence of violence/terrorism (index)","2020","2020","","1.18","X","Figure from international organizations",""
"FS","Suite of Food Security Indicators","760","Syrian Arab Republic","6123","Value","21013","Average protein supply (g/cap/day) (3-year average)","20192021","2019-2021","g/cap/d","75.3","E","Estimated value",""
"FS","Suite of Food Security Indicators","760","Syrian Arab Republic","6123","Value","21014","Average supply of protein of animal origin (g/cap/day) (3-year average)","20192021","2019-2021","g/cap/d","20.7","E","Estimated value",""
"FS","Suite of Food Security Indicators","760","Syrian Arab Republic","6126","Value","22013","Gross domestic product per capita, PPP, (constant 2017 international $)","2020","2020","Int$/cap","2953.6","X","Figure from international organizations",""
"FS","Suite of Food Security Indicators","760","Syrian Arab Republic","6125","Value","21032","Political stability and absence of violence/terrorism (index)","2020","2020","","-2.71","X","Figure from international organizations",""
"FS","Suite of Food Security Indicators","762","Tajikistan","6123","Value","21013","Average protein supply (g/cap/day) (3-year average)","20192021","2019-2021","g/cap/d","83.8","E","Estimated value",""
"FS","Suite of Food Security Indicators","762","Tajikistan","6123","Value","21014","Average supply of protein of animal origin (g/cap/day) (3-year average)","20192021","2019-2021","g/cap/d","28.6","E","Estimated value",""
"FS","Suite of Food Security Indicators","762","Tajikistan","6126","Value","22013","Gross domestic product per capita, PPP, (constant 2017 international $)","2020","2020","Int$/cap","3805.2","X","Figure from international organizations",""
"FS","Suite of Food Security Indicators","762","Tajikistan","6125","Value","21032","Political stability and absence of violence/terrorism (index)","2020","2020","","-0.5","X","Figure from international organizations",""
"FS","Suite of Food Security Indicators","764","Thailand","6123","Value","21013","Average protein supply (g/cap/day) (3-year average)","20192021","2019-2021","g/cap/d","67.9","E","Estimated value",""
"FS","Suite of Food Security Indicators","764","Thailand","6123","Value","21014","Average supply of protein of animal origin (g/cap/day) (3-year average)","20192021","2019-2021","g/cap/d","27.9","E","Estimated value",""
"FS","Suite of Food Security Indicators","764","Thailand","6126","Value","22013","Gross domestic product per capita, PPP, (constant 2017 international $)","2020","2020","Int$/cap","19990.6","X","Figure from international organizations",""
"FS","Suite of Food Security Indicators","764","Thailand","6125","Value","21032","Political stability and absence of violence/terrorism (index)","2020","2020","","-0.58","X","Figure from international organizations",""
"FS","Suite of Food Security Indicators","626","Timor-Leste","6123","Value","21013","Average protein supply (g/cap/day) (3-year average)","20192021","2019-2021","g/cap/d","61.4","E","Estimated value",""
"FS","Suite of Food Security Indicators","626","Timor-Leste","6123","Value","21014","Average supply of protein of animal origin (g/cap/day) (3-year average)","20192021","2019-2021","g/cap/d","21.1","E","Estimated value",""
"FS","Suite of Food Security Indicators","626","Timor-Leste","6126","Value","22013","Gross domestic product per capita, PPP, (constant 2017 international $)","2020","2020","Int$/cap","6724.8","X","Figure from international organizations",""
"FS","Suite of Food Security Indicators","626","Timor-Leste","6125","Value","21032","Political stability and absence of violence/terrorism (index)","2020","2020","","0.2","X","Figure from international organizations",""
"FS","Suite of Food Security Indicators","768","Togo","6123","Value","21013","Average protein supply (g/cap/day) (3-year average)","20192021","2019-2021","g/cap/d","54.6","E","Estimated value",""
"FS","Suite of Food Security Indicators","768","Togo","6123","Value","21014","Average supply of protein of animal origin (g/cap/day) (3-year average)","20192021","2019-2021","g/cap/d","8.7","E","Estimated value",""
"FS","Suite of Food Security Indicators","768","Togo","6126","Value","22013","Gross domestic product per capita, PPP, (constant 2017 international $)","2020","2020","Int$/cap","2587.9","X","Figure from international organizations",""
"FS","Suite of Food Security Indicators","768","Togo","6125","Value","21032","Political stability and absence of violence/terrorism (index)","2020","2020","","-0.89","X","Figure from international organizations",""
"FS","Suite of Food Security Indicators","776","Tonga","6123","Value","21013","Average protein supply (g/cap/day) (3-year average)","20192021","2019-2021","g/cap/d","131.7","E","Estimated value",""
"FS","Suite of Food Security Indicators","776","Tonga","6123","Value","21014","Average supply of protein of animal origin (g/cap/day) (3-year average)","20192021","2019-2021","g/cap/d","84.8","E","Estimated value",""
"FS","Suite of Food Security Indicators","776","Tonga","6126","Value","22013","Gross domestic product per capita, PPP, (constant 2017 international $)","2020","2020","Int$/cap","7014.8","X","Figure from international organizations",""
"FS","Suite of Food Security Indicators","776","Tonga","6125","Value","21032","Political stability and absence of violence/terrorism (index)","2020","2020","","1.09","X","Figure from international organizations",""
"FS","Suite of Food Security Indicators","780","Trinidad and Tobago","6123","Value","21013","Average protein supply (g/cap/day) (3-year average)","20192021","2019-2021","g/cap/d","88.3","E","Estimated value",""
"FS","Suite of Food Security Indicators","780","Trinidad and Tobago","6123","Value","21014","Average supply of protein of animal origin (g/cap/day) (3-year average)","20192021","2019-2021","g/cap/d","44.1","E","Estimated value",""
"FS","Suite of Food Security Indicators","780","Trinidad and Tobago","6126","Value","22013","Gross domestic product per capita, PPP, (constant 2017 international $)","2020","2020","Int$/cap","28059.6","X","Figure from international organizations",""
"FS","Suite of Food Security Indicators","780","Trinidad and Tobago","6125","Value","21032","Political stability and absence of violence/terrorism (index)","2020","2020","","0.11","X","Figure from international organizations",""
"FS","Suite of Food Security Indicators","788","Tunisia","6123","Value","21013","Average protein supply (g/cap/day) (3-year average)","20192021","2019-2021","g/cap/d","102.9","E","Estimated value",""
"FS","Suite of Food Security Indicators","788","Tunisia","6123","Value","21014","Average supply of protein of animal origin (g/cap/day) (3-year average)","20192021","2019-2021","g/cap/d","32.1","E","Estimated value",""
"FS","Suite of Food Security Indicators","788","Tunisia","6126","Value","22013","Gross domestic product per capita, PPP, (constant 2017 international $)","2020","2020","Int$/cap","11711.6","X","Figure from international organizations",""
"FS","Suite of Food Security Indicators","788","Tunisia","6125","Value","21032","Political stability and absence of violence/terrorism (index)","2020","2020","","-0.59","X","Figure from international organizations",""
"FS","Suite of Food Security Indicators","792","Türkiye","6123","Value","21013","Average protein supply (g/cap/day) (3-year average)","20192021","2019-2021","g/cap/d","113.6","E","Estimated value",""
"FS","Suite of Food Security Indicators","792","Türkiye","6123","Value","21014","Average supply of protein of animal origin (g/cap/day) (3-year average)","20192021","2019-2021","g/cap/d","44.6","E","Estimated value",""
"FS","Suite of Food Security Indicators","792","Türkiye","6126","Value","22013","Gross domestic product per capita, PPP, (constant 2017 international $)","2020","2020","Int$/cap","28649.6","X","Figure from international organizations",""
"FS","Suite of Food Security Indicators","792","Türkiye","6125","Value","21032","Political stability and absence of violence/terrorism (index)","2020","2020","","-1.14","X","Figure from international organizations",""
"FS","Suite of Food Security Indicators","795","Turkmenistan","6123","Value","21013","Average protein supply (g/cap/day) (3-year average)","20192021","2019-2021","g/cap/d","99.4","E","Estimated value",""
"FS","Suite of Food Security Indicators","795","Turkmenistan","6123","Value","21014","Average supply of protein of animal origin (g/cap/day) (3-year average)","20192021","2019-2021","g/cap/d","45.4","E","Estimated value",""
"FS","Suite of Food Security Indicators","795","Turkmenistan","6125","Value","21032","Political stability and absence of violence/terrorism (index)","2020","2020","","-0.2","X","Figure from international organizations",""
"FS","Suite of Food Security Indicators","798","Tuvalu","6123","Value","21013","Average protein supply (g/cap/day) (3-year average)","20192021","2019-2021","g/cap/d","93.5","E","Estimated value",""
"FS","Suite of Food Security Indicators","798","Tuvalu","6123","Value","21014","Average supply of protein of animal origin (g/cap/day) (3-year average)","20192021","2019-2021","g/cap/d","53.8","E","Estimated value",""
"FS","Suite of Food Security Indicators","798","Tuvalu","6126","Value","22013","Gross domestic product per capita, PPP, (constant 2017 international $)","2020","2020","Int$/cap","5051.6","X","Figure from international organizations",""
"FS","Suite of Food Security Indicators","798","Tuvalu","6125","Value","21032","Political stability and absence of violence/terrorism (index)","2020","2020","","1.22","X","Figure from international organizations",""
"FS","Suite of Food Security Indicators","800","Uganda","6123","Value","21013","Average protein supply (g/cap/day) (3-year average)","20192021","2019-2021","g/cap/d","50.1","E","Estimated value",""
"FS","Suite of Food Security Indicators","800","Uganda","6123","Value","21014","Average supply of protein of animal origin (g/cap/day) (3-year average)","20192021","2019-2021","g/cap/d","12.6","E","Estimated value",""
"FS","Suite of Food Security Indicators","800","Uganda","6126","Value","22013","Gross domestic product per capita, PPP, (constant 2017 international $)","2020","2020","Int$/cap","2681.2","X","Figure from international organizations",""
"FS","Suite of Food Security Indicators","800","Uganda","6125","Value","21032","Political stability and absence of violence/terrorism (index)","2020","2020","","-0.81","X","Figure from international organizations",""
"FS","Suite of Food Security Indicators","804","Ukraine","6123","Value","21013","Average protein supply (g/cap/day) (3-year average)","20192021","2019-2021","g/cap/d","92.6","E","Estimated value",""
"FS","Suite of Food Security Indicators","804","Ukraine","6123","Value","21014","Average supply of protein of animal origin (g/cap/day) (3-year average)","20192021","2019-2021","g/cap/d","47.6","E","Estimated value",""
"FS","Suite of Food Security Indicators","804","Ukraine","6126","Value","22013","Gross domestic product per capita, PPP, (constant 2017 international $)","2020","2020","Int$/cap","17285.9","X","Figure from international organizations",""
"FS","Suite of Food Security Indicators","804","Ukraine","6125","Value","21032","Political stability and absence of violence/terrorism (index)","2020","2020","","-1.16","X","Figure from international organizations",""
"FS","Suite of Food Security Indicators","784","United Arab Emirates","6123","Value","21013","Average protein supply (g/cap/day) (3-year average)","20192021","2019-2021","g/cap/d","108.6","E","Estimated value",""
"FS","Suite of Food Security Indicators","784","United Arab Emirates","6123","Value","21014","Average supply of protein of animal origin (g/cap/day) (3-year average)","20192021","2019-2021","g/cap/d","53.9","E","Estimated value",""
"FS","Suite of Food Security Indicators","784","United Arab Emirates","6126","Value","22013","Gross domestic product per capita, PPP, (constant 2017 international $)","2020","2020","Int$/cap","66590.4","X","Figure from international organizations",""
"FS","Suite of Food Security Indicators","784","United Arab Emirates","6125","Value","21032","Political stability and absence of violence/terrorism (index)","2020","2020","","0.59","X","Figure from international organizations",""
"FS","Suite of Food Security Indicators","826","United Kingdom of Great Britain and Northern Ireland","6123","Value","21013","Average protein supply (g/cap/day) (3-year average)","20192021","2019-2021","g/cap/d","109.8","E","Estimated value",""
"FS","Suite of Food Security Indicators","826","United Kingdom of Great Britain and Northern Ireland","6123","Value","21014","Average supply of protein of animal origin (g/cap/day) (3-year average)","20192021","2019-2021","g/cap/d","64.7","E","Estimated value",""
"FS","Suite of Food Security Indicators","826","United Kingdom of Great Britain and Northern Ireland","6126","Value","22013","Gross domestic product per capita, PPP, (constant 2017 international $)","2020","2020","Int$/cap","48583.8","X","Figure from international organizations",""
"FS","Suite of Food Security Indicators","826","United Kingdom of Great Britain and Northern Ireland","6125","Value","21032","Political stability and absence of violence/terrorism (index)","2020","2020","","0.48","X","Figure from international organizations",""
"FS","Suite of Food Security Indicators","834","United Republic of Tanzania","6123","Value","21013","Average protein supply (g/cap/day) (3-year average)","20192021","2019-2021","g/cap/d","56.8","E","Estimated value",""
"FS","Suite of Food Security Indicators","834","United Republic of Tanzania","6123","Value","21014","Average supply of protein of animal origin (g/cap/day) (3-year average)","20192021","2019-2021","g/cap/d","12.6","E","Estimated value",""
"FS","Suite of Food Security Indicators","834","United Republic of Tanzania","6126","Value","22013","Gross domestic product per capita, PPP, (constant 2017 international $)","2020","2020","Int$/cap","3408.9","X","Figure from international organizations",""
"FS","Suite of Food Security Indicators","834","United Republic of Tanzania","6125","Value","21032","Political stability and absence of violence/terrorism (index)","2020","2020","","-0.48","X","Figure from international organizations",""
"FS","Suite of Food Security Indicators","840","United States of America","6123","Value","21013","Average protein supply (g/cap/day) (3-year average)","20192021","2019-2021","g/cap/d","123.7","E","Estimated value",""
"FS","Suite of Food Security Indicators","840","United States of America","6123","Value","21014","Average supply of protein of animal origin (g/cap/day) (3-year average)","20192021","2019-2021","g/cap/d","84.4","E","Estimated value",""
"FS","Suite of Food Security Indicators","840","United States of America","6126","Value","22013","Gross domestic product per capita, PPP, (constant 2017 international $)","2020","2020","Int$/cap","66382.8","X","Figure from international organizations",""
"FS","Suite of Food Security Indicators","840","United States of America","6125","Value","21032","Political stability and absence of violence/terrorism (index)","2020","2020","","-0.03","X","Figure from international organizations",""
"FS","Suite of Food Security Indicators","858","Uruguay","6123","Value","21013","Average protein supply (g/cap/day) (3-year average)","20192021","2019-2021","g/cap/d","99.8","E","Estimated value",""
"FS","Suite of Food Security Indicators","858","Uruguay","6123","Value","21014","Average supply of protein of animal origin (g/cap/day) (3-year average)","20192021","2019-2021","g/cap/d","59.4","E","Estimated value",""
"FS","Suite of Food Security Indicators","858","Uruguay","6126","Value","22013","Gross domestic product per capita, PPP, (constant 2017 international $)","2020","2020","Int$/cap","27998.7","X","Figure from international organizations",""
"FS","Suite of Food Security Indicators","858","Uruguay","6125","Value","21032","Political stability and absence of violence/terrorism (index)","2020","2020","","1.05","X","Figure from international organizations",""
"FS","Suite of Food Security Indicators","860","Uzbekistan","6123","Value","21013","Average protein supply (g/cap/day) (3-year average)","20192021","2019-2021","g/cap/d","104.8","E","Estimated value",""
"FS","Suite of Food Security Indicators","860","Uzbekistan","6123","Value","21014","Average supply of protein of animal origin (g/cap/day) (3-year average)","20192021","2019-2021","g/cap/d","46.2","E","Estimated value",""
"FS","Suite of Food Security Indicators","860","Uzbekistan","6126","Value","22013","Gross domestic product per capita, PPP, (constant 2017 international $)","2020","2020","Int$/cap","7751.2","X","Figure from international organizations",""
"FS","Suite of Food Security Indicators","860","Uzbekistan","6125","Value","21032","Political stability and absence of violence/terrorism (index)","2020","2020","","-0.44","X","Figure from international organizations",""
"FS","Suite of Food Security Indicators","548","Vanuatu","6123","Value","21013","Average protein supply (g/cap/day) (3-year average)","20192021","2019-2021","g/cap/d","74.2","E","Estimated value",""
"FS","Suite of Food Security Indicators","548","Vanuatu","6123","Value","21014","Average supply of protein of animal origin (g/cap/day) (3-year average)","20192021","2019-2021","g/cap/d","28.3","E","Estimated value",""
"FS","Suite of Food Security Indicators","548","Vanuatu","6126","Value","22013","Gross domestic product per capita, PPP, (constant 2017 international $)","2020","2020","Int$/cap","3143.7","X","Figure from international organizations",""
"FS","Suite of Food Security Indicators","548","Vanuatu","6125","Value","21032","Political stability and absence of violence/terrorism (index)","2020","2020","","0.88","X","Figure from international organizations",""
"FS","Suite of Food Security Indicators","862","Venezuela (Bolivarian Republic of)","6123","Value","21013","Average protein supply (g/cap/day) (3-year average)","20192021","2019-2021","g/cap/d","60.7","E","Estimated value",""
"FS","Suite of Food Security Indicators","862","Venezuela (Bolivarian Republic of)","6123","Value","21014","Average supply of protein of animal origin (g/cap/day) (3-year average)","20192021","2019-2021","g/cap/d","29.1","E","Estimated value",""
"FS","Suite of Food Security Indicators","862","Venezuela (Bolivarian Republic of)","6125","Value","21032","Political stability and absence of violence/terrorism (index)","2020","2020","","-1.55","X","Figure from international organizations",""
"FS","Suite of Food Security Indicators","704","Viet Nam","6123","Value","21013","Average protein supply (g/cap/day) (3-year average)","20192021","2019-2021","g/cap/d","95.3","E","Estimated value",""
"FS","Suite of Food Security Indicators","704","Viet Nam","6123","Value","21014","Average supply of protein of animal origin (g/cap/day) (3-year average)","20192021","2019-2021","g/cap/d","37.6","E","Estimated value",""
"FS","Suite of Food Security Indicators","704","Viet Nam","6126","Value","22013","Gross domestic product per capita, PPP, (constant 2017 international $)","2020","2020","Int$/cap","12014.8","X","Figure from international organizations",""
"FS","Suite of Food Security Indicators","704","Viet Nam","6125","Value","21032","Political stability and absence of violence/terrorism (index)","2020","2020","","-0.04","X","Figure from international organizations",""
"FS","Suite of Food Security Indicators","887","Yemen","6123","Value","21013","Average protein supply (g/cap/day) (3-year average)","20192021","2019-2021","g/cap/d","58.3","E","Estimated value",""
"FS","Suite of Food Security Indicators","887","Yemen","6123","Value","21014","Average supply of protein of animal origin (g/cap/day) (3-year average)","20192021","2019-2021","g/cap/d","13.2","E","Estimated value",""
"FS","Suite of Food Security Indicators","887","Yemen","6125","Value","21032","Political stability and absence of violence/terrorism (index)","2020","2020","","-2.65","X","Figure from international organizations",""
"FS","Suite of Food Security Indicators","894","Zambia","6123","Value","21013","Average protein supply (g/cap/day) (3-year average)","20192021","2019-2021","g/cap/d","46.8","E","Estimated value",""
"FS","Suite of Food Security Indicators","894","Zambia","6123","Value","21014","Average supply of protein of animal origin (g/cap/day) (3-year average)","20192021","2019-2021","g/cap/d","13.3","E","Estimated value",""
"FS","Suite of Food Security Indicators","894","Zambia","6126","Value","22013","Gross domestic product per capita, PPP, (constant 2017 international $)","2020","2020","Int$/cap","3415.2","X","Figure from international organizations",""
"FS","Suite of Food Security Indicators","894","Zambia","6125","Value","21032","Political stability and absence of violence/terrorism (index)","2020","2020","","-0.13","X","Figure from international organizations",""
"FS","Suite of Food Security Indicators","716","Zimbabwe","6123","Value","21013","Average protein supply (g/cap/day) (3-year average)","20192021","2019-2021","g/cap/d","56.4","E","Estimated value",""
"FS","Suite of Food Security Indicators","716","Zimbabwe","6123","Value","21014","Average supply of protein of animal origin (g/cap/day) (3-year average)","20192021","2019-2021","g/cap/d","28.2","E","Estimated value",""
"FS","Suite of Food Security Indicators","716","Zimbabwe","6126","Value","22013","Gross domestic product per capita, PPP, (constant 2017 international $)","2020","2020","Int$/cap","3082.9","X","Figure from international organizations",""
"FS","Suite of Food Security Indicators","716","Zimbabwe","6125","Value","21032","Political stability and absence of violence/terrorism (index)","2020","2020","","-1.05","X","Figure from international organizations",""
