Domain Code,Domain,Area Code (M49),Area,Element Code,Element,Item Code,Item,Year Code,Year,Unit,Value,Flag,Flag Description,Note
"MK","Macro Indicators","004","Afghanistan","6110","Value US$","22008","Gross Domestic Product","2020","2020","million USD","19983.008212","X","Figure from international organizations",""
"MK","Macro Indicators","004","Afghanistan","6119","Value US$ per capita","22008","Gross Domestic Product","2020","2020","USD","511.480175","X","Figure from international organizations",""
"MK","Macro Indicators","004","Afghanistan","6129","Annual growth US$","22008","Gross Domestic Product","2020","2020","%","3.152171","X","Figure from international organizations",""
"MK","Macro Indicators","004","Afghanistan","6110","Value US$","22011","Gross National Income","2020","2020","million USD","20132.438423","X","Figure from international organizations",""
"MK","Macro Indicators","004","Afghanistan","6119","Value US$ per capita","22011","Gross National Income","2020","2020","USD","515.304954","X","Figure from international organizations",""
"MK","Macro Indicators","004","Afghanistan","6129","Annual growth US$","22011","Gross National Income","2020","2020","%","2.391867","X","Figure from international organizations",""
"MK","Macro Indicators","008","Albania","6110","Value US$","22008","Gross Domestic Product","2020","2020","million USD","15162.733548","X","Figure from international organizations",""
"MK","Macro Indicators","008","Albania","6119","Value US$ per capita","22008","Gross Domestic Product","2020","2020","USD","5279.588805","X","Figure from international organizations",""
"MK","Macro Indicators","008","Albania","6129","Annual growth US$","22008","Gross Domestic Product","2020","2020","%","-1.55234","X","Figure from international organizations",""
"MK","Macro Indicators","008","Albania","6110","Value US$","22011","Gross National Income","2020","2020","million USD","14910.940289","X","Figure from international organizations",""
"MK","Macro Indicators","008","Albania","6119","Value US$ per capita","22011","Gross National Income","2020","2020","USD","5191.915638","X","Figure from international organizations",""
"MK","Macro Indicators","008","Albania","6129","Annual growth US$","22011","Gross National Income","2020","2020","%","-1.903258","X","Figure from international organizations",""
"MK","Macro Indicators","012","Algeria","6110","Value US$","22008","Gross Domestic Product","2020","2020","million USD","158974.998819","X","Figure from international organizations",""
"MK","Macro Indicators","012","Algeria","6119","Value US$ per capita","22008","Gross Domestic Product","2020","2020","USD","3609.615148","X","Figure from international organizations",""
"MK","Macro Indicators","012","Algeria","6129","Annual growth US$","22008","Gross Domestic Product","2020","2020","%","-11.379013","X","Figure from international organizations",""
"MK","Macro Indicators","012","Algeria","6110","Value US$","22011","Gross National Income","2020","2020","million USD","156307.345608","X","Figure from international organizations",""
"MK","Macro Indicators","012","Algeria","6119","Value US$ per capita","22011","Gross National Income","2020","2020","USD","3549.044608","X","Figure from international organizations",""
"MK","Macro Indicators","012","Algeria","6129","Annual growth US$","22011","Gross National Income","2020","2020","%","-10.921008","X","Figure from international organizations",""
"MK","Macro Indicators","020","Andorra","6110","Value US$","22008","Gross Domestic Product","2020","2020","million USD","2890.997547","X","Figure from international organizations",""
"MK","Macro Indicators","020","Andorra","6119","Value US$ per capita","22008","Gross Domestic Product","2020","2020","USD","37361.043511","X","Figure from international organizations",""
"MK","Macro Indicators","020","Andorra","6129","Annual growth US$","22008","Gross Domestic Product","2020","2020","%","-8.37216","X","Figure from international organizations",""
"MK","Macro Indicators","020","Andorra","6110","Value US$","22011","Gross National Income","2020","2020","million USD","2890.997547","X","Figure from international organizations",""
"MK","Macro Indicators","020","Andorra","6119","Value US$ per capita","22011","Gross National Income","2020","2020","USD","37361.043511","X","Figure from international organizations",""
"MK","Macro Indicators","020","Andorra","6129","Annual growth US$","22011","Gross National Income","2020","2020","%","-8.37216","X","Figure from international organizations",""
"MK","Macro Indicators","024","Angola","6110","Value US$","22008","Gross Domestic Product","2020","2020","million USD","54821.079797","X","Figure from international organizations",""
"MK","Macro Indicators","024","Angola","6119","Value US$ per capita","22008","Gross Domestic Product","2020","2020","USD","1638.840772","X","Figure from international organizations",""
"MK","Macro Indicators","024","Angola","6129","Annual growth US$","22008","Gross Domestic Product","2020","2020","%","-34.059144","X","Figure from international organizations",""
"MK","Macro Indicators","024","Angola","6110","Value US$","22011","Gross National Income","2020","2020","million USD","52205.619927","X","Figure from international organizations",""
"MK","Macro Indicators","024","Angola","6119","Value US$ per capita","22011","Gross National Income","2020","2020","USD","1560.653288","X","Figure from international organizations",""
"MK","Macro Indicators","024","Angola","6129","Annual growth US$","22011","Gross National Income","2020","2020","%","-32.832597","X","Figure from international organizations",""
"MK","Macro Indicators","660","Anguilla","6110","Value US$","22008","Gross Domestic Product","2020","2020","million USD","261.375713","X","Figure from international organizations",""
"MK","Macro Indicators","660","Anguilla","6119","Value US$ per capita","22008","Gross Domestic Product","2020","2020","USD","17609.358795","X","Figure from international organizations",""
"MK","Macro Indicators","660","Anguilla","6129","Annual growth US$","22008","Gross Domestic Product","2020","2020","%","-31.152075","X","Figure from international organizations",""
"MK","Macro Indicators","660","Anguilla","6110","Value US$","22011","Gross National Income","2020","2020","million USD","235.476483","X","Figure from international organizations",""
"MK","Macro Indicators","660","Anguilla","6119","Value US$ per capita","22011","Gross National Income","2020","2020","USD","15864.480401","X","Figure from international organizations",""
"MK","Macro Indicators","660","Anguilla","6129","Annual growth US$","22011","Gross National Income","2020","2020","%","-31.152075","X","Figure from international organizations",""
"MK","Macro Indicators","028","Antigua and Barbuda","6110","Value US$","22008","Gross Domestic Product","2020","2020","million USD","1410.740741","X","Figure from international organizations",""
"MK","Macro Indicators","028","Antigua and Barbuda","6119","Value US$ per capita","22008","Gross Domestic Product","2020","2020","USD","15359.849539","X","Figure from international organizations",""
"MK","Macro Indicators","028","Antigua and Barbuda","6129","Annual growth US$","22008","Gross Domestic Product","2020","2020","%","-18.226707","X","Figure from international organizations",""
"MK","Macro Indicators","028","Antigua and Barbuda","6110","Value US$","22011","Gross National Income","2020","2020","million USD","1363.465432","X","Figure from international organizations",""
"MK","Macro Indicators","028","Antigua and Barbuda","6119","Value US$ per capita","22011","Gross National Income","2020","2020","USD","14845.125887","X","Figure from international organizations",""
"MK","Macro Indicators","028","Antigua and Barbuda","6129","Annual growth US$","22011","Gross National Income","2020","2020","%","-18.42986","X","Figure from international organizations",""
"MK","Macro Indicators","032","Argentina","6110","Value US$","22008","Gross Domestic Product","2020","2020","million USD","385740.51026","X","Figure from international organizations",""
"MK","Macro Indicators","032","Argentina","6119","Value US$ per capita","22008","Gross Domestic Product","2020","2020","USD","8535.599515","X","Figure from international organizations",""
"MK","Macro Indicators","032","Argentina","6129","Annual growth US$","22008","Gross Domestic Product","2020","2020","%","-13.850034","X","Figure from international organizations",""
"MK","Macro Indicators","032","Argentina","6110","Value US$","22011","Gross National Income","2020","2020","million USD","375344.062728","X","Figure from international organizations",""
"MK","Macro Indicators","032","Argentina","6119","Value US$ per capita","22011","Gross National Income","2020","2020","USD","8305.548716","X","Figure from international organizations",""
"MK","Macro Indicators","032","Argentina","6129","Annual growth US$","22011","Gross National Income","2020","2020","%","-12.744529","X","Figure from international organizations",""
"MK","Macro Indicators","051","Armenia","6110","Value US$","22008","Gross Domestic Product","2020","2020","million USD","12641.698594","X","Figure from international organizations",""
"MK","Macro Indicators","051","Armenia","6119","Value US$ per capita","22008","Gross Domestic Product","2020","2020","USD","4372.939704","X","Figure from international organizations",""
"MK","Macro Indicators","051","Armenia","6129","Annual growth US$","22008","Gross Domestic Product","2020","2020","%","-7.177995","X","Figure from international organizations",""
"MK","Macro Indicators","051","Armenia","6110","Value US$","22011","Gross National Income","2020","2020","million USD","12445.447139","X","Figure from international organizations",""
"MK","Macro Indicators","051","Armenia","6119","Value US$ per capita","22011","Gross National Income","2020","2020","USD","4305.053591","X","Figure from international organizations",""
"MK","Macro Indicators","051","Armenia","6129","Annual growth US$","22011","Gross National Income","2020","2020","%","-9.804527","X","Figure from international organizations",""
"MK","Macro Indicators","533","Aruba","6110","Value US$","22008","Gross Domestic Product","2020","2020","million USD","2481.857123","X","Figure from international organizations",""
"MK","Macro Indicators","533","Aruba","6119","Value US$ per capita","22008","Gross Domestic Product","2020","2020","USD","23108.431738","X","Figure from international organizations",""
"MK","Macro Indicators","533","Aruba","6129","Annual growth US$","22008","Gross Domestic Product","2020","2020","%","-26.913895","X","Figure from international organizations",""
"MK","Macro Indicators","533","Aruba","6110","Value US$","22011","Gross National Income","2020","2020","million USD","2415.73626","X","Figure from international organizations",""
"MK","Macro Indicators","533","Aruba","6119","Value US$ per capita","22011","Gross National Income","2020","2020","USD","22492.78411","X","Figure from international organizations",""
"MK","Macro Indicators","533","Aruba","6129","Annual growth US$","22011","Gross National Income","2020","2020","%","-25.495297","X","Figure from international organizations",""
"MK","Macro Indicators","036","Australia","6110","Value US$","22008","Gross Domestic Product","2020","2020","million USD","1435443.783359","X","Figure from international organizations",""
"MK","Macro Indicators","036","Australia","6119","Value US$ per capita","22008","Gross Domestic Product","2020","2020","USD","55758.834562","X","Figure from international organizations",""
"MK","Macro Indicators","036","Australia","6129","Annual growth US$","22008","Gross Domestic Product","2020","2020","%","4.200123","X","Figure from international organizations",""
"MK","Macro Indicators","036","Australia","6110","Value US$","22011","Gross National Income","2020","2020","million USD","1419342.180155","X","Figure from international organizations",""
"MK","Macro Indicators","036","Australia","6119","Value US$ per capita","22011","Gross National Income","2020","2020","USD","55133.378769","X","Figure from international organizations",""
"MK","Macro Indicators","036","Australia","6129","Annual growth US$","22011","Gross National Income","2020","2020","%","5.41546","X","Figure from international organizations",""
"MK","Macro Indicators","040","Austria","6110","Value US$","22008","Gross Domestic Product","2020","2020","million USD","434397.601558","X","Figure from international organizations",""
"MK","Macro Indicators","040","Austria","6119","Value US$ per capita","22008","Gross Domestic Product","2020","2020","USD","48691.613211","X","Figure from international organizations",""
"MK","Macro Indicators","040","Austria","6129","Annual growth US$","22008","Gross Domestic Product","2020","2020","%","-1.93823","X","Figure from international organizations",""
"MK","Macro Indicators","040","Austria","6110","Value US$","22011","Gross National Income","2020","2020","million USD","439547.216701","X","Figure from international organizations",""
"MK","Macro Indicators","040","Austria","6119","Value US$ per capita","22011","Gross National Income","2020","2020","USD","49268.833407","X","Figure from international organizations",""
"MK","Macro Indicators","040","Austria","6129","Annual growth US$","22011","Gross National Income","2020","2020","%","-0.851723","X","Figure from international organizations",""
"MK","Macro Indicators","031","Azerbaijan","6110","Value US$","22008","Gross Domestic Product","2020","2020","million USD","42693","X","Figure from international organizations",""
"MK","Macro Indicators","031","Azerbaijan","6119","Value US$ per capita","22008","Gross Domestic Product","2020","2020","USD","4193.098815","X","Figure from international organizations",""
"MK","Macro Indicators","031","Azerbaijan","6129","Annual growth US$","22008","Gross Domestic Product","2020","2020","%","-11.377939","X","Figure from international organizations",""
"MK","Macro Indicators","031","Azerbaijan","6110","Value US$","22011","Gross National Income","2020","2020","million USD","42422.882353","X","Figure from international organizations",""
"MK","Macro Indicators","031","Azerbaijan","6119","Value US$ per capita","22011","Gross National Income","2020","2020","USD","4166.569174","X","Figure from international organizations",""
"MK","Macro Indicators","031","Azerbaijan","6129","Annual growth US$","22011","Gross National Income","2020","2020","%","-8.410559","X","Figure from international organizations",""
"MK","Macro Indicators","044","Bahamas","6110","Value US$","22008","Gross Domestic Product","2020","2020","million USD","9958.194343","X","Figure from international organizations",""
"MK","Macro Indicators","044","Bahamas","6119","Value US$ per capita","22008","Gross Domestic Product","2020","2020","USD","25155.690026","X","Figure from international organizations",""
"MK","Macro Indicators","044","Bahamas","6129","Annual growth US$","22008","Gross Domestic Product","2020","2020","%","-23.49382","X","Figure from international organizations",""
"MK","Macro Indicators","044","Bahamas","6110","Value US$","22011","Gross National Income","2020","2020","million USD","9425.610295","X","Figure from international organizations",""
"MK","Macro Indicators","044","Bahamas","6119","Value US$ per capita","22011","Gross National Income","2020","2020","USD","23810.31367","X","Figure from international organizations",""
"MK","Macro Indicators","044","Bahamas","6129","Annual growth US$","22011","Gross National Income","2020","2020","%","-23.950289","X","Figure from international organizations",""
"MK","Macro Indicators","048","Bahrain","6110","Value US$","22008","Gross Domestic Product","2020","2020","million USD","34553.191489","X","Figure from international organizations",""
"MK","Macro Indicators","048","Bahrain","6119","Value US$ per capita","22008","Gross Domestic Product","2020","2020","USD","23298.312555","X","Figure from international organizations",""
"MK","Macro Indicators","048","Bahrain","6129","Annual growth US$","22008","Gross Domestic Product","2020","2020","%","-10.608375","X","Figure from international organizations",""
"MK","Macro Indicators","048","Bahrain","6110","Value US$","22011","Gross National Income","2020","2020","million USD","32094.059439","X","Figure from international organizations",""
"MK","Macro Indicators","048","Bahrain","6119","Value US$ per capita","22011","Gross National Income","2020","2020","USD","21640.184184","X","Figure from international organizations",""
"MK","Macro Indicators","048","Bahrain","6129","Annual growth US$","22011","Gross National Income","2020","2020","%","-11.811465","X","Figure from international organizations",""
"MK","Macro Indicators","050","Bangladesh","6110","Value US$","22008","Gross Domestic Product","2020","2020","million USD","373561.618851","X","Figure from international organizations",""
"MK","Macro Indicators","050","Bangladesh","6119","Value US$ per capita","22008","Gross Domestic Product","2020","2020","USD","2246.33829","X","Figure from international organizations",""
"MK","Macro Indicators","050","Bangladesh","6129","Annual growth US$","22008","Gross Domestic Product","2020","2020","%","6.892618","X","Figure from international organizations",""
"MK","Macro Indicators","050","Bangladesh","6110","Value US$","22011","Gross National Income","2020","2020","million USD","389024.043928","X","Figure from international organizations",""
"MK","Macro Indicators","050","Bangladesh","6119","Value US$ per capita","22011","Gross National Income","2020","2020","USD","2339.318499","X","Figure from international organizations",""
"MK","Macro Indicators","050","Bangladesh","6129","Annual growth US$","22011","Gross National Income","2020","2020","%","6.936821","X","Figure from international organizations",""
"MK","Macro Indicators","052","Barbados","6110","Value US$","22008","Gross Domestic Product","2020","2020","million USD","5168.344448","X","Figure from international organizations",""
"MK","Macro Indicators","052","Barbados","6119","Value US$ per capita","22008","Gross Domestic Product","2020","2020","USD","18347.110904","X","Figure from international organizations",""
"MK","Macro Indicators","052","Barbados","6129","Annual growth US$","22008","Gross Domestic Product","2020","2020","%","-10.710309","X","Figure from international organizations",""
"MK","Macro Indicators","052","Barbados","6110","Value US$","22011","Gross National Income","2020","2020","million USD","5095.897436","X","Figure from international organizations",""
"MK","Macro Indicators","052","Barbados","6119","Value US$ per capita","22011","Gross National Income","2020","2020","USD","18089.931189","X","Figure from international organizations",""
"MK","Macro Indicators","052","Barbados","6129","Annual growth US$","22011","Gross National Income","2020","2020","%","-7.352997","X","Figure from international organizations",""
"MK","Macro Indicators","112","Belarus","6110","Value US$","22008","Gross Domestic Product","2020","2020","million USD","61371.673345","X","Figure from international organizations",""
"MK","Macro Indicators","112","Belarus","6119","Value US$ per capita","22008","Gross Domestic Product","2020","2020","USD","6563.152698","X","Figure from international organizations",""
"MK","Macro Indicators","112","Belarus","6129","Annual growth US$","22008","Gross Domestic Product","2020","2020","%","-4.717403","X","Figure from international organizations",""
"MK","Macro Indicators","112","Belarus","6110","Value US$","22011","Gross National Income","2020","2020","million USD","58875.118002","X","Figure from international organizations",""
"MK","Macro Indicators","112","Belarus","6119","Value US$ per capita","22011","Gross National Income","2020","2020","USD","6296.168387","X","Figure from international organizations",""
"MK","Macro Indicators","112","Belarus","6129","Annual growth US$","22011","Gross National Income","2020","2020","%","-5.799541","X","Figure from international organizations",""
"MK","Macro Indicators","056","Belgium","6110","Value US$","22008","Gross Domestic Product","2020","2020","million USD","529694.473502","X","Figure from international organizations",""
"MK","Macro Indicators","056","Belgium","6119","Value US$ per capita","22008","Gross Domestic Product","2020","2020","USD","45900.30868","X","Figure from international organizations",""
"MK","Macro Indicators","056","Belgium","6129","Annual growth US$","22008","Gross Domestic Product","2020","2020","%","-1.310141","X","Figure from international organizations",""
"MK","Macro Indicators","056","Belgium","6110","Value US$","22011","Gross National Income","2020","2020","million USD","531671.614966","X","Figure from international organizations",""
"MK","Macro Indicators","056","Belgium","6119","Value US$ per capita","22011","Gross National Income","2020","2020","USD","46071.636508","X","Figure from international organizations",""
"MK","Macro Indicators","056","Belgium","6129","Annual growth US$","22011","Gross National Income","2020","2020","%","-1.733262","X","Figure from international organizations",""
"MK","Macro Indicators","084","Belize","6110","Value US$","22008","Gross Domestic Product","2020","2020","million USD","2055.326783","X","Figure from international organizations",""
"MK","Macro Indicators","084","Belize","6119","Value US$ per capita","22008","Gross Domestic Product","2020","2020","USD","5259.125646","X","Figure from international organizations",""
"MK","Macro Indicators","084","Belize","6129","Annual growth US$","22008","Gross Domestic Product","2020","2020","%","-14.4522","X","Figure from international organizations",""
"MK","Macro Indicators","084","Belize","6110","Value US$","22011","Gross National Income","2020","2020","million USD","1996.473088","X","Figure from international organizations",""
"MK","Macro Indicators","084","Belize","6119","Value US$ per capita","22011","Gross National Income","2020","2020","USD","5108.532088","X","Figure from international organizations",""
"MK","Macro Indicators","084","Belize","6129","Annual growth US$","22011","Gross National Income","2020","2020","%","-10.790678","X","Figure from international organizations",""
"MK","Macro Indicators","204","Benin","6110","Value US$","22008","Gross Domestic Product","2020","2020","million USD","15686.741894","X","Figure from international organizations",""
"MK","Macro Indicators","204","Benin","6119","Value US$ per capita","22008","Gross Domestic Product","2020","2020","USD","1200.194266","X","Figure from international organizations",""
"MK","Macro Indicators","204","Benin","6129","Annual growth US$","22008","Gross Domestic Product","2020","2020","%","9.006041","X","Figure from international organizations",""
"MK","Macro Indicators","204","Benin","6110","Value US$","22011","Gross National Income","2020","2020","million USD","15523.668027","X","Figure from international organizations",""
"MK","Macro Indicators","204","Benin","6119","Value US$ per capita","22011","Gross National Income","2020","2020","USD","1187.717468","X","Figure from international organizations",""
"MK","Macro Indicators","204","Benin","6129","Annual growth US$","22011","Gross National Income","2020","2020","%","8.95917","X","Figure from international organizations",""
"MK","Macro Indicators","060","Bermuda","6110","Value US$","22008","Gross Domestic Product","2020","2020","million USD","6887.146767","X","Figure from international organizations",""
"MK","Macro Indicators","060","Bermuda","6119","Value US$ per capita","22008","Gross Domestic Product","2020","2020","USD","106973.172113","X","Figure from international organizations",""
"MK","Macro Indicators","060","Bermuda","6129","Annual growth US$","22008","Gross Domestic Product","2020","2020","%","-7.224633","X","Figure from international organizations",""
"MK","Macro Indicators","060","Bermuda","6110","Value US$","22011","Gross National Income","2020","2020","million USD","6885.248958","X","Figure from international organizations",""
"MK","Macro Indicators","060","Bermuda","6119","Value US$ per capita","22011","Gross National Income","2020","2020","USD","106943.69479","X","Figure from international organizations",""
"MK","Macro Indicators","060","Bermuda","6129","Annual growth US$","22011","Gross National Income","2020","2020","%","-5.983699","X","Figure from international organizations",""
"MK","Macro Indicators","064","Bhutan","6110","Value US$","22008","Gross Domestic Product","2020","2020","million USD","2457.604338","X","Figure from international organizations",""
"MK","Macro Indicators","064","Bhutan","6119","Value US$ per capita","22008","Gross Domestic Product","2020","2020","USD","3191.669075","X","Figure from international organizations",""
"MK","Macro Indicators","064","Bhutan","6129","Annual growth US$","22008","Gross Domestic Product","2020","2020","%","-10.164891","X","Figure from international organizations",""
"MK","Macro Indicators","064","Bhutan","6110","Value US$","22011","Gross National Income","2020","2020","million USD","2314.749746","X","Figure from international organizations",""
"MK","Macro Indicators","064","Bhutan","6119","Value US$ per capita","22011","Gross National Income","2020","2020","USD","3006.145077","X","Figure from international organizations",""
"MK","Macro Indicators","064","Bhutan","6129","Annual growth US$","22011","Gross National Income","2020","2020","%","-7.6367","X","Figure from international organizations",""
"MK","Macro Indicators","068","Bolivia (Plurinational State of)","6110","Value US$","22008","Gross Domestic Product","2020","2020","million USD","36629.843805","X","Figure from international organizations",""
"MK","Macro Indicators","068","Bolivia (Plurinational State of)","6119","Value US$ per capita","22008","Gross Domestic Product","2020","2020","USD","3099.942059","X","Figure from international organizations",""
"MK","Macro Indicators","068","Bolivia (Plurinational State of)","6129","Annual growth US$","22008","Gross Domestic Product","2020","2020","%","-10.430237","X","Figure from international organizations",""
"MK","Macro Indicators","068","Bolivia (Plurinational State of)","6110","Value US$","22011","Gross National Income","2020","2020","million USD","35765.385939","X","Figure from international organizations",""
"MK","Macro Indicators","068","Bolivia (Plurinational State of)","6119","Value US$ per capita","22011","Gross National Income","2020","2020","USD","3026.783972","X","Figure from international organizations",""
"MK","Macro Indicators","068","Bolivia (Plurinational State of)","6129","Annual growth US$","22011","Gross National Income","2020","2020","%","-10.430237","X","Figure from international organizations",""
"MK","Macro Indicators","070","Bosnia and Herzegovina","6110","Value US$","22008","Gross Domestic Product","2020","2020","million USD","20226.03082","X","Figure from international organizations",""
"MK","Macro Indicators","070","Bosnia and Herzegovina","6119","Value US$ per capita","22008","Gross Domestic Product","2020","2020","USD","6130.308662","X","Figure from international organizations",""
"MK","Macro Indicators","070","Bosnia and Herzegovina","6129","Annual growth US$","22008","Gross Domestic Product","2020","2020","%","-1.252637","X","Figure from international organizations",""
"MK","Macro Indicators","070","Bosnia and Herzegovina","6110","Value US$","22011","Gross National Income","2020","2020","million USD","20113.915817","X","Figure from international organizations",""
"MK","Macro Indicators","070","Bosnia and Herzegovina","6119","Value US$ per capita","22011","Gross National Income","2020","2020","USD","6096.327721","X","Figure from international organizations",""
"MK","Macro Indicators","070","Bosnia and Herzegovina","6129","Annual growth US$","22011","Gross National Income","2020","2020","%","-1.635409","X","Figure from international organizations",""
"MK","Macro Indicators","072","Botswana","6110","Value US$","22008","Gross Domestic Product","2020","2020","million USD","14930.027227","X","Figure from international organizations",""
"MK","Macro Indicators","072","Botswana","6119","Value US$ per capita","22008","Gross Domestic Product","2020","2020","USD","6310.523794","X","Figure from international organizations",""
"MK","Macro Indicators","072","Botswana","6129","Annual growth US$","22008","Gross Domestic Product","2020","2020","%","-10.577246","X","Figure from international organizations",""
"MK","Macro Indicators","072","Botswana","6110","Value US$","22011","Gross National Income","2020","2020","million USD","14711.543707","X","Figure from international organizations",""
"MK","Macro Indicators","072","Botswana","6119","Value US$ per capita","22011","Gross National Income","2020","2020","USD","6218.176645","X","Figure from international organizations",""
"MK","Macro Indicators","072","Botswana","6129","Annual growth US$","22011","Gross National Income","2020","2020","%","-7.006234","X","Figure from international organizations",""
"MK","Macro Indicators","076","Brazil","6110","Value US$","22008","Gross Domestic Product","2020","2020","million USD","1476107.292148","X","Figure from international organizations",""
"MK","Macro Indicators","076","Brazil","6119","Value US$ per capita","22008","Gross Domestic Product","2020","2020","USD","7074.194058","X","Figure from international organizations",""
"MK","Macro Indicators","076","Brazil","6129","Annual growth US$","22008","Gross Domestic Product","2020","2020","%","-21.202337","X","Figure from international organizations",""
"MK","Macro Indicators","076","Brazil","6110","Value US$","22011","Gross National Income","2020","2020","million USD","1445311.20018","X","Figure from international organizations",""
"MK","Macro Indicators","076","Brazil","6119","Value US$ per capita","22011","Gross National Income","2020","2020","USD","6926.604833","X","Figure from international organizations",""
"MK","Macro Indicators","076","Brazil","6129","Annual growth US$","22011","Gross National Income","2020","2020","%","-20.717736","X","Figure from international organizations",""
"MK","Macro Indicators","092","British Virgin Islands","6110","Value US$","22008","Gross Domestic Product","2020","2020","million USD","1428.75","X","Figure from international organizations",""
"MK","Macro Indicators","092","British Virgin Islands","6119","Value US$ per capita","22008","Gross Domestic Product","2020","2020","USD","38475.00303","X","Figure from international organizations",""
"MK","Macro Indicators","092","British Virgin Islands","6129","Annual growth US$","22008","Gross Domestic Product","2020","2020","%","-5.607711","X","Figure from international organizations",""
"MK","Macro Indicators","092","British Virgin Islands","6110","Value US$","22011","Gross National Income","2020","2020","million USD","1303.809133","X","Figure from international organizations",""
"MK","Macro Indicators","092","British Virgin Islands","6119","Value US$ per capita","22011","Gross National Income","2020","2020","USD","35110.453433","X","Figure from international organizations",""
"MK","Macro Indicators","092","British Virgin Islands","6129","Annual growth US$","22011","Gross National Income","2020","2020","%","-5.612483","X","Figure from international organizations",""
"MK","Macro Indicators","096","Brunei Darussalam","6110","Value US$","22008","Gross Domestic Product","2020","2020","million USD","12005.795925","X","Figure from international organizations",""
"MK","Macro Indicators","096","Brunei Darussalam","6119","Value US$ per capita","22008","Gross Domestic Product","2020","2020","USD","26834.380877","X","Figure from international organizations",""
"MK","Macro Indicators","096","Brunei Darussalam","6129","Annual growth US$","22008","Gross Domestic Product","2020","2020","%","-10.865084","X","Figure from international organizations",""
"MK","Macro Indicators","096","Brunei Darussalam","6110","Value US$","22011","Gross National Income","2020","2020","million USD","12367.566766","X","Figure from international organizations",""
"MK","Macro Indicators","096","Brunei Darussalam","6119","Value US$ per capita","22011","Gross National Income","2020","2020","USD","27642.981706","X","Figure from international organizations",""
"MK","Macro Indicators","096","Brunei Darussalam","6129","Annual growth US$","22011","Gross National Income","2020","2020","%","-10.576472","X","Figure from international organizations",""
"MK","Macro Indicators","100","Bulgaria","6110","Value US$","22008","Gross Domestic Product","2020","2020","million USD","70550.638765","X","Figure from international organizations",""
"MK","Macro Indicators","100","Bulgaria","6119","Value US$ per capita","22008","Gross Domestic Product","2020","2020","USD","10175.105235","X","Figure from international organizations",""
"MK","Macro Indicators","100","Bulgaria","6129","Annual growth US$","22008","Gross Domestic Product","2020","2020","%","2.792523","X","Figure from international organizations",""
"MK","Macro Indicators","100","Bulgaria","6110","Value US$","22011","Gross National Income","2020","2020","million USD","68001.720722","X","Figure from international organizations",""
"MK","Macro Indicators","100","Bulgaria","6119","Value US$ per capita","22011","Gross National Income","2020","2020","USD","9807.489722","X","Figure from international organizations",""
"MK","Macro Indicators","100","Bulgaria","6129","Annual growth US$","22011","Gross National Income","2020","2020","%","2.285611","X","Figure from international organizations",""
"MK","Macro Indicators","854","Burkina Faso","6110","Value US$","22008","Gross Domestic Product","2020","2020","million USD","17725.010546","X","Figure from international organizations",""
"MK","Macro Indicators","854","Burkina Faso","6119","Value US$ per capita","22008","Gross Domestic Product","2020","2020","USD","825.237059","X","Figure from international organizations",""
"MK","Macro Indicators","854","Burkina Faso","6129","Annual growth US$","22008","Gross Domestic Product","2020","2020","%","10.554586","X","Figure from international organizations",""
"MK","Macro Indicators","854","Burkina Faso","6110","Value US$","22011","Gross National Income","2020","2020","million USD","16949.484393","X","Figure from international organizations",""
"MK","Macro Indicators","854","Burkina Faso","6119","Value US$ per capita","22011","Gross National Income","2020","2020","USD","789.130286","X","Figure from international organizations",""
"MK","Macro Indicators","854","Burkina Faso","6129","Annual growth US$","22011","Gross National Income","2020","2020","%","10.325443","X","Figure from international organizations",""
"MK","Macro Indicators","108","Burundi","6110","Value US$","22008","Gross Domestic Product","2020","2020","million USD","3451.371638","X","Figure from international organizations",""
"MK","Macro Indicators","108","Burundi","6119","Value US$ per capita","22008","Gross Domestic Product","2020","2020","USD","273.548529","X","Figure from international organizations",""
"MK","Macro Indicators","108","Burundi","6129","Annual growth US$","22008","Gross Domestic Product","2020","2020","%","2.459167","X","Figure from international organizations",""
"MK","Macro Indicators","108","Burundi","6110","Value US$","22011","Gross National Income","2020","2020","million USD","3470.317136","X","Figure from international organizations",""
"MK","Macro Indicators","108","Burundi","6119","Value US$ per capita","22011","Gross National Income","2020","2020","USD","275.05011","X","Figure from international organizations",""
"MK","Macro Indicators","108","Burundi","6129","Annual growth US$","22011","Gross National Income","2020","2020","%","2.725951","X","Figure from international organizations",""
"MK","Macro Indicators","132","Cabo Verde","6110","Value US$","22008","Gross Domestic Product","2020","2020","million USD","1821.565618","X","Figure from international organizations",""
"MK","Macro Indicators","132","Cabo Verde","6119","Value US$ per capita","22008","Gross Domestic Product","2020","2020","USD","3539.223182","X","Figure from international organizations",""
"MK","Macro Indicators","132","Cabo Verde","6129","Annual growth US$","22008","Gross Domestic Product","2020","2020","%","-19.119789","X","Figure from international organizations",""
"MK","Macro Indicators","132","Cabo Verde","6110","Value US$","22011","Gross National Income","2020","2020","million USD","1783.145438","X","Figure from international organizations",""
"MK","Macro Indicators","132","Cabo Verde","6119","Value US$ per capita","22011","Gross National Income","2020","2020","USD","3464.574436","X","Figure from international organizations",""
"MK","Macro Indicators","132","Cabo Verde","6129","Annual growth US$","22011","Gross National Income","2020","2020","%","-19.306239","X","Figure from international organizations",""
"MK","Macro Indicators","116","Cambodia","6110","Value US$","22008","Gross Domestic Product","2020","2020","million USD","34418.014109","X","Figure from international organizations",""
"MK","Macro Indicators","116","Cambodia","6119","Value US$ per capita","22008","Gross Domestic Product","2020","2020","USD","2057.820014","X","Figure from international organizations",""
"MK","Macro Indicators","116","Cambodia","6129","Annual growth US$","22008","Gross Domestic Product","2020","2020","%","-4.34982","X","Figure from international organizations",""
"MK","Macro Indicators","116","Cambodia","6110","Value US$","22011","Gross National Income","2020","2020","million USD","29277.863655","X","Figure from international organizations",""
"MK","Macro Indicators","116","Cambodia","6119","Value US$ per capita","22011","Gross National Income","2020","2020","USD","1750.495354","X","Figure from international organizations",""
"MK","Macro Indicators","116","Cambodia","6129","Annual growth US$","22011","Gross National Income","2020","2020","%","-4.34982","X","Figure from international organizations",""
"MK","Macro Indicators","120","Cameroon","6110","Value US$","22008","Gross Domestic Product","2020","2020","million USD","40773.241212","X","Figure from international organizations",""
"MK","Macro Indicators","120","Cameroon","6119","Value US$ per capita","22008","Gross Domestic Product","2020","2020","USD","1555.603708","X","Figure from international organizations",""
"MK","Macro Indicators","120","Cameroon","6129","Annual growth US$","22008","Gross Domestic Product","2020","2020","%","2.778517","X","Figure from international organizations",""
"MK","Macro Indicators","120","Cameroon","6110","Value US$","22011","Gross National Income","2020","2020","million USD","40154.511783","X","Figure from international organizations",""
"MK","Macro Indicators","120","Cameroon","6119","Value US$ per capita","22011","Gross National Income","2020","2020","USD","1531.997594","X","Figure from international organizations",""
"MK","Macro Indicators","120","Cameroon","6129","Annual growth US$","22011","Gross National Income","2020","2020","%","3.483782","X","Figure from international organizations",""
"MK","Macro Indicators","124","Canada","6110","Value US$","22008","Gross Domestic Product","2020","2020","million USD","1655685.475627","X","Figure from international organizations",""
"MK","Macro Indicators","124","Canada","6119","Value US$ per capita","22008","Gross Domestic Product","2020","2020","USD","43374.455788","X","Figure from international organizations",""
"MK","Macro Indicators","124","Canada","6129","Annual growth US$","22008","Gross Domestic Product","2020","2020","%","-5.048944","X","Figure from international organizations",""
"MK","Macro Indicators","124","Canada","6110","Value US$","22011","Gross National Income","2020","2020","million USD","1643688.332921","X","Figure from international organizations",""
"MK","Macro Indicators","124","Canada","6119","Value US$ per capita","22011","Gross National Income","2020","2020","USD","43060.163282","X","Figure from international organizations",""
"MK","Macro Indicators","124","Canada","6129","Annual growth US$","22011","Gross National Income","2020","2020","%","-4.600112","X","Figure from international organizations",""
"MK","Macro Indicators","136","Cayman Islands","6110","Value US$","22008","Gross Domestic Product","2020","2020","million USD","5655.357943","X","Figure from international organizations",""
"MK","Macro Indicators","136","Cayman Islands","6119","Value US$ per capita","22008","Gross Domestic Product","2020","2020","USD","82338.197751","X","Figure from international organizations",""
"MK","Macro Indicators","136","Cayman Islands","6129","Annual growth US$","22008","Gross Domestic Product","2020","2020","%","-4.822344","X","Figure from international organizations",""
"MK","Macro Indicators","136","Cayman Islands","6110","Value US$","22011","Gross National Income","2020","2020","million USD","3859.466441","X","Figure from international organizations",""
"MK","Macro Indicators","136","Cayman Islands","6119","Value US$ per capita","22011","Gross National Income","2020","2020","USD","56191.228598","X","Figure from international organizations",""
"MK","Macro Indicators","136","Cayman Islands","6129","Annual growth US$","22011","Gross National Income","2020","2020","%","-12.361742","X","Figure from international organizations",""
"MK","Macro Indicators","140","Central African Republic","6110","Value US$","22008","Gross Domestic Product","2020","2020","million USD","2326.720902","X","Figure from international organizations",""
"MK","Macro Indicators","140","Central African Republic","6119","Value US$ per capita","22008","Gross Domestic Product","2020","2020","USD","462.879026","X","Figure from international organizations",""
"MK","Macro Indicators","140","Central African Republic","6129","Annual growth US$","22008","Gross Domestic Product","2020","2020","%","4.745846","X","Figure from international organizations",""
"MK","Macro Indicators","140","Central African Republic","6110","Value US$","22011","Gross National Income","2020","2020","million USD","2456.787987","X","Figure from international organizations",""
"MK","Macro Indicators","140","Central African Republic","6119","Value US$ per capita","22011","Gross National Income","2020","2020","USD","488.754637","X","Figure from international organizations",""
"MK","Macro Indicators","140","Central African Republic","6129","Annual growth US$","22011","Gross National Income","2020","2020","%","2.965793","X","Figure from international organizations",""
"MK","Macro Indicators","148","Chad","6110","Value US$","22008","Gross Domestic Product","2020","2020","million USD","14627.27463","X","Figure from international organizations",""
"MK","Macro Indicators","148","Chad","6119","Value US$ per capita","22008","Gross Domestic Product","2020","2020","USD","849.204483","X","Figure from international organizations",""
"MK","Macro Indicators","148","Chad","6129","Annual growth US$","22008","Gross Domestic Product","2020","2020","%","-2.165129","X","Figure from international organizations",""
"MK","Macro Indicators","148","Chad","6110","Value US$","22011","Gross National Income","2020","2020","million USD","14417.291464","X","Figure from international organizations",""
"MK","Macro Indicators","148","Chad","6119","Value US$ per capita","22011","Gross National Income","2020","2020","USD","837.013651","X","Figure from international organizations",""
"MK","Macro Indicators","148","Chad","6129","Annual growth US$","22011","Gross National Income","2020","2020","%","-2.063967","X","Figure from international organizations",""
"MK","Macro Indicators","152","Chile","6110","Value US$","22008","Gross Domestic Product","2020","2020","million USD","253880.204385","X","Figure from international organizations",""
"MK","Macro Indicators","152","Chile","6119","Value US$ per capita","22008","Gross Domestic Product","2020","2020","USD","13106.454618","X","Figure from international organizations",""
"MK","Macro Indicators","152","Chile","6129","Annual growth US$","22008","Gross Domestic Product","2020","2020","%","-8.735146","X","Figure from international organizations",""
"MK","Macro Indicators","152","Chile","6110","Value US$","22011","Gross National Income","2020","2020","million USD","238035.11386","X","Figure from international organizations",""
"MK","Macro Indicators","152","Chile","6119","Value US$ per capita","22011","Gross National Income","2020","2020","USD","12288.458744","X","Figure from international organizations",""
"MK","Macro Indicators","152","Chile","6129","Annual growth US$","22011","Gross National Income","2020","2020","%","-11.096954","X","Figure from international organizations",""
"MK","Macro Indicators","344","China, Hong Kong SAR","6110","Value US$","22008","Gross Domestic Product","2020","2020","million USD","344940.92623","X","Figure from international organizations",""
"MK","Macro Indicators","344","China, Hong Kong SAR","6119","Value US$ per capita","22008","Gross Domestic Product","2020","2020","USD","46052.080236","X","Figure from international organizations",""
"MK","Macro Indicators","344","China, Hong Kong SAR","6129","Annual growth US$","22008","Gross Domestic Product","2020","2020","%","-4.994466","X","Figure from international organizations",""
"MK","Macro Indicators","344","China, Hong Kong SAR","6110","Value US$","22011","Gross National Income","2020","2020","million USD","365061.84537","X","Figure from international organizations",""
"MK","Macro Indicators","344","China, Hong Kong SAR","6119","Value US$ per capita","22011","Gross National Income","2020","2020","USD","48738.36682","X","Figure from international organizations",""
"MK","Macro Indicators","344","China, Hong Kong SAR","6129","Annual growth US$","22011","Gross National Income","2020","2020","%","-4.287588","X","Figure from international organizations",""
"MK","Macro Indicators","446","China, Macao SAR","6110","Value US$","22008","Gross Domestic Product","2020","2020","million USD","25343.5262","X","Figure from international organizations",""
"MK","Macro Indicators","446","China, Macao SAR","6119","Value US$ per capita","22008","Gross Domestic Product","2020","2020","USD","37102.575225","X","Figure from international organizations",""
"MK","Macro Indicators","446","China, Macao SAR","6129","Annual growth US$","22008","Gross Domestic Product","2020","2020","%","-53.989703","X","Figure from international organizations",""
"MK","Macro Indicators","446","China, Macao SAR","6110","Value US$","22011","Gross National Income","2020","2020","million USD","30051.625899","X","Figure from international organizations",""
"MK","Macro Indicators","446","China, Macao SAR","6119","Value US$ per capita","22011","Gross National Income","2020","2020","USD","43995.168697","X","Figure from international organizations",""
"MK","Macro Indicators","446","China, Macao SAR","6129","Annual growth US$","22011","Gross National Income","2020","2020","%","-38.331543","X","Figure from international organizations",""
"MK","Macro Indicators","156","China, mainland","6110","Value US$","22008","Gross Domestic Product","2020","2020","million USD","14687743.55697","X","Figure from international organizations",""
"MK","Macro Indicators","156","China, mainland","6119","Value US$ per capita","22008","Gross Domestic Product","2020","2020","USD","10299.194169","X","Figure from international organizations",""
"MK","Macro Indicators","156","China, mainland","6129","Annual growth US$","22008","Gross Domestic Product","2020","2020","%","2.855574","X","Figure from international organizations",""
"MK","Macro Indicators","156","China, mainland","6110","Value US$","22011","Gross National Income","2020","2020","million USD","14570137.793971","X","Figure from international organizations",""
"MK","Macro Indicators","156","China, mainland","6119","Value US$ per capita","22011","Gross National Income","2020","2020","USD","10216.72782","X","Figure from international organizations",""
"MK","Macro Indicators","156","China, mainland","6129","Annual growth US$","22011","Gross National Income","2020","2020","%","2.318677","X","Figure from international organizations",""
"MK","Macro Indicators","170","Colombia","6110","Value US$","22008","Gross Domestic Product","2020","2020","million USD","270348.342517","X","Figure from international organizations",""
"MK","Macro Indicators","170","Colombia","6119","Value US$ per capita","22008","Gross Domestic Product","2020","2020","USD","5339.68706","X","Figure from international organizations",""
"MK","Macro Indicators","170","Colombia","6129","Annual growth US$","22008","Gross Domestic Product","2020","2020","%","-16.309037","X","Figure from international organizations",""
"MK","Macro Indicators","170","Colombia","6110","Value US$","22011","Gross National Income","2020","2020","million USD","267833.50192","X","Figure from international organizations",""
"MK","Macro Indicators","170","Colombia","6119","Value US$ per capita","22011","Gross National Income","2020","2020","USD","5290.0161","X","Figure from international organizations",""
"MK","Macro Indicators","170","Colombia","6129","Annual growth US$","22011","Gross National Income","2020","2020","%","-15.237608","X","Figure from international organizations",""
"MK","Macro Indicators","174","Comoros","6110","Value US$","22008","Gross Domestic Product","2020","2020","million USD","1223.87603","X","Figure from international organizations",""
"MK","Macro Indicators","174","Comoros","6119","Value US$ per capita","22008","Gross Domestic Product","2020","2020","USD","1525.718921","X","Figure from international organizations",""
"MK","Macro Indicators","174","Comoros","6129","Annual growth US$","22008","Gross Domestic Product","2020","2020","%","2.41473","X","Figure from international organizations",""
"MK","Macro Indicators","174","Comoros","6110","Value US$","22011","Gross National Income","2020","2020","million USD","1228.617451","X","Figure from international organizations",""
"MK","Macro Indicators","174","Comoros","6119","Value US$ per capita","22011","Gross National Income","2020","2020","USD","1531.629712","X","Figure from international organizations",""
"MK","Macro Indicators","174","Comoros","6129","Annual growth US$","22011","Gross National Income","2020","2020","%","2.328162","X","Figure from international organizations",""
"MK","Macro Indicators","178","Congo","6110","Value US$","22008","Gross Domestic Product","2020","2020","million USD","11468.688141","X","Figure from international organizations",""
"MK","Macro Indicators","178","Congo","6119","Value US$ per capita","22008","Gross Domestic Product","2020","2020","USD","1993.586963","X","Figure from international organizations",""
"MK","Macro Indicators","178","Congo","6129","Annual growth US$","22008","Gross Domestic Product","2020","2020","%","-17.943867","X","Figure from international organizations",""
"MK","Macro Indicators","178","Congo","6110","Value US$","22011","Gross National Income","2020","2020","million USD","11405.929492","X","Figure from international organizations",""
"MK","Macro Indicators","178","Congo","6119","Value US$ per capita","22011","Gross National Income","2020","2020","USD","1982.67771","X","Figure from international organizations",""
"MK","Macro Indicators","178","Congo","6129","Annual growth US$","22011","Gross National Income","2020","2020","%","-9.248965","X","Figure from international organizations",""
"MK","Macro Indicators","184","Cook Islands","6110","Value US$","22008","Gross Domestic Product","2020","2020","million USD","283.394597","X","Figure from international organizations",""
"MK","Macro Indicators","184","Cook Islands","6119","Value US$ per capita","22008","Gross Domestic Product","2020","2020","USD","18115.805098","X","Figure from international organizations",""
"MK","Macro Indicators","184","Cook Islands","6129","Annual growth US$","22008","Gross Domestic Product","2020","2020","%","-20.572266","X","Figure from international organizations",""
"MK","Macro Indicators","184","Cook Islands","6110","Value US$","22011","Gross National Income","2020","2020","million USD","283.394597","X","Figure from international organizations",""
"MK","Macro Indicators","184","Cook Islands","6119","Value US$ per capita","22011","Gross National Income","2020","2020","USD","18115.805098","X","Figure from international organizations",""
"MK","Macro Indicators","184","Cook Islands","6129","Annual growth US$","22011","Gross National Income","2020","2020","%","-20.572266","X","Figure from international organizations",""
"MK","Macro Indicators","188","Costa Rica","6110","Value US$","22008","Gross Domestic Product","2020","2020","million USD","62395.610764","X","Figure from international organizations",""
"MK","Macro Indicators","188","Costa Rica","6119","Value US$ per capita","22008","Gross Domestic Product","2020","2020","USD","12394.049398","X","Figure from international organizations",""
"MK","Macro Indicators","188","Costa Rica","6129","Annual growth US$","22008","Gross Domestic Product","2020","2020","%","-3.138983","X","Figure from international organizations",""
"MK","Macro Indicators","188","Costa Rica","6110","Value US$","22011","Gross National Income","2020","2020","million USD","58780.239949","X","Figure from international organizations",""
"MK","Macro Indicators","188","Costa Rica","6119","Value US$ per capita","22011","Gross National Income","2020","2020","USD","11675.904581","X","Figure from international organizations",""
"MK","Macro Indicators","188","Costa Rica","6129","Annual growth US$","22011","Gross National Income","2020","2020","%","-2.963387","X","Figure from international organizations",""
"MK","Macro Indicators","384","Côte d'Ivoire","6110","Value US$","22008","Gross Domestic Product","2020","2020","million USD","63027.852859","X","Figure from international organizations",""
"MK","Macro Indicators","384","Côte d'Ivoire","6119","Value US$ per capita","22008","Gross Domestic Product","2020","2020","USD","2179.729312","X","Figure from international organizations",""
"MK","Macro Indicators","384","Côte d'Ivoire","6129","Annual growth US$","22008","Gross Domestic Product","2020","2020","%","4.380145","X","Figure from international organizations",""
"MK","Macro Indicators","384","Côte d'Ivoire","6110","Value US$","22011","Gross National Income","2020","2020","million USD","61181.44537","X","Figure from international organizations",""
"MK","Macro Indicators","384","Côte d'Ivoire","6119","Value US$ per capita","22011","Gross National Income","2020","2020","USD","2115.873916","X","Figure from international organizations",""
"MK","Macro Indicators","384","Côte d'Ivoire","6129","Annual growth US$","22011","Gross National Income","2020","2020","%","4.226356","X","Figure from international organizations",""
"MK","Macro Indicators","191","Croatia","6110","Value US$","22008","Gross Domestic Product","2020","2020","million USD","57809.321773","X","Figure from international organizations",""
"MK","Macro Indicators","191","Croatia","6119","Value US$ per capita","22008","Gross Domestic Product","2020","2020","USD","14620.621102","X","Figure from international organizations",""
"MK","Macro Indicators","191","Croatia","6129","Annual growth US$","22008","Gross Domestic Product","2020","2020","%","-7.456421","X","Figure from international organizations",""
"MK","Macro Indicators","191","Croatia","6110","Value US$","22011","Gross National Income","2020","2020","million USD","58521.764627","X","Figure from international organizations",""
"MK","Macro Indicators","191","Croatia","6119","Value US$ per capita","22011","Gross National Income","2020","2020","USD","14800.805832","X","Figure from international organizations",""
"MK","Macro Indicators","191","Croatia","6129","Annual growth US$","22011","Gross National Income","2020","2020","%","-5.798069","X","Figure from international organizations",""
"MK","Macro Indicators","192","Cuba","6110","Value US$","22008","Gross Domestic Product","2020","2020","million USD","107352","X","Figure from international organizations",""
"MK","Macro Indicators","192","Cuba","6119","Value US$ per capita","22008","Gross Domestic Product","2020","2020","USD","9605.279146","X","Figure from international organizations",""
"MK","Macro Indicators","192","Cuba","6129","Annual growth US$","22008","Gross Domestic Product","2020","2020","%","3.793944","X","Figure from international organizations",""
"MK","Macro Indicators","192","Cuba","6110","Value US$","22011","Gross National Income","2020","2020","million USD","105542","X","Figure from international organizations",""
"MK","Macro Indicators","192","Cuba","6119","Value US$ per capita","22011","Gross National Income","2020","2020","USD","9443.330088","X","Figure from international organizations",""
"MK","Macro Indicators","192","Cuba","6129","Annual growth US$","22011","Gross National Income","2020","2020","%","3.967311","X","Figure from international organizations",""
"MK","Macro Indicators","531","Curaçao","6110","Value US$","22008","Gross Domestic Product","2020","2020","million USD","2534.327593","X","Figure from international organizations",""
"MK","Macro Indicators","531","Curaçao","6119","Value US$ per capita","22008","Gross Domestic Product","2020","2020","USD","13697.735316","X","Figure from international organizations",""
"MK","Macro Indicators","531","Curaçao","6129","Annual growth US$","22008","Gross Domestic Product","2020","2020","%","-16.251697","X","Figure from international organizations",""
"MK","Macro Indicators","531","Curaçao","6110","Value US$","22011","Gross National Income","2020","2020","million USD","2551.929888","X","Figure from international organizations",""
"MK","Macro Indicators","531","Curaçao","6119","Value US$ per capita","22011","Gross National Income","2020","2020","USD","13792.873603","X","Figure from international organizations",""
"MK","Macro Indicators","531","Curaçao","6129","Annual growth US$","22011","Gross National Income","2020","2020","%","-16.017714","X","Figure from international organizations",""
"MK","Macro Indicators","196","Cyprus","6110","Value US$","22008","Gross Domestic Product","2020","2020","million USD","25555.038863","X","Figure from international organizations",""
"MK","Macro Indicators","196","Cyprus","6119","Value US$ per capita","22008","Gross Domestic Product","2020","2020","USD","19623.795679","X","Figure from international organizations",""
"MK","Macro Indicators","196","Cyprus","6129","Annual growth US$","22008","Gross Domestic Product","2020","2020","%","-2.449438","X","Figure from international organizations",""
"MK","Macro Indicators","196","Cyprus","6110","Value US$","22011","Gross National Income","2020","2020","million USD","23839.841801","X","Figure from international organizations",""
"MK","Macro Indicators","196","Cyprus","6119","Value US$ per capita","22011","Gross National Income","2020","2020","USD","18306.690396","X","Figure from international organizations",""
"MK","Macro Indicators","196","Cyprus","6129","Annual growth US$","22011","Gross National Income","2020","2020","%","-3.846344","X","Figure from international organizations",""
"MK","Macro Indicators","203","Czechia","6110","Value US$","22008","Gross Domestic Product","2020","2020","million USD","251109.660603","X","Figure from international organizations",""
"MK","Macro Indicators","203","Czechia","6119","Value US$ per capita","22008","Gross Domestic Product","2020","2020","USD","23801.571403","X","Figure from international organizations",""
"MK","Macro Indicators","203","Czechia","6129","Annual growth US$","22008","Gross Domestic Product","2020","2020","%","-2.213659","X","Figure from international organizations",""
"MK","Macro Indicators","203","Czechia","6110","Value US$","22011","Gross National Income","2020","2020","million USD","238151.549423","X","Figure from international organizations",""
"MK","Macro Indicators","203","Czechia","6119","Value US$ per capita","22011","Gross National Income","2020","2020","USD","22573.329495","X","Figure from international organizations",""
"MK","Macro Indicators","203","Czechia","6129","Annual growth US$","22011","Gross National Income","2020","2020","%","-1.149176","X","Figure from international organizations",""
"MK","Macro Indicators","408","Democratic People's Republic of Korea","6110","Value US$","22008","Gross Domestic Product","2020","2020","million USD","15847.37162","X","Figure from international organizations",""
"MK","Macro Indicators","408","Democratic People's Republic of Korea","6119","Value US$ per capita","22008","Gross Domestic Product","2020","2020","USD","606.335416","X","Figure from international organizations",""
"MK","Macro Indicators","408","Democratic People's Republic of Korea","6129","Annual growth US$","22008","Gross Domestic Product","2020","2020","%","-2.964101","X","Figure from international organizations",""
"MK","Macro Indicators","408","Democratic People's Republic of Korea","6110","Value US$","22011","Gross National Income","2020","2020","million USD","16002.689149","X","Figure from international organizations",""
"MK","Macro Indicators","408","Democratic People's Republic of Korea","6119","Value US$ per capita","22011","Gross National Income","2020","2020","USD","612.278012","X","Figure from international organizations",""
"MK","Macro Indicators","408","Democratic People's Republic of Korea","6129","Annual growth US$","22011","Gross National Income","2020","2020","%","-2.897702","X","Figure from international organizations",""
"MK","Macro Indicators","180","Democratic Republic of the Congo","6110","Value US$","22008","Gross Domestic Product","2020","2020","million USD","45307.652693","X","Figure from international organizations",""
"MK","Macro Indicators","180","Democratic Republic of the Congo","6119","Value US$ per capita","22008","Gross Domestic Product","2020","2020","USD","472.003892","X","Figure from international organizations",""
"MK","Macro Indicators","180","Democratic Republic of the Congo","6129","Annual growth US$","22008","Gross Domestic Product","2020","2020","%","-4.251888","X","Figure from international organizations",""
"MK","Macro Indicators","180","Democratic Republic of the Congo","6110","Value US$","22011","Gross National Income","2020","2020","million USD","44491.509925","X","Figure from international organizations",""
"MK","Macro Indicators","180","Democratic Republic of the Congo","6119","Value US$ per capita","22011","Gross National Income","2020","2020","USD","463.501519","X","Figure from international organizations",""
"MK","Macro Indicators","180","Democratic Republic of the Congo","6129","Annual growth US$","22011","Gross National Income","2020","2020","%","-4.251888","X","Figure from international organizations",""
"MK","Macro Indicators","208","Denmark","6110","Value US$","22008","Gross Domestic Product","2020","2020","million USD","355631.021932","X","Figure from international organizations",""
"MK","Macro Indicators","208","Denmark","6119","Value US$ per capita","22008","Gross Domestic Product","2020","2020","USD","60984.170866","X","Figure from international organizations",""
"MK","Macro Indicators","208","Denmark","6129","Annual growth US$","22008","Gross Domestic Product","2020","2020","%","2.96164","X","Figure from international organizations",""
"MK","Macro Indicators","208","Denmark","6110","Value US$","22011","Gross National Income","2020","2020","million USD","367136.215276","X","Figure from international organizations",""
"MK","Macro Indicators","208","Denmark","6119","Value US$ per capita","22011","Gross National Income","2020","2020","USD","62957.099642","X","Figure from international organizations",""
"MK","Macro Indicators","208","Denmark","6129","Annual growth US$","22011","Gross National Income","2020","2020","%","3.289589","X","Figure from international organizations",""
"MK","Macro Indicators","262","Djibouti","6110","Value US$","22008","Gross Domestic Product","2020","2020","million USD","3181.070329","X","Figure from international organizations",""
"MK","Macro Indicators","262","Djibouti","6119","Value US$ per capita","22008","Gross Domestic Product","2020","2020","USD","2878.305673","X","Figure from international organizations",""
"MK","Macro Indicators","262","Djibouti","6129","Annual growth US$","22008","Gross Domestic Product","2020","2020","%","2.985496","X","Figure from international organizations",""
"MK","Macro Indicators","262","Djibouti","6110","Value US$","22011","Gross National Income","2020","2020","million USD","3203.448654","X","Figure from international organizations",""
"MK","Macro Indicators","262","Djibouti","6119","Value US$ per capita","22011","Gross National Income","2020","2020","USD","2898.554096","X","Figure from international organizations",""
"MK","Macro Indicators","262","Djibouti","6129","Annual growth US$","22011","Gross National Income","2020","2020","%","2.844018","X","Figure from international organizations",""
"MK","Macro Indicators","212","Dominica","6110","Value US$","22008","Gross Domestic Product","2020","2020","million USD","506.614815","X","Figure from international organizations",""
"MK","Macro Indicators","212","Dominica","6119","Value US$ per capita","22008","Gross Domestic Product","2020","2020","USD","7497.296477","X","Figure from international organizations",""
"MK","Macro Indicators","212","Dominica","6129","Annual growth US$","22008","Gross Domestic Product","2020","2020","%","-17.157133","X","Figure from international organizations",""
"MK","Macro Indicators","212","Dominica","6110","Value US$","22011","Gross National Income","2020","2020","million USD","515.330176","X","Figure from international organizations",""
"MK","Macro Indicators","212","Dominica","6119","Value US$ per capita","22011","Gross National Income","2020","2020","USD","7626.273457","X","Figure from international organizations",""
"MK","Macro Indicators","212","Dominica","6129","Annual growth US$","22011","Gross National Income","2020","2020","%","-14.232876","X","Figure from international organizations",""
"MK","Macro Indicators","214","Dominican Republic","6110","Value US$","22008","Gross Domestic Product","2020","2020","million USD","78844.655832","X","Figure from international organizations",""
"MK","Macro Indicators","214","Dominican Republic","6119","Value US$ per capita","22008","Gross Domestic Product","2020","2020","USD","7162.29171","X","Figure from international organizations",""
"MK","Macro Indicators","214","Dominican Republic","6129","Annual growth US$","22008","Gross Domestic Product","2020","2020","%","-11.352103","X","Figure from international organizations",""
"MK","Macro Indicators","214","Dominican Republic","6110","Value US$","22011","Gross National Income","2020","2020","million USD","75019.655855","X","Figure from international organizations",""
"MK","Macro Indicators","214","Dominican Republic","6119","Value US$ per capita","22011","Gross National Income","2020","2020","USD","6814.826618","X","Figure from international organizations",""
"MK","Macro Indicators","214","Dominican Republic","6129","Annual growth US$","22011","Gross National Income","2020","2020","%","-11.608966","X","Figure from international organizations",""
"MK","Macro Indicators","218","Ecuador","6110","Value US$","22008","Gross Domestic Product","2020","2020","million USD","95865.473","X","Figure from international organizations",""
"MK","Macro Indicators","218","Ecuador","6119","Value US$ per capita","22008","Gross Domestic Product","2020","2020","USD","5463.645309","X","Figure from international organizations",""
"MK","Macro Indicators","218","Ecuador","6129","Annual growth US$","22008","Gross Domestic Product","2020","2020","%","-10.902241","X","Figure from international organizations",""
"MK","Macro Indicators","218","Ecuador","6110","Value US$","22011","Gross National Income","2020","2020","million USD","92587.455","X","Figure from international organizations",""
"MK","Macro Indicators","218","Ecuador","6119","Value US$ per capita","22011","Gross National Income","2020","2020","USD","5276.821763","X","Figure from international organizations",""
"MK","Macro Indicators","218","Ecuador","6129","Annual growth US$","22011","Gross National Income","2020","2020","%","-11.400878","X","Figure from international organizations",""
"MK","Macro Indicators","818","Egypt","6110","Value US$","22008","Gross Domestic Product","2020","2020","million USD","390413.8899","X","Figure from international organizations",""
"MK","Macro Indicators","818","Egypt","6119","Value US$ per capita","22008","Gross Domestic Product","2020","2020","USD","3571.453587","X","Figure from international organizations",""
"MK","Macro Indicators","818","Egypt","6129","Annual growth US$","22008","Gross Domestic Product","2020","2020","%","17.002646","X","Figure from international organizations",""
"MK","Macro Indicators","818","Egypt","6110","Value US$","22011","Gross National Income","2020","2020","million USD","378864.767305","X","Figure from international organizations",""
"MK","Macro Indicators","818","Egypt","6119","Value US$ per capita","22011","Gross National Income","2020","2020","USD","3465.803771","X","Figure from international organizations",""
"MK","Macro Indicators","818","Egypt","6129","Annual growth US$","22011","Gross National Income","2020","2020","%","17.604461","X","Figure from international organizations",""
"MK","Macro Indicators","222","El Salvador","6110","Value US$","22008","Gross Domestic Product","2020","2020","million USD","24921.192366","X","Figure from international organizations",""
"MK","Macro Indicators","222","El Salvador","6119","Value US$ per capita","22008","Gross Domestic Product","2020","2020","USD","3997.192855","X","Figure from international organizations",""
"MK","Macro Indicators","222","El Salvador","6129","Annual growth US$","22008","Gross Domestic Product","2020","2020","%","-7.291151","X","Figure from international organizations",""
"MK","Macro Indicators","222","El Salvador","6110","Value US$","22011","Gross National Income","2020","2020","million USD","23543.805834","X","Figure from international organizations",""
"MK","Macro Indicators","222","El Salvador","6119","Value US$ per capita","22011","Gross National Income","2020","2020","USD","3776.269252","X","Figure from international organizations",""
"MK","Macro Indicators","222","El Salvador","6129","Annual growth US$","22011","Gross National Income","2020","2020","%","-7.816075","X","Figure from international organizations",""
"MK","Macro Indicators","226","Equatorial Guinea","6110","Value US$","22008","Gross Domestic Product","2020","2020","million USD","9893.815964","X","Figure from international organizations",""
"MK","Macro Indicators","226","Equatorial Guinea","6119","Value US$ per capita","22008","Gross Domestic Product","2020","2020","USD","5764.053325","X","Figure from international organizations",""
"MK","Macro Indicators","226","Equatorial Guinea","6129","Annual growth US$","22008","Gross Domestic Product","2020","2020","%","-12.938216","X","Figure from international organizations",""
"MK","Macro Indicators","226","Equatorial Guinea","6110","Value US$","22011","Gross National Income","2020","2020","million USD","9349.774006","X","Figure from international organizations",""
"MK","Macro Indicators","226","Equatorial Guinea","6119","Value US$ per capita","22011","Gross National Income","2020","2020","USD","5447.099091","X","Figure from international organizations",""
"MK","Macro Indicators","226","Equatorial Guinea","6129","Annual growth US$","22011","Gross National Income","2020","2020","%","-10.760312","X","Figure from international organizations",""
"MK","Macro Indicators","232","Eritrea","6110","Value US$","22008","Gross Domestic Product","2020","2020","million USD","2112.199005","X","Figure from international organizations",""
"MK","Macro Indicators","232","Eritrea","6119","Value US$ per capita","22008","Gross Domestic Product","2020","2020","USD","641.757949","X","Figure from international organizations",""
"MK","Macro Indicators","232","Eritrea","6129","Annual growth US$","22008","Gross Domestic Product","2020","2020","%","6.576759","X","Figure from international organizations",""
"MK","Macro Indicators","232","Eritrea","6110","Value US$","22011","Gross National Income","2020","2020","million USD","2088.114365","X","Figure from international organizations",""
"MK","Macro Indicators","232","Eritrea","6119","Value US$ per capita","22011","Gross National Income","2020","2020","USD","634.440216","X","Figure from international organizations",""
"MK","Macro Indicators","232","Eritrea","6129","Annual growth US$","22011","Gross National Income","2020","2020","%","6.576759","X","Figure from international organizations",""
"MK","Macro Indicators","233","Estonia","6110","Value US$","22008","Gross Domestic Product","2020","2020","million USD","31820.771494","X","Figure from international organizations",""
"MK","Macro Indicators","233","Estonia","6119","Value US$ per capita","22008","Gross Domestic Product","2020","2020","USD","23931.338948","X","Figure from international organizations",""
"MK","Macro Indicators","233","Estonia","6129","Annual growth US$","22008","Gross Domestic Product","2020","2020","%","-0.16621","X","Figure from international organizations",""
"MK","Macro Indicators","233","Estonia","6110","Value US$","22011","Gross National Income","2020","2020","million USD","31369.159717","X","Figure from international organizations",""
"MK","Macro Indicators","233","Estonia","6119","Value US$ per capita","22011","Gross National Income","2020","2020","USD","23591.696821","X","Figure from international organizations",""
"MK","Macro Indicators","233","Estonia","6129","Annual growth US$","22011","Gross National Income","2020","2020","%","0.360038","X","Figure from international organizations",""
"MK","Macro Indicators","748","Eswatini","6110","Value US$","22008","Gross Domestic Product","2020","2020","million USD","3982.236917","X","Figure from international organizations",""
"MK","Macro Indicators","748","Eswatini","6119","Value US$ per capita","22008","Gross Domestic Product","2020","2020","USD","3338.759473","X","Figure from international organizations",""
"MK","Macro Indicators","748","Eswatini","6129","Annual growth US$","22008","Gross Domestic Product","2020","2020","%","-11.412682","X","Figure from international organizations",""
"MK","Macro Indicators","748","Eswatini","6110","Value US$","22011","Gross National Income","2020","2020","million USD","3595.524145","X","Figure from international organizations",""
"MK","Macro Indicators","748","Eswatini","6119","Value US$ per capita","22011","Gross National Income","2020","2020","USD","3014.534431","X","Figure from international organizations",""
"MK","Macro Indicators","748","Eswatini","6129","Annual growth US$","22011","Gross National Income","2020","2020","%","-10.411451","X","Figure from international organizations",""
"MK","Macro Indicators","231","Ethiopia","6110","Value US$","22008","Gross Domestic Product","2020","2020","million USD","96622.412983","X","Figure from international organizations",""
"MK","Macro Indicators","231","Ethiopia","6119","Value US$ per capita","22008","Gross Domestic Product","2020","2020","USD","812.515178","X","Figure from international organizations",""
"MK","Macro Indicators","231","Ethiopia","6129","Annual growth US$","22008","Gross Domestic Product","2020","2020","%","4.386806","X","Figure from international organizations",""
"MK","Macro Indicators","231","Ethiopia","6110","Value US$","22011","Gross National Income","2020","2020","million USD","96072.497186","X","Figure from international organizations",""
"MK","Macro Indicators","231","Ethiopia","6119","Value US$ per capita","22011","Gross National Income","2020","2020","USD","807.890837","X","Figure from international organizations",""
"MK","Macro Indicators","231","Ethiopia","6129","Annual growth US$","22011","Gross National Income","2020","2020","%","4.434711","X","Figure from international organizations",""
"MK","Macro Indicators","242","Fiji","6110","Value US$","22008","Gross Domestic Product","2020","2020","million USD","4432.466392","X","Figure from international organizations",""
"MK","Macro Indicators","242","Fiji","6119","Value US$ per capita","22008","Gross Domestic Product","2020","2020","USD","4844.421459","X","Figure from international organizations",""
"MK","Macro Indicators","242","Fiji","6129","Annual growth US$","22008","Gross Domestic Product","2020","2020","%","-18.586791","X","Figure from international organizations",""
"MK","Macro Indicators","242","Fiji","6110","Value US$","22011","Gross National Income","2020","2020","million USD","4151.410714","X","Figure from international organizations",""
"MK","Macro Indicators","242","Fiji","6119","Value US$ per capita","22011","Gross National Income","2020","2020","USD","4537.244363","X","Figure from international organizations",""
"MK","Macro Indicators","242","Fiji","6129","Annual growth US$","22011","Gross National Income","2020","2020","%","-16.867384","X","Figure from international organizations",""
"MK","Macro Indicators","246","Finland","6110","Value US$","22008","Gross Domestic Product","2020","2020","million USD","270000.311606","X","Figure from international organizations",""
"MK","Macro Indicators","246","Finland","6119","Value US$ per capita","22008","Gross Domestic Product","2020","2020","USD","48828.075389","X","Figure from international organizations",""
"MK","Macro Indicators","246","Finland","6129","Annual growth US$","22008","Gross Domestic Product","2020","2020","%","1.118099","X","Figure from international organizations",""
"MK","Macro Indicators","246","Finland","6110","Value US$","22011","Gross National Income","2020","2020","million USD","276322.367069","X","Figure from international organizations",""
"MK","Macro Indicators","246","Finland","6119","Value US$ per capita","22011","Gross National Income","2020","2020","USD","49971.384442","X","Figure from international organizations",""
"MK","Macro Indicators","246","Finland","6129","Annual growth US$","22011","Gross National Income","2020","2020","%","2.379647","X","Figure from international organizations",""
"MK","Macro Indicators","250","France","6110","Value US$","22008","Gross Domestic Product","2020","2020","million USD","2647926.05511","X","Figure from international organizations",""
"MK","Macro Indicators","250","France","6119","Value US$ per capita","22008","Gross Domestic Product","2020","2020","USD","40177.754431","X","Figure from international organizations",""
"MK","Macro Indicators","250","France","6129","Annual growth US$","22008","Gross Domestic Product","2020","2020","%","-2.749656","X","Figure from international organizations",""
"MK","Macro Indicators","250","France","6110","Value US$","22011","Gross National Income","2020","2020","million USD","2701220.126016","X","Figure from international organizations",""
"MK","Macro Indicators","250","France","6119","Value US$ per capita","22011","Gross National Income","2020","2020","USD","40986.400915","X","Figure from international organizations",""
"MK","Macro Indicators","250","France","6129","Annual growth US$","22011","Gross National Income","2020","2020","%","-3.668715","X","Figure from international organizations",""
"MK","Macro Indicators","258","French Polynesia","6110","Value US$","22008","Gross Domestic Product","2020","2020","million USD","5792.541445","X","Figure from international organizations",""
"MK","Macro Indicators","258","French Polynesia","6119","Value US$ per capita","22008","Gross Domestic Product","2020","2020","USD","20746.25619","X","Figure from international organizations",""
"MK","Macro Indicators","258","French Polynesia","6129","Annual growth US$","22008","Gross Domestic Product","2020","2020","%","-3.81475","X","Figure from international organizations",""
"MK","Macro Indicators","258","French Polynesia","6110","Value US$","22011","Gross National Income","2020","2020","million USD","5792.541445","X","Figure from international organizations",""
"MK","Macro Indicators","258","French Polynesia","6119","Value US$ per capita","22011","Gross National Income","2020","2020","USD","20746.25619","X","Figure from international organizations",""
"MK","Macro Indicators","258","French Polynesia","6129","Annual growth US$","22011","Gross National Income","2020","2020","%","-3.81475","X","Figure from international organizations",""
"MK","Macro Indicators","266","Gabon","6110","Value US$","22008","Gross Domestic Product","2020","2020","million USD","15342.277142","X","Figure from international organizations",""
"MK","Macro Indicators","266","Gabon","6119","Value US$ per capita","22008","Gross Domestic Product","2020","2020","USD","6605.821104","X","Figure from international organizations",""
"MK","Macro Indicators","266","Gabon","6129","Annual growth US$","22008","Gross Domestic Product","2020","2020","%","-9.079599","X","Figure from international organizations",""
"MK","Macro Indicators","266","Gabon","6110","Value US$","22011","Gross National Income","2020","2020","million USD","14529.585524","X","Figure from international organizations",""
"MK","Macro Indicators","266","Gabon","6119","Value US$ per capita","22011","Gross National Income","2020","2020","USD","6255.905939","X","Figure from international organizations",""
"MK","Macro Indicators","266","Gabon","6129","Annual growth US$","22011","Gross National Income","2020","2020","%","-6.328024","X","Figure from international organizations",""
"MK","Macro Indicators","270","Gambia","6110","Value US$","22008","Gross Domestic Product","2020","2020","million USD","1812.170702","X","Figure from international organizations",""
"MK","Macro Indicators","270","Gambia","6119","Value US$ per capita","22008","Gross Domestic Product","2020","2020","USD","720.334925","X","Figure from international organizations",""
"MK","Macro Indicators","270","Gambia","6129","Annual growth US$","22008","Gross Domestic Product","2020","2020","%","-0.079382","X","Figure from international organizations",""
"MK","Macro Indicators","270","Gambia","6110","Value US$","22011","Gross National Income","2020","2020","million USD","1785.259793","X","Figure from international organizations",""
"MK","Macro Indicators","270","Gambia","6119","Value US$ per capita","22011","Gross National Income","2020","2020","USD","709.637882","X","Figure from international organizations",""
"MK","Macro Indicators","270","Gambia","6129","Annual growth US$","22011","Gross National Income","2020","2020","%","0.092478","X","Figure from international organizations",""
"MK","Macro Indicators","268","Georgia","6110","Value US$","22008","Gross Domestic Product","2020","2020","million USD","16014.239787","X","Figure from international organizations",""
"MK","Macro Indicators","268","Georgia","6119","Value US$ per capita","22008","Gross Domestic Product","2020","2020","USD","4219.072268","X","Figure from international organizations",""
"MK","Macro Indicators","268","Georgia","6129","Annual growth US$","22008","Gross Domestic Product","2020","2020","%","-9.242264","X","Figure from international organizations",""
"MK","Macro Indicators","268","Georgia","6110","Value US$","22011","Gross National Income","2020","2020","million USD","15257.469328","X","Figure from international organizations",""
"MK","Macro Indicators","268","Georgia","6119","Value US$ per capita","22011","Gross National Income","2020","2020","USD","4019.695382","X","Figure from international organizations",""
"MK","Macro Indicators","268","Georgia","6129","Annual growth US$","22011","Gross National Income","2020","2020","%","-9.442431","X","Figure from international organizations",""
"MK","Macro Indicators","276","Germany","6110","Value US$","22008","Gross Domestic Product","2020","2020","million USD","3940142.541354","X","Figure from international organizations",""
"MK","Macro Indicators","276","Germany","6119","Value US$ per capita","22008","Gross Domestic Product","2020","2020","USD","47114.712304","X","Figure from international organizations",""
"MK","Macro Indicators","276","Germany","6129","Annual growth US$","22008","Gross Domestic Product","2020","2020","%","-0.431251","X","Figure from international organizations",""
"MK","Macro Indicators","276","Germany","6110","Value US$","22011","Gross National Income","2020","2020","million USD","3998734.917351","X","Figure from international organizations",""
"MK","Macro Indicators","276","Germany","6119","Value US$ per capita","22011","Gross National Income","2020","2020","USD","47815.337449","X","Figure from international organizations",""
"MK","Macro Indicators","276","Germany","6129","Annual growth US$","22011","Gross National Income","2020","2020","%","-0.89209","X","Figure from international organizations",""
"MK","Macro Indicators","288","Ghana","6110","Value US$","22008","Gross Domestic Product","2020","2020","million USD","70043.095503","X","Figure from international organizations",""
"MK","Macro Indicators","288","Ghana","6119","Value US$ per capita","22008","Gross Domestic Product","2020","2020","USD","2196.547762","X","Figure from international organizations",""
"MK","Macro Indicators","288","Ghana","6129","Annual growth US$","22008","Gross Domestic Product","2020","2020","%","2.49513","X","Figure from international organizations",""
"MK","Macro Indicators","288","Ghana","6110","Value US$","22011","Gross National Income","2020","2020","million USD","66643.82019","X","Figure from international organizations",""
"MK","Macro Indicators","288","Ghana","6119","Value US$ per capita","22011","Gross National Income","2020","2020","USD","2089.946669","X","Figure from international organizations",""
"MK","Macro Indicators","288","Ghana","6129","Annual growth US$","22011","Gross National Income","2020","2020","%","3.507083","X","Figure from international organizations",""
"MK","Macro Indicators","300","Greece","6110","Value US$","22008","Gross Domestic Product","2020","2020","million USD","191362.985555","X","Figure from international organizations",""
"MK","Macro Indicators","300","Greece","6119","Value US$ per capita","22008","Gross Domestic Product","2020","2020","USD","17885.445913","X","Figure from international organizations",""
"MK","Macro Indicators","300","Greece","6129","Annual growth US$","22008","Gross Domestic Product","2020","2020","%","-7.690415","X","Figure from international organizations",""
"MK","Macro Indicators","300","Greece","6110","Value US$","22011","Gross National Income","2020","2020","million USD","187724.248007","X","Figure from international organizations",""
"MK","Macro Indicators","300","Greece","6119","Value US$ per capita","22011","Gross National Income","2020","2020","USD","17545.356928","X","Figure from international organizations",""
"MK","Macro Indicators","300","Greece","6129","Annual growth US$","22011","Gross National Income","2020","2020","%","-7.71046","X","Figure from international organizations",""
"MK","Macro Indicators","304","Greenland","6110","Value US$","22008","Gross Domestic Product","2020","2020","million USD","3082.884557","X","Figure from international organizations",""
"MK","Macro Indicators","304","Greenland","6119","Value US$ per capita","22008","Gross Domestic Product","2020","2020","USD","54973.467257","X","Figure from international organizations",""
"MK","Macro Indicators","304","Greenland","6129","Annual growth US$","22008","Gross Domestic Product","2020","2020","%","2.85504","X","Figure from international organizations",""
"MK","Macro Indicators","304","Greenland","6110","Value US$","22011","Gross National Income","2020","2020","million USD","2999.586855","X","Figure from international organizations",""
"MK","Macro Indicators","304","Greenland","6119","Value US$ per capita","22011","Gross National Income","2020","2020","USD","53488.116967","X","Figure from international organizations",""
"MK","Macro Indicators","304","Greenland","6129","Annual growth US$","22011","Gross National Income","2020","2020","%","2.850264","X","Figure from international organizations",""
"MK","Macro Indicators","308","Grenada","6110","Value US$","22008","Gross Domestic Product","2020","2020","million USD","1043.411111","X","Figure from international organizations",""
"MK","Macro Indicators","308","Grenada","6119","Value US$ per capita","22008","Gross Domestic Product","2020","2020","USD","8968.558901","X","Figure from international organizations",""
"MK","Macro Indicators","308","Grenada","6129","Annual growth US$","22008","Gross Domestic Product","2020","2020","%","-14.01534","X","Figure from international organizations",""
"MK","Macro Indicators","308","Grenada","6110","Value US$","22011","Gross National Income","2020","2020","million USD","968.811111","X","Figure from international organizations",""
"MK","Macro Indicators","308","Grenada","6119","Value US$ per capita","22011","Gross National Income","2020","2020","USD","8327.340414","X","Figure from international organizations",""
"MK","Macro Indicators","308","Grenada","6129","Annual growth US$","22011","Gross National Income","2020","2020","%","-11.482483","X","Figure from international organizations",""
"MK","Macro Indicators","320","Guatemala","6110","Value US$","22008","Gross Domestic Product","2020","2020","million USD","77719.464225","X","Figure from international organizations",""
"MK","Macro Indicators","320","Guatemala","6119","Value US$ per capita","22008","Gross Domestic Product","2020","2020","USD","4477.617489","X","Figure from international organizations",""
"MK","Macro Indicators","320","Guatemala","6129","Annual growth US$","22008","Gross Domestic Product","2020","2020","%","0.708998","X","Figure from international organizations",""
"MK","Macro Indicators","320","Guatemala","6110","Value US$","22011","Gross National Income","2020","2020","million USD","76311.184356","X","Figure from international organizations",""
"MK","Macro Indicators","320","Guatemala","6119","Value US$ per capita","22011","Gross National Income","2020","2020","USD","4396.482877","X","Figure from international organizations",""
"MK","Macro Indicators","320","Guatemala","6129","Annual growth US$","22011","Gross National Income","2020","2020","%","0.720585","X","Figure from international organizations",""
"MK","Macro Indicators","324","Guinea","6110","Value US$","22008","Gross Domestic Product","2020","2020","million USD","14088.693742","X","Figure from international organizations",""
"MK","Macro Indicators","324","Guinea","6119","Value US$ per capita","22008","Gross Domestic Product","2020","2020","USD","1053.660977","X","Figure from international organizations",""
"MK","Macro Indicators","324","Guinea","6129","Annual growth US$","22008","Gross Domestic Product","2020","2020","%","4.803913","X","Figure from international organizations",""
"MK","Macro Indicators","324","Guinea","6110","Value US$","22011","Gross National Income","2020","2020","million USD","12638.885648","X","Figure from international organizations",""
"MK","Macro Indicators","324","Guinea","6119","Value US$ per capita","22011","Gross National Income","2020","2020","USD","945.233167","X","Figure from international organizations",""
"MK","Macro Indicators","324","Guinea","6129","Annual growth US$","22011","Gross National Income","2020","2020","%","-1.772177","X","Figure from international organizations",""
"MK","Macro Indicators","624","Guinea-Bissau","6110","Value US$","22008","Gross Domestic Product","2020","2020","million USD","1396.56203","X","Figure from international organizations",""
"MK","Macro Indicators","624","Guinea-Bissau","6119","Value US$ per capita","22008","Gross Domestic Product","2020","2020","USD","693.683627","X","Figure from international organizations",""
"MK","Macro Indicators","624","Guinea-Bissau","6129","Annual growth US$","22008","Gross Domestic Product","2020","2020","%","2.287526","X","Figure from international organizations",""
"MK","Macro Indicators","624","Guinea-Bissau","6110","Value US$","22011","Gross National Income","2020","2020","million USD","1419.921352","X","Figure from international organizations",""
"MK","Macro Indicators","624","Guinea-Bissau","6119","Value US$ per capita","22011","Gross National Income","2020","2020","USD","705.28639","X","Figure from international organizations",""
"MK","Macro Indicators","624","Guinea-Bissau","6129","Annual growth US$","22011","Gross National Income","2020","2020","%","2.174787","X","Figure from international organizations",""
"MK","Macro Indicators","328","Guyana","6110","Value US$","22008","Gross Domestic Product","2020","2020","million USD","5474.058434","X","Figure from international organizations",""
"MK","Macro Indicators","328","Guyana","6119","Value US$ per capita","22008","Gross Domestic Product","2020","2020","USD","6779.175045","X","Figure from international organizations",""
"MK","Macro Indicators","328","Guyana","6129","Annual growth US$","22008","Gross Domestic Product","2020","2020","%","5.804255","X","Figure from international organizations",""
"MK","Macro Indicators","328","Guyana","6110","Value US$","22011","Gross National Income","2020","2020","million USD","6056.768392","X","Figure from international organizations",""
"MK","Macro Indicators","328","Guyana","6119","Value US$ per capita","22011","Gross National Income","2020","2020","USD","7500.813817","X","Figure from international organizations",""
"MK","Macro Indicators","328","Guyana","6129","Annual growth US$","22011","Gross National Income","2020","2020","%","5.804255","X","Figure from international organizations",""
"MK","Macro Indicators","332","Haiti","6110","Value US$","22008","Gross Domestic Product","2020","2020","million USD","16547.75979","X","Figure from international organizations",""
"MK","Macro Indicators","332","Haiti","6119","Value US$ per capita","22008","Gross Domestic Product","2020","2020","USD","1471.716781","X","Figure from international organizations",""
"MK","Macro Indicators","332","Haiti","6129","Annual growth US$","22008","Gross Domestic Product","2020","2020","%","17.649077","X","Figure from international organizations",""
"MK","Macro Indicators","332","Haiti","6110","Value US$","22011","Gross National Income","2020","2020","million USD","15535.757314","X","Figure from international organizations",""
"MK","Macro Indicators","332","Haiti","6119","Value US$ per capita","22011","Gross National Income","2020","2020","USD","1381.711787","X","Figure from international organizations",""
"MK","Macro Indicators","332","Haiti","6129","Annual growth US$","22011","Gross National Income","2020","2020","%","8.855076","X","Figure from international organizations",""
"MK","Macro Indicators","340","Honduras","6110","Value US$","22008","Gross Domestic Product","2020","2020","million USD","23352.232942","X","Figure from international organizations",""
"MK","Macro Indicators","340","Honduras","6119","Value US$ per capita","22008","Gross Domestic Product","2020","2020","USD","2307.614874","X","Figure from international organizations",""
"MK","Macro Indicators","340","Honduras","6129","Annual growth US$","22008","Gross Domestic Product","2020","2020","%","-6.148939","X","Figure from international organizations",""
"MK","Macro Indicators","340","Honduras","6110","Value US$","22011","Gross National Income","2020","2020","million USD","21695.036701","X","Figure from international organizations",""
"MK","Macro Indicators","340","Honduras","6119","Value US$ per capita","22011","Gross National Income","2020","2020","USD","2143.854488","X","Figure from international organizations",""
"MK","Macro Indicators","340","Honduras","6129","Annual growth US$","22011","Gross National Income","2020","2020","%","-5.242138","X","Figure from international organizations",""
"MK","Macro Indicators","348","Hungary","6110","Value US$","22008","Gross Domestic Product","2020","2020","million USD","158468.487754","X","Figure from international organizations",""
"MK","Macro Indicators","348","Hungary","6119","Value US$ per capita","22008","Gross Domestic Product","2020","2020","USD","16254.084292","X","Figure from international organizations",""
"MK","Macro Indicators","348","Hungary","6129","Annual growth US$","22008","Gross Domestic Product","2020","2020","%","-3.921623","X","Figure from international organizations",""
"MK","Macro Indicators","348","Hungary","6110","Value US$","22011","Gross National Income","2020","2020","million USD","153532.999275","X","Figure from international organizations",""
"MK","Macro Indicators","348","Hungary","6119","Value US$ per capita","22011","Gross National Income","2020","2020","USD","15747.852126","X","Figure from international organizations",""
"MK","Macro Indicators","348","Hungary","6129","Annual growth US$","22011","Gross National Income","2020","2020","%","-3.856251","X","Figure from international organizations",""
"MK","Macro Indicators","352","Iceland","6110","Value US$","22008","Gross Domestic Product","2020","2020","million USD","21629.953194","X","Figure from international organizations",""
"MK","Macro Indicators","352","Iceland","6119","Value US$ per capita","22008","Gross Domestic Product","2020","2020","USD","58999.255877","X","Figure from international organizations",""
"MK","Macro Indicators","352","Iceland","6129","Annual growth US$","22008","Gross Domestic Product","2020","2020","%","-12.363146","X","Figure from international organizations",""
"MK","Macro Indicators","352","Iceland","6110","Value US$","22011","Gross National Income","2020","2020","million USD","22344.770005","X","Figure from international organizations",""
"MK","Macro Indicators","352","Iceland","6119","Value US$ per capita","22011","Gross National Income","2020","2020","USD","60949.036329","X","Figure from international organizations",""
"MK","Macro Indicators","352","Iceland","6129","Annual growth US$","22011","Gross National Income","2020","2020","%","-11.940098","X","Figure from international organizations",""
"MK","Macro Indicators","356","India","6110","Value US$","22008","Gross Domestic Product","2020","2020","million USD","2679380.844113","X","Figure from international organizations",""
"MK","Macro Indicators","356","India","6119","Value US$ per capita","22008","Gross Domestic Product","2020","2020","USD","1910.271668","X","Figure from international organizations",""
"MK","Macro Indicators","356","India","6129","Annual growth US$","22008","Gross Domestic Product","2020","2020","%","-6.144681","X","Figure from international organizations",""
"MK","Macro Indicators","356","India","6110","Value US$","22011","Gross National Income","2020","2020","million USD","2643390.433526","X","Figure from international organizations",""
"MK","Macro Indicators","356","India","6119","Value US$ per capita","22011","Gross National Income","2020","2020","USD","1884.612209","X","Figure from international organizations",""
"MK","Macro Indicators","356","India","6129","Annual growth US$","22011","Gross National Income","2020","2020","%","-6.507295","X","Figure from international organizations",""
"MK","Macro Indicators","360","Indonesia","6110","Value US$","22008","Gross Domestic Product","2020","2020","million USD","1059054.842712","X","Figure from international organizations",""
"MK","Macro Indicators","360","Indonesia","6119","Value US$ per capita","22008","Gross Domestic Product","2020","2020","USD","3853.702895","X","Figure from international organizations",""
"MK","Macro Indicators","360","Indonesia","6129","Annual growth US$","22008","Gross Domestic Product","2020","2020","%","-5.365475","X","Figure from international organizations",""
"MK","Macro Indicators","360","Indonesia","6110","Value US$","22011","Gross National Income","2020","2020","million USD","1029975.053712","X","Figure from international organizations",""
"MK","Macro Indicators","360","Indonesia","6119","Value US$ per capita","22011","Gross National Income","2020","2020","USD","3747.886971","X","Figure from international organizations",""
"MK","Macro Indicators","360","Indonesia","6129","Annual growth US$","22011","Gross National Income","2020","2020","%","-5.078304","X","Figure from international organizations",""
"MK","Macro Indicators","364","Iran (Islamic Republic of)","6110","Value US$","22008","Gross Domestic Product","2020","2020","million USD","326968.910371","X","Figure from international organizations",""
"MK","Macro Indicators","364","Iran (Islamic Republic of)","6119","Value US$ per capita","22008","Gross Domestic Product","2020","2020","USD","3727.269464","X","Figure from international organizations",""
"MK","Macro Indicators","364","Iran (Islamic Republic of)","6129","Annual growth US$","22008","Gross Domestic Product","2020","2020","%","4.703332","X","Figure from international organizations",""
"MK","Macro Indicators","364","Iran (Islamic Republic of)","6110","Value US$","22011","Gross National Income","2020","2020","million USD","326419.019841","X","Figure from international organizations",""
"MK","Macro Indicators","364","Iran (Islamic Republic of)","6119","Value US$ per capita","22011","Gross National Income","2020","2020","USD","3721.001008","X","Figure from international organizations",""
"MK","Macro Indicators","364","Iran (Islamic Republic of)","6129","Annual growth US$","22011","Gross National Income","2020","2020","%","4.507875","X","Figure from international organizations",""
"MK","Macro Indicators","368","Iraq","6110","Value US$","22008","Gross Domestic Product","2020","2020","million USD","180924.091023","X","Figure from international organizations",""
"MK","Macro Indicators","368","Iraq","6119","Value US$ per capita","22008","Gross Domestic Product","2020","2020","USD","4295.790061","X","Figure from international organizations",""
"MK","Macro Indicators","368","Iraq","6129","Annual growth US$","22008","Gross Domestic Product","2020","2020","%","-22.561585","X","Figure from international organizations",""
"MK","Macro Indicators","368","Iraq","6110","Value US$","22011","Gross National Income","2020","2020","million USD","179036.23237","X","Figure from international organizations",""
"MK","Macro Indicators","368","Iraq","6119","Value US$ per capita","22011","Gross National Income","2020","2020","USD","4250.965492","X","Figure from international organizations",""
"MK","Macro Indicators","368","Iraq","6129","Annual growth US$","22011","Gross National Income","2020","2020","%","-22.952285","X","Figure from international organizations",""
"MK","Macro Indicators","372","Ireland","6110","Value US$","22008","Gross Domestic Product","2020","2020","million USD","436555.5184","X","Figure from international organizations",""
"MK","Macro Indicators","372","Ireland","6119","Value US$ per capita","22008","Gross Domestic Product","2020","2020","USD","87615.893087","X","Figure from international organizations",""
"MK","Macro Indicators","372","Ireland","6129","Annual growth US$","22008","Gross Domestic Product","2020","2020","%","7.228912","X","Figure from international organizations",""
"MK","Macro Indicators","372","Ireland","6110","Value US$","22011","Gross National Income","2020","2020","million USD","319252.91347","X","Figure from international organizations",""
"MK","Macro Indicators","372","Ireland","6119","Value US$ per capita","22011","Gross National Income","2020","2020","USD","64073.475092","X","Figure from international organizations",""
"MK","Macro Indicators","372","Ireland","6129","Annual growth US$","22011","Gross National Income","2020","2020","%","3.945101","X","Figure from international organizations",""
"MK","Macro Indicators","376","Israel","6110","Value US$","22008","Gross Domestic Product","2020","2020","million USD","413196.192767","X","Figure from international organizations",""
"MK","Macro Indicators","376","Israel","6119","Value US$ per capita","22008","Gross Domestic Product","2020","2020","USD","46952.106679","X","Figure from international organizations",""
"MK","Macro Indicators","376","Israel","6129","Annual growth US$","22008","Gross Domestic Product","2020","2020","%","3.056712","X","Figure from international organizations",""
"MK","Macro Indicators","376","Israel","6110","Value US$","22011","Gross National Income","2020","2020","million USD","407899.013183","X","Figure from international organizations",""
"MK","Macro Indicators","376","Israel","6119","Value US$ per capita","22011","Gross National Income","2020","2020","USD","46350.180172","X","Figure from international organizations",""
"MK","Macro Indicators","376","Israel","6129","Annual growth US$","22011","Gross National Income","2020","2020","%","2.555029","X","Figure from international organizations",""
"MK","Macro Indicators","380","Italy","6110","Value US$","22008","Gross Domestic Product","2020","2020","million USD","1907481.094079","X","Figure from international organizations",""
"MK","Macro Indicators","380","Italy","6119","Value US$ per capita","22008","Gross Domestic Product","2020","2020","USD","31837.638719","X","Figure from international organizations",""
"MK","Macro Indicators","380","Italy","6129","Annual growth US$","22008","Gross Domestic Product","2020","2020","%","-5.551858","X","Figure from international organizations",""
"MK","Macro Indicators","380","Italy","6110","Value US$","22011","Gross National Income","2020","2020","million USD","1931759.614571","X","Figure from international organizations",""
"MK","Macro Indicators","380","Italy","6119","Value US$ per capita","22011","Gross National Income","2020","2020","USD","32242.869873","X","Figure from international organizations",""
"MK","Macro Indicators","380","Italy","6129","Annual growth US$","22011","Gross National Income","2020","2020","%","-5.106105","X","Figure from international organizations",""
"MK","Macro Indicators","388","Jamaica","6110","Value US$","22008","Gross Domestic Product","2020","2020","million USD","13812.424962","X","Figure from international organizations",""
"MK","Macro Indicators","388","Jamaica","6119","Value US$ per capita","22008","Gross Domestic Product","2020","2020","USD","4879.441362","X","Figure from international organizations",""
"MK","Macro Indicators","388","Jamaica","6129","Annual growth US$","22008","Gross Domestic Product","2020","2020","%","-12.749468","X","Figure from international organizations",""
"MK","Macro Indicators","388","Jamaica","6110","Value US$","22011","Gross National Income","2020","2020","million USD","13358.024858","X","Figure from international organizations",""
"MK","Macro Indicators","388","Jamaica","6119","Value US$ per capita","22011","Gross National Income","2020","2020","USD","4718.917872","X","Figure from international organizations",""
"MK","Macro Indicators","388","Jamaica","6129","Annual growth US$","22011","Gross National Income","2020","2020","%","-12.917258","X","Figure from international organizations",""
"MK","Macro Indicators","392","Japan","6110","Value US$","22008","Gross Domestic Product","2020","2020","million USD","5055587.093502","X","Figure from international organizations",""
"MK","Macro Indicators","392","Japan","6119","Value US$ per capita","22008","Gross Domestic Product","2020","2020","USD","40026.961607","X","Figure from international organizations",""
"MK","Macro Indicators","392","Japan","6129","Annual growth US$","22008","Gross Domestic Product","2020","2020","%","-1.21936","X","Figure from international organizations",""
"MK","Macro Indicators","392","Japan","6110","Value US$","22011","Gross National Income","2020","2020","million USD","5241005.753828","X","Figure from international organizations",""
"MK","Macro Indicators","392","Japan","6119","Value US$ per capita","22011","Gross National Income","2020","2020","USD","41494.99004","X","Figure from international organizations",""
"MK","Macro Indicators","392","Japan","6129","Annual growth US$","22011","Gross National Income","2020","2020","%","-1.456966","X","Figure from international organizations",""
"MK","Macro Indicators","400","Jordan","6110","Value US$","22008","Gross Domestic Product","2020","2020","million USD","43700.382761","X","Figure from international organizations",""
"MK","Macro Indicators","400","Jordan","6119","Value US$ per capita","22008","Gross Domestic Product","2020","2020","USD","4022.04029","X","Figure from international organizations",""
"MK","Macro Indicators","400","Jordan","6129","Annual growth US$","22008","Gross Domestic Product","2020","2020","%","-1.803419","X","Figure from international organizations",""
"MK","Macro Indicators","400","Jordan","6110","Value US$","22011","Gross National Income","2020","2020","million USD","43576.53769","X","Figure from international organizations",""
"MK","Macro Indicators","400","Jordan","6119","Value US$ per capita","22011","Gross National Income","2020","2020","USD","4010.641994","X","Figure from international organizations",""
"MK","Macro Indicators","400","Jordan","6129","Annual growth US$","22011","Gross National Income","2020","2020","%","-2.098157","X","Figure from international organizations",""
"MK","Macro Indicators","398","Kazakhstan","6110","Value US$","22008","Gross Domestic Product","2020","2020","million USD","171082.370082","X","Figure from international organizations",""
"MK","Macro Indicators","398","Kazakhstan","6119","Value US$ per capita","22008","Gross Domestic Product","2020","2020","USD","8781.508195","X","Figure from international organizations",""
"MK","Macro Indicators","398","Kazakhstan","6129","Annual growth US$","22008","Gross Domestic Product","2020","2020","%","-5.826487","X","Figure from international organizations",""
"MK","Macro Indicators","398","Kazakhstan","6110","Value US$","22011","Gross National Income","2020","2020","million USD","155901.662012","X","Figure from international organizations",""
"MK","Macro Indicators","398","Kazakhstan","6119","Value US$ per capita","22011","Gross National Income","2020","2020","USD","8002.295747","X","Figure from international organizations",""
"MK","Macro Indicators","398","Kazakhstan","6129","Annual growth US$","22011","Gross National Income","2020","2020","%","-1.719176","X","Figure from international organizations",""
"MK","Macro Indicators","404","Kenya","6110","Value US$","22008","Gross Domestic Product","2020","2020","million USD","100657.505642","X","Figure from international organizations",""
"MK","Macro Indicators","404","Kenya","6119","Value US$ per capita","22008","Gross Domestic Product","2020","2020","USD","1927.664607","X","Figure from international organizations",""
"MK","Macro Indicators","404","Kenya","6129","Annual growth US$","22008","Gross Domestic Product","2020","2020","%","0.278018","X","Figure from international organizations",""
"MK","Macro Indicators","404","Kenya","6110","Value US$","22011","Gross National Income","2020","2020","million USD","99981.713968","X","Figure from international organizations",""
"MK","Macro Indicators","404","Kenya","6119","Value US$ per capita","22011","Gross National Income","2020","2020","USD","1914.722703","X","Figure from international organizations",""
"MK","Macro Indicators","404","Kenya","6129","Annual growth US$","22011","Gross National Income","2020","2020","%","1.223079","X","Figure from international organizations",""
"MK","Macro Indicators","296","Kiribati","6110","Value US$","22008","Gross Domestic Product","2020","2020","million USD","220.89798","X","Figure from international organizations",""
"MK","Macro Indicators","296","Kiribati","6119","Value US$ per capita","22008","Gross Domestic Product","2020","2020","USD","1751.782174","X","Figure from international organizations",""
"MK","Macro Indicators","296","Kiribati","6129","Annual growth US$","22008","Gross Domestic Product","2020","2020","%","1.803139","X","Figure from international organizations",""
"MK","Macro Indicators","296","Kiribati","6110","Value US$","22011","Gross National Income","2020","2020","million USD","377.536604","X","Figure from international organizations",""
"MK","Macro Indicators","296","Kiribati","6119","Value US$ per capita","22011","Gross National Income","2020","2020","USD","2993.969849","X","Figure from international organizations",""
"MK","Macro Indicators","296","Kiribati","6129","Annual growth US$","22011","Gross National Income","2020","2020","%","-8.347702","X","Figure from international organizations",""
"MK","Macro Indicators","414","Kuwait","6110","Value US$","22008","Gross Domestic Product","2020","2020","million USD","111045.426311","X","Figure from international organizations",""
"MK","Macro Indicators","414","Kuwait","6119","Value US$ per capita","22008","Gross Domestic Product","2020","2020","USD","25236.770958","X","Figure from international organizations",""
"MK","Macro Indicators","414","Kuwait","6129","Annual growth US$","22008","Gross Domestic Product","2020","2020","%","-21.164044","X","Figure from international organizations",""
"MK","Macro Indicators","414","Kuwait","6110","Value US$","22011","Gross National Income","2020","2020","million USD","121774.919659","X","Figure from international organizations",""
"MK","Macro Indicators","414","Kuwait","6119","Value US$ per capita","22011","Gross National Income","2020","2020","USD","27675.21237","X","Figure from international organizations",""
"MK","Macro Indicators","414","Kuwait","6129","Annual growth US$","22011","Gross National Income","2020","2020","%","-21.164044","X","Figure from international organizations",""
"MK","Macro Indicators","417","Kyrgyzstan","6110","Value US$","22008","Gross Domestic Product","2020","2020","million USD","8270.468646","X","Figure from international organizations",""
"MK","Macro Indicators","417","Kyrgyzstan","6119","Value US$ per capita","22008","Gross Domestic Product","2020","2020","USD","1241.040744","X","Figure from international organizations",""
"MK","Macro Indicators","417","Kyrgyzstan","6129","Annual growth US$","22008","Gross Domestic Product","2020","2020","%","-11.746604","X","Figure from international organizations",""
"MK","Macro Indicators","417","Kyrgyzstan","6110","Value US$","22011","Gross National Income","2020","2020","million USD","8021.747678","X","Figure from international organizations",""
"MK","Macro Indicators","417","Kyrgyzstan","6119","Value US$ per capita","22011","Gross National Income","2020","2020","USD","1203.718451","X","Figure from international organizations",""
"MK","Macro Indicators","417","Kyrgyzstan","6129","Annual growth US$","22011","Gross National Income","2020","2020","%","-6.688541","X","Figure from international organizations",""
"MK","Macro Indicators","418","Lao People's Democratic Republic","6110","Value US$","22008","Gross Domestic Product","2020","2020","million USD","19116.011771","X","Figure from international organizations",""
"MK","Macro Indicators","418","Lao People's Democratic Republic","6119","Value US$ per capita","22008","Gross Domestic Product","2020","2020","USD","2602.045492","X","Figure from international organizations",""
"MK","Macro Indicators","418","Lao People's Democratic Republic","6129","Annual growth US$","22008","Gross Domestic Product","2020","2020","%","2.003147","X","Figure from international organizations",""
"MK","Macro Indicators","418","Lao People's Democratic Republic","6110","Value US$","22011","Gross National Income","2020","2020","million USD","18102.569175","X","Figure from international organizations",""
"MK","Macro Indicators","418","Lao People's Democratic Republic","6119","Value US$ per capita","22011","Gross National Income","2020","2020","USD","2464.097065","X","Figure from international organizations",""
"MK","Macro Indicators","418","Lao People's Democratic Republic","6129","Annual growth US$","22011","Gross National Income","2020","2020","%","2.535732","X","Figure from international organizations",""
"MK","Macro Indicators","428","Latvia","6110","Value US$","22008","Gross Domestic Product","2020","2020","million USD","33379.927435","X","Figure from international organizations",""
"MK","Macro Indicators","428","Latvia","6119","Value US$ per capita","22008","Gross Domestic Product","2020","2020","USD","17558.000537","X","Figure from international organizations",""
"MK","Macro Indicators","428","Latvia","6129","Annual growth US$","22008","Gross Domestic Product","2020","2020","%","0.847214","X","Figure from international organizations",""
"MK","Macro Indicators","428","Latvia","6110","Value US$","22011","Gross National Income","2020","2020","million USD","33394.574958","X","Figure from international organizations",""
"MK","Macro Indicators","428","Latvia","6119","Value US$ per capita","22011","Gross National Income","2020","2020","USD","17565.705204","X","Figure from international organizations",""
"MK","Macro Indicators","428","Latvia","6129","Annual growth US$","22011","Gross National Income","2020","2020","%","2.336706","X","Figure from international organizations",""
"MK","Macro Indicators","422","Lebanon","6110","Value US$","22008","Gross Domestic Product","2020","2020","million USD","23129.38697","X","Figure from international organizations",""
"MK","Macro Indicators","422","Lebanon","6119","Value US$ per capita","22008","Gross Domestic Product","2020","2020","USD","4056.081143","X","Figure from international organizations",""
"MK","Macro Indicators","422","Lebanon","6129","Annual growth US$","22008","Gross Domestic Product","2020","2020","%","-56.564023","X","Figure from international organizations",""
"MK","Macro Indicators","422","Lebanon","6110","Value US$","22011","Gross National Income","2020","2020","million USD","21796.804763","X","Figure from international organizations",""
"MK","Macro Indicators","422","Lebanon","6119","Value US$ per capita","22011","Gross National Income","2020","2020","USD","3822.393083","X","Figure from international organizations",""
"MK","Macro Indicators","422","Lebanon","6129","Annual growth US$","22011","Gross National Income","2020","2020","%","-58.082962","X","Figure from international organizations",""
"MK","Macro Indicators","426","Lesotho","6110","Value US$","22008","Gross Domestic Product","2020","2020","million USD","2053.69982","X","Figure from international organizations",""
"MK","Macro Indicators","426","Lesotho","6119","Value US$ per capita","22008","Gross Domestic Product","2020","2020","USD","918.582761","X","Figure from international organizations",""
"MK","Macro Indicators","426","Lesotho","6129","Annual growth US$","22008","Gross Domestic Product","2020","2020","%","-14.096379","X","Figure from international organizations",""
"MK","Macro Indicators","426","Lesotho","6110","Value US$","22011","Gross National Income","2020","2020","million USD","2441.75749","X","Figure from international organizations",""
"MK","Macro Indicators","426","Lesotho","6119","Value US$ per capita","22011","Gross National Income","2020","2020","USD","1092.153933","X","Figure from international organizations",""
"MK","Macro Indicators","426","Lesotho","6129","Annual growth US$","22011","Gross National Income","2020","2020","%","-13.533633","X","Figure from international organizations",""
"MK","Macro Indicators","430","Liberia","6110","Value US$","22008","Gross Domestic Product","2020","2020","million USD","3460.963232","X","Figure from international organizations",""
"MK","Macro Indicators","430","Liberia","6119","Value US$ per capita","22008","Gross Domestic Product","2020","2020","USD","672.101712","X","Figure from international organizations",""
"MK","Macro Indicators","430","Liberia","6129","Annual growth US$","22008","Gross Domestic Product","2020","2020","%","9.446346","X","Figure from international organizations",""
"MK","Macro Indicators","430","Liberia","6110","Value US$","22011","Gross National Income","2020","2020","million USD","3049.277531","X","Figure from international organizations",""
"MK","Macro Indicators","430","Liberia","6119","Value US$ per capita","22011","Gross National Income","2020","2020","USD","592.154412","X","Figure from international organizations",""
"MK","Macro Indicators","430","Liberia","6129","Annual growth US$","22011","Gross National Income","2020","2020","%","-1.86452","X","Figure from international organizations",""
"MK","Macro Indicators","434","Libya","6110","Value US$","22008","Gross Domestic Product","2020","2020","million USD","46854.430382","X","Figure from international organizations",""
"MK","Macro Indicators","434","Libya","6119","Value US$ per capita","22008","Gross Domestic Product","2020","2020","USD","6650.358678","X","Figure from international organizations",""
"MK","Macro Indicators","434","Libya","6129","Annual growth US$","22008","Gross Domestic Product","2020","2020","%","-32.344221","X","Figure from international organizations",""
"MK","Macro Indicators","434","Libya","6110","Value US$","22011","Gross National Income","2020","2020","million USD","47452.365126","X","Figure from international organizations",""
"MK","Macro Indicators","434","Libya","6119","Value US$ per capita","22011","Gross National Income","2020","2020","USD","6735.227505","X","Figure from international organizations",""
"MK","Macro Indicators","434","Libya","6129","Annual growth US$","22011","Gross National Income","2020","2020","%","-33.1771","X","Figure from international organizations",""
"MK","Macro Indicators","438","Liechtenstein","6110","Value US$","22008","Gross Domestic Product","2020","2020","million USD","6405.031071","X","Figure from international organizations",""
"MK","Macro Indicators","438","Liechtenstein","6119","Value US$ per capita","22008","Gross Domestic Product","2020","2020","USD","165218.641408","X","Figure from international organizations",""
"MK","Macro Indicators","438","Liechtenstein","6129","Annual growth US$","22008","Gross Domestic Product","2020","2020","%","-0.494996","X","Figure from international organizations",""
"MK","Macro Indicators","438","Liechtenstein","6110","Value US$","22011","Gross National Income","2020","2020","million USD","6865.431619","X","Figure from international organizations",""
"MK","Macro Indicators","438","Liechtenstein","6119","Value US$ per capita","22011","Gross National Income","2020","2020","USD","177094.735699","X","Figure from international organizations",""
"MK","Macro Indicators","438","Liechtenstein","6129","Annual growth US$","22011","Gross National Income","2020","2020","%","9.492237","X","Figure from international organizations",""
"MK","Macro Indicators","440","Lithuania","6110","Value US$","22008","Gross Domestic Product","2020","2020","million USD","57412.038533","X","Figure from international organizations",""
"MK","Macro Indicators","440","Lithuania","6119","Value US$ per capita","22008","Gross Domestic Product","2020","2020","USD","20535.36288","X","Figure from international organizations",""
"MK","Macro Indicators","440","Lithuania","6129","Annual growth US$","22008","Gross Domestic Product","2020","2020","%","4.154366","X","Figure from international organizations",""
"MK","Macro Indicators","440","Lithuania","6110","Value US$","22011","Gross National Income","2020","2020","million USD","55325.495241","X","Figure from international organizations",""
"MK","Macro Indicators","440","Lithuania","6119","Value US$ per capita","22011","Gross National Income","2020","2020","USD","19789.0399","X","Figure from international organizations",""
"MK","Macro Indicators","440","Lithuania","6129","Annual growth US$","22011","Gross National Income","2020","2020","%","4.581492","X","Figure from international organizations",""
"MK","Macro Indicators","442","Luxembourg","6110","Value US$","22008","Gross Domestic Product","2020","2020","million USD","73699.3667","X","Figure from international organizations",""
"MK","Macro Indicators","442","Luxembourg","6119","Value US$ per capita","22008","Gross Domestic Product","2020","2020","USD","116872.371261","X","Figure from international organizations",""
"MK","Macro Indicators","442","Luxembourg","6129","Annual growth US$","22008","Gross Domestic Product","2020","2020","%","5.449755","X","Figure from international organizations",""
"MK","Macro Indicators","442","Luxembourg","6110","Value US$","22011","Gross National Income","2020","2020","million USD","51783.48914","X","Figure from international organizations",""
"MK","Macro Indicators","442","Luxembourg","6119","Value US$ per capita","22011","Gross National Income","2020","2020","USD","82118.197739","X","Figure from international organizations",""
"MK","Macro Indicators","442","Luxembourg","6129","Annual growth US$","22011","Gross National Income","2020","2020","%","8.158753","X","Figure from international organizations",""
"MK","Macro Indicators","450","Madagascar","6110","Value US$","22008","Gross Domestic Product","2020","2020","million USD","13051.441203","X","Figure from international organizations",""
"MK","Macro Indicators","450","Madagascar","6119","Value US$ per capita","22008","Gross Domestic Product","2020","2020","USD","450.771607","X","Figure from international organizations",""
"MK","Macro Indicators","450","Madagascar","6129","Annual growth US$","22008","Gross Domestic Product","2020","2020","%","-7.4672","X","Figure from international organizations",""
"MK","Macro Indicators","450","Madagascar","6110","Value US$","22011","Gross National Income","2020","2020","million USD","12717.776143","X","Figure from international organizations",""
"MK","Macro Indicators","450","Madagascar","6119","Value US$ per capita","22011","Gross National Income","2020","2020","USD","439.24746","X","Figure from international organizations",""
"MK","Macro Indicators","450","Madagascar","6129","Annual growth US$","22011","Gross National Income","2020","2020","%","-6.571504","X","Figure from international organizations",""
"MK","Macro Indicators","454","Malawi","6110","Value US$","22008","Gross Domestic Product","2020","2020","million USD","11769.3136","X","Figure from international organizations",""
"MK","Macro Indicators","454","Malawi","6119","Value US$ per capita","22008","Gross Domestic Product","2020","2020","USD","602.507494","X","Figure from international organizations",""
"MK","Macro Indicators","454","Malawi","6129","Annual growth US$","22008","Gross Domestic Product","2020","2020","%","6.49177","X","Figure from international organizations",""
"MK","Macro Indicators","454","Malawi","6110","Value US$","22011","Gross National Income","2020","2020","million USD","11447.604763","X","Figure from international organizations",""
"MK","Macro Indicators","454","Malawi","6119","Value US$ per capita","22011","Gross National Income","2020","2020","USD","586.038225","X","Figure from international organizations",""
"MK","Macro Indicators","454","Malawi","6129","Annual growth US$","22011","Gross National Income","2020","2020","%","6.133421","X","Figure from international organizations",""
"MK","Macro Indicators","458","Malaysia","6110","Value US$","22008","Gross Domestic Product","2020","2020","million USD","337456.189267","X","Figure from international organizations",""
"MK","Macro Indicators","458","Malaysia","6119","Value US$ per capita","22008","Gross Domestic Product","2020","2020","USD","9957.526867","X","Figure from international organizations",""
"MK","Macro Indicators","458","Malaysia","6129","Annual growth US$","22008","Gross Domestic Product","2020","2020","%","-7.591265","X","Figure from international organizations",""
"MK","Macro Indicators","458","Malaysia","6110","Value US$","22011","Gross National Income","2020","2020","million USD","330671.337958","X","Figure from international organizations",""
"MK","Macro Indicators","458","Malaysia","6119","Value US$ per capita","22011","Gross National Income","2020","2020","USD","9757.322095","X","Figure from international organizations",""
"MK","Macro Indicators","458","Malaysia","6129","Annual growth US$","22011","Gross National Income","2020","2020","%","-7.021656","X","Figure from international organizations",""
"MK","Macro Indicators","462","Maldives","6110","Value US$","22008","Gross Domestic Product","2020","2020","million USD","3712.604694","X","Figure from international organizations",""
"MK","Macro Indicators","462","Maldives","6119","Value US$ per capita","22008","Gross Domestic Product","2020","2020","USD","7393.881513","X","Figure from international organizations",""
"MK","Macro Indicators","462","Maldives","6129","Annual growth US$","22008","Gross Domestic Product","2020","2020","%","-35.163409","X","Figure from international organizations",""
"MK","Macro Indicators","462","Maldives","6110","Value US$","22011","Gross National Income","2020","2020","million USD","3406.811613","X","Figure from international organizations",""
"MK","Macro Indicators","462","Maldives","6119","Value US$ per capita","22011","Gross National Income","2020","2020","USD","6784.875709","X","Figure from international organizations",""
"MK","Macro Indicators","462","Maldives","6129","Annual growth US$","22011","Gross National Income","2020","2020","%","-34.056643","X","Figure from international organizations",""
"MK","Macro Indicators","466","Mali","6110","Value US$","22008","Gross Domestic Product","2020","2020","million USD","17465.392779","X","Figure from international organizations",""
"MK","Macro Indicators","466","Mali","6119","Value US$ per capita","22008","Gross Domestic Product","2020","2020","USD","804.343976","X","Figure from international organizations",""
"MK","Macro Indicators","466","Mali","6129","Annual growth US$","22008","Gross Domestic Product","2020","2020","%","1.071408","X","Figure from international organizations",""
"MK","Macro Indicators","466","Mali","6110","Value US$","22011","Gross National Income","2020","2020","million USD","16726.61804","X","Figure from international organizations",""
"MK","Macro Indicators","466","Mali","6119","Value US$ per capita","22011","Gross National Income","2020","2020","USD","770.32075","X","Figure from international organizations",""
"MK","Macro Indicators","466","Mali","6129","Annual growth US$","22011","Gross National Income","2020","2020","%","0.855065","X","Figure from international organizations",""
"MK","Macro Indicators","470","Malta","6110","Value US$","22008","Gross Domestic Product","2020","2020","million USD","16413.243866","X","Figure from international organizations",""
"MK","Macro Indicators","470","Malta","6119","Value US$ per capita","22008","Gross Domestic Product","2020","2020","USD","31673.172502","X","Figure from international organizations",""
"MK","Macro Indicators","470","Malta","6129","Annual growth US$","22008","Gross Domestic Product","2020","2020","%","0.46156","X","Figure from international organizations",""
"MK","Macro Indicators","470","Malta","6110","Value US$","22011","Gross National Income","2020","2020","million USD","14512.349539","X","Figure from international organizations",""
"MK","Macro Indicators","470","Malta","6119","Value US$ per capita","22011","Gross National Income","2020","2020","USD","28004.954664","X","Figure from international organizations",""
"MK","Macro Indicators","470","Malta","6129","Annual growth US$","22011","Gross National Income","2020","2020","%","-1.935841","X","Figure from international organizations",""
"MK","Macro Indicators","584","Marshall Islands","6110","Value US$","22008","Gross Domestic Product","2020","2020","million USD","241.722351","X","Figure from international organizations",""
"MK","Macro Indicators","584","Marshall Islands","6119","Value US$ per capita","22008","Gross Domestic Product","2020","2020","USD","5660.083383","X","Figure from international organizations",""
"MK","Macro Indicators","584","Marshall Islands","6129","Annual growth US$","22008","Gross Domestic Product","2020","2020","%","4.149247","X","Figure from international organizations",""
"MK","Macro Indicators","584","Marshall Islands","6110","Value US$","22011","Gross National Income","2020","2020","million USD","293.984314","X","Figure from international organizations",""
"MK","Macro Indicators","584","Marshall Islands","6119","Value US$ per capita","22011","Gross National Income","2020","2020","USD","6883.830658","X","Figure from international organizations",""
"MK","Macro Indicators","584","Marshall Islands","6129","Annual growth US$","22011","Gross National Income","2020","2020","%","2.443908","X","Figure from international organizations",""
"MK","Macro Indicators","478","Mauritania","6110","Value US$","22008","Gross Domestic Product","2020","2020","million USD","8260.752459","X","Figure from international organizations",""
"MK","Macro Indicators","478","Mauritania","6119","Value US$ per capita","22008","Gross Domestic Product","2020","2020","USD","1795.764612","X","Figure from international organizations",""
"MK","Macro Indicators","478","Mauritania","6129","Annual growth US$","22008","Gross Domestic Product","2020","2020","%","4.635827","X","Figure from international organizations",""
"MK","Macro Indicators","478","Mauritania","6110","Value US$","22011","Gross National Income","2020","2020","million USD","8155.048259","X","Figure from international organizations",""
"MK","Macro Indicators","478","Mauritania","6119","Value US$ per capita","22011","Gross National Income","2020","2020","USD","1772.786092","X","Figure from international organizations",""
"MK","Macro Indicators","478","Mauritania","6129","Annual growth US$","22011","Gross National Income","2020","2020","%","4.571505","X","Figure from international organizations",""
"MK","Macro Indicators","480","Mauritius","6110","Value US$","22008","Gross Domestic Product","2020","2020","million USD","11408.10635","X","Figure from international organizations",""
"MK","Macro Indicators","480","Mauritius","6119","Value US$ per capita","22008","Gross Domestic Product","2020","2020","USD","8890.197845","X","Figure from international organizations",""
"MK","Macro Indicators","480","Mauritius","6129","Annual growth US$","22008","Gross Domestic Product","2020","2020","%","-20.976503","X","Figure from international organizations",""
"MK","Macro Indicators","480","Mauritius","6110","Value US$","22011","Gross National Income","2020","2020","million USD","11628.225156","X","Figure from international organizations",""
"MK","Macro Indicators","480","Mauritius","6119","Value US$ per capita","22011","Gross National Income","2020","2020","USD","9061.733741","X","Figure from international organizations",""
"MK","Macro Indicators","480","Mauritius","6129","Annual growth US$","22011","Gross National Income","2020","2020","%","-21.274355","X","Figure from international organizations",""
"MK","Macro Indicators","484","Mexico","6110","Value US$","22008","Gross Domestic Product","2020","2020","million USD","1121064.749916","X","Figure from international organizations",""
"MK","Macro Indicators","484","Mexico","6119","Value US$ per capita","22008","Gross Domestic Product","2020","2020","USD","8841.270578","X","Figure from international organizations",""
"MK","Macro Indicators","484","Mexico","6129","Annual growth US$","22008","Gross Domestic Product","2020","2020","%","-14.035777","X","Figure from international organizations",""
"MK","Macro Indicators","484","Mexico","6110","Value US$","22011","Gross National Income","2020","2020","million USD","1084976.580525","X","Figure from international organizations",""
"MK","Macro Indicators","484","Mexico","6119","Value US$ per capita","22011","Gross National Income","2020","2020","USD","8556.661442","X","Figure from international organizations",""
"MK","Macro Indicators","484","Mexico","6129","Annual growth US$","22011","Gross National Income","2020","2020","%","-14.464216","X","Figure from international organizations",""
"MK","Macro Indicators","583","Micronesia (Federated States of)","6110","Value US$","22008","Gross Domestic Product","2020","2020","million USD","372","X","Figure from international organizations",""
"MK","Macro Indicators","583","Micronesia (Federated States of)","6119","Value US$ per capita","22008","Gross Domestic Product","2020","2020","USD","3353.874311","X","Figure from international organizations",""
"MK","Macro Indicators","583","Micronesia (Federated States of)","6129","Annual growth US$","22008","Gross Domestic Product","2020","2020","%","-5.583756","X","Figure from international organizations",""
"MK","Macro Indicators","583","Micronesia (Federated States of)","6110","Value US$","22011","Gross National Income","2020","2020","million USD","420.832787","X","Figure from international organizations",""
"MK","Macro Indicators","583","Micronesia (Federated States of)","6119","Value US$ per capita","22011","Gross National Income","2020","2020","USD","3794.14052","X","Figure from international organizations",""
"MK","Macro Indicators","583","Micronesia (Federated States of)","6129","Annual growth US$","22011","Gross National Income","2020","2020","%","-4.833896","X","Figure from international organizations",""
"MK","Macro Indicators","492","Monaco","6110","Value US$","22008","Gross Domestic Product","2020","2020","million USD","6730.733231","X","Figure from international organizations",""
"MK","Macro Indicators","492","Monaco","6119","Value US$ per capita","22008","Gross Domestic Product","2020","2020","USD","176889.481894","X","Figure from international organizations",""
"MK","Macro Indicators","492","Monaco","6129","Annual growth US$","22008","Gross Domestic Product","2020","2020","%","-8.840813","X","Figure from international organizations",""
"MK","Macro Indicators","492","Monaco","6110","Value US$","22011","Gross National Income","2020","2020","million USD","6730.733231","X","Figure from international organizations",""
"MK","Macro Indicators","492","Monaco","6119","Value US$ per capita","22011","Gross National Income","2020","2020","USD","176889.481894","X","Figure from international organizations",""
"MK","Macro Indicators","492","Monaco","6129","Annual growth US$","22011","Gross National Income","2020","2020","%","-8.840813","X","Figure from international organizations",""
"MK","Macro Indicators","496","Mongolia","6110","Value US$","22008","Gross Domestic Product","2020","2020","million USD","13312.990197","X","Figure from international organizations",""
"MK","Macro Indicators","496","Mongolia","6119","Value US$ per capita","22008","Gross Domestic Product","2020","2020","USD","4045.535693","X","Figure from international organizations",""
"MK","Macro Indicators","496","Mongolia","6129","Annual growth US$","22008","Gross Domestic Product","2020","2020","%","-6.288451","X","Figure from international organizations",""
"MK","Macro Indicators","496","Mongolia","6110","Value US$","22011","Gross National Income","2020","2020","million USD","12053.006261","X","Figure from international organizations",""
"MK","Macro Indicators","496","Mongolia","6119","Value US$ per capita","22011","Gross National Income","2020","2020","USD","3662.653267","X","Figure from international organizations",""
"MK","Macro Indicators","496","Mongolia","6129","Annual growth US$","22011","Gross National Income","2020","2020","%","-4.601255","X","Figure from international organizations",""
"MK","Macro Indicators","499","Montenegro","6110","Value US$","22008","Gross Domestic Product","2020","2020","million USD","4780.72235","X","Figure from international organizations",""
"MK","Macro Indicators","499","Montenegro","6119","Value US$ per capita","22008","Gross Domestic Product","2020","2020","USD","7863.870891","X","Figure from international organizations",""
"MK","Macro Indicators","499","Montenegro","6129","Annual growth US$","22008","Gross Domestic Product","2020","2020","%","-13.739651","X","Figure from international organizations",""
"MK","Macro Indicators","499","Montenegro","6110","Value US$","22011","Gross National Income","2020","2020","million USD","4856.800607","X","Figure from international organizations",""
"MK","Macro Indicators","499","Montenegro","6119","Value US$ per capita","22011","Gross National Income","2020","2020","USD","7989.012981","X","Figure from international organizations",""
"MK","Macro Indicators","499","Montenegro","6129","Annual growth US$","22011","Gross National Income","2020","2020","%","-13.340799","X","Figure from international organizations",""
"MK","Macro Indicators","500","Montserrat","6110","Value US$","22008","Gross Domestic Product","2020","2020","million USD","66.848148","X","Figure from international organizations",""
"MK","Macro Indicators","500","Montserrat","6119","Value US$ per capita","22008","Gross Domestic Product","2020","2020","USD","14830.426655","X","Figure from international organizations",""
"MK","Macro Indicators","500","Montserrat","6129","Annual growth US$","22008","Gross Domestic Product","2020","2020","%","-0.654998","X","Figure from international organizations",""
"MK","Macro Indicators","500","Montserrat","6110","Value US$","22011","Gross National Income","2020","2020","million USD","86.054815","X","Figure from international organizations",""
"MK","Macro Indicators","500","Montserrat","6119","Value US$ per capita","22011","Gross National Income","2020","2020","USD","19091.473059","X","Figure from international organizations",""
"MK","Macro Indicators","500","Montserrat","6129","Annual growth US$","22011","Gross National Income","2020","2020","%","11.680534","X","Figure from international organizations",""
"MK","Macro Indicators","504","Morocco","6110","Value US$","22008","Gross Domestic Product","2020","2020","million USD","121353.64094","X","Figure from international organizations",""
"MK","Macro Indicators","504","Morocco","6119","Value US$ per capita","22008","Gross Domestic Product","2020","2020","USD","3317.104499","X","Figure from international organizations",""
"MK","Macro Indicators","504","Morocco","6129","Annual growth US$","22008","Gross Domestic Product","2020","2020","%","-5.869228","X","Figure from international organizations",""
"MK","Macro Indicators","504","Morocco","6110","Value US$","22011","Gross National Income","2020","2020","million USD","120193.46645","X","Figure from international organizations",""
"MK","Macro Indicators","504","Morocco","6119","Value US$ per capita","22011","Gross National Income","2020","2020","USD","3285.392059","X","Figure from international organizations",""
"MK","Macro Indicators","504","Morocco","6129","Annual growth US$","22011","Gross National Income","2020","2020","%","-5.343536","X","Figure from international organizations",""
"MK","Macro Indicators","508","Mozambique","6110","Value US$","22008","Gross Domestic Product","2020","2020","million USD","14235.420505","X","Figure from international organizations",""
"MK","Macro Indicators","508","Mozambique","6119","Value US$ per capita","22008","Gross Domestic Product","2020","2020","USD","462.433887","X","Figure from international organizations",""
"MK","Macro Indicators","508","Mozambique","6129","Annual growth US$","22008","Gross Domestic Product","2020","2020","%","-8.234116","X","Figure from international organizations",""
"MK","Macro Indicators","508","Mozambique","6110","Value US$","22011","Gross National Income","2020","2020","million USD","13938.367776","X","Figure from international organizations",""
"MK","Macro Indicators","508","Mozambique","6119","Value US$ per capita","22011","Gross National Income","2020","2020","USD","452.784208","X","Figure from international organizations",""
"MK","Macro Indicators","508","Mozambique","6129","Annual growth US$","22011","Gross National Income","2020","2020","%","-8.599008","X","Figure from international organizations",""
"MK","Macro Indicators","104","Myanmar","6110","Value US$","22008","Gross Domestic Product","2020","2020","million USD","79969.739104","X","Figure from international organizations",""
"MK","Macro Indicators","104","Myanmar","6119","Value US$ per capita","22008","Gross Domestic Product","2020","2020","USD","1508.392796","X","Figure from international organizations",""
"MK","Macro Indicators","104","Myanmar","6129","Annual growth US$","22008","Gross Domestic Product","2020","2020","%","11.374998","X","Figure from international organizations",""
"MK","Macro Indicators","104","Myanmar","6110","Value US$","22011","Gross National Income","2020","2020","million USD","79704.700656","X","Figure from international organizations",""
"MK","Macro Indicators","104","Myanmar","6119","Value US$ per capita","22011","Gross National Income","2020","2020","USD","1503.393629","X","Figure from international organizations",""
"MK","Macro Indicators","104","Myanmar","6129","Annual growth US$","22011","Gross National Income","2020","2020","%","11.481458","X","Figure from international organizations",""
"MK","Macro Indicators","516","Namibia","6110","Value US$","22008","Gross Domestic Product","2020","2020","million USD","10583.748757","X","Figure from international organizations",""
"MK","Macro Indicators","516","Namibia","6119","Value US$ per capita","22008","Gross Domestic Product","2020","2020","USD","3878.59062","X","Figure from international organizations",""
"MK","Macro Indicators","516","Namibia","6129","Annual growth US$","22008","Gross Domestic Product","2020","2020","%","-15.61137","X","Figure from international organizations",""
"MK","Macro Indicators","516","Namibia","6110","Value US$","22011","Gross National Income","2020","2020","million USD","10539.865309","X","Figure from international organizations",""
"MK","Macro Indicators","516","Namibia","6119","Value US$ per capita","22011","Gross National Income","2020","2020","USD","3862.508801","X","Figure from international organizations",""
"MK","Macro Indicators","516","Namibia","6129","Annual growth US$","22011","Gross National Income","2020","2020","%","-13.847248","X","Figure from international organizations",""
"MK","Macro Indicators","520","Nauru","6110","Value US$","22008","Gross Domestic Product","2020","2020","million USD","147.982785","X","Figure from international organizations",""
"MK","Macro Indicators","520","Nauru","6119","Value US$ per capita","22008","Gross Domestic Product","2020","2020","USD","12710.021862","X","Figure from international organizations",""
"MK","Macro Indicators","520","Nauru","6129","Annual growth US$","22008","Gross Domestic Product","2020","2020","%","5.219366","X","Figure from international organizations",""
"MK","Macro Indicators","520","Nauru","6110","Value US$","22011","Gross National Income","2020","2020","million USD","177.684025","X","Figure from international organizations",""
"MK","Macro Indicators","520","Nauru","6119","Value US$ per capita","22011","Gross National Income","2020","2020","USD","15261.017378","X","Figure from international organizations",""
"MK","Macro Indicators","520","Nauru","6129","Annual growth US$","22011","Gross National Income","2020","2020","%","9.765363","X","Figure from international organizations",""
"MK","Macro Indicators","524","Nepal","6110","Value US$","22008","Gross Domestic Product","2020","2020","million USD","32858.995702","X","Figure from international organizations",""
"MK","Macro Indicators","524","Nepal","6119","Value US$ per capita","22008","Gross Domestic Product","2020","2020","USD","1134.376303","X","Figure from international organizations",""
"MK","Macro Indicators","524","Nepal","6129","Annual growth US$","22008","Gross Domestic Product","2020","2020","%","-4.112422","X","Figure from international organizations",""
"MK","Macro Indicators","524","Nepal","6110","Value US$","22011","Gross National Income","2020","2020","million USD","33247.292016","X","Figure from international organizations",""
"MK","Macro Indicators","524","Nepal","6119","Value US$ per capita","22011","Gross National Income","2020","2020","USD","1147.781282","X","Figure from international organizations",""
"MK","Macro Indicators","524","Nepal","6129","Annual growth US$","22011","Gross National Income","2020","2020","%","-3.972602","X","Figure from international organizations",""
"MK","Macro Indicators","528","Netherlands (Kingdom of the)","6110","Value US$","22008","Gross Domestic Product","2020","2020","million USD","932560.861701","X","Figure from international organizations",""
"MK","Macro Indicators","528","Netherlands (Kingdom of the)","6119","Value US$ per capita","22008","Gross Domestic Product","2020","2020","USD","52876.060859","X","Figure from international organizations",""
"MK","Macro Indicators","528","Netherlands (Kingdom of the)","6129","Annual growth US$","22008","Gross Domestic Product","2020","2020","%","0.393782","X","Figure from international organizations",""
"MK","Macro Indicators","528","Netherlands (Kingdom of the)","6110","Value US$","22011","Gross National Income","2020","2020","million USD","903478.264375","X","Figure from international organizations",""
"MK","Macro Indicators","528","Netherlands (Kingdom of the)","6119","Value US$ per capita","22011","Gross National Income","2020","2020","USD","51227.081956","X","Figure from international organizations",""
"MK","Macro Indicators","528","Netherlands (Kingdom of the)","6129","Annual growth US$","22011","Gross National Income","2020","2020","%","-0.572784","X","Figure from international organizations",""
"MK","Macro Indicators","540","New Caledonia","6110","Value US$","22008","Gross Domestic Product","2020","2020","million USD","9454.629451","X","Figure from international organizations",""
"MK","Macro Indicators","540","New Caledonia","6119","Value US$ per capita","22008","Gross Domestic Product","2020","2020","USD","33270.272","X","Figure from international organizations",""
"MK","Macro Indicators","540","New Caledonia","6129","Annual growth US$","22008","Gross Domestic Product","2020","2020","%","-0.221894","X","Figure from international organizations",""
"MK","Macro Indicators","540","New Caledonia","6110","Value US$","22011","Gross National Income","2020","2020","million USD","9454.629451","X","Figure from international organizations",""
"MK","Macro Indicators","540","New Caledonia","6119","Value US$ per capita","22011","Gross National Income","2020","2020","USD","33270.272","X","Figure from international organizations",""
"MK","Macro Indicators","540","New Caledonia","6129","Annual growth US$","22011","Gross National Income","2020","2020","%","-0.221894","X","Figure from international organizations",""
"MK","Macro Indicators","554","New Zealand","6110","Value US$","22008","Gross Domestic Product","2020","2020","million USD","212696.23393","X","Figure from international organizations",""
"MK","Macro Indicators","554","New Zealand","6119","Value US$ per capita","22008","Gross Domestic Product","2020","2020","USD","41952.788752","X","Figure from international organizations",""
"MK","Macro Indicators","554","New Zealand","6129","Annual growth US$","22008","Gross Domestic Product","2020","2020","%","-0.07079","X","Figure from international organizations",""
"MK","Macro Indicators","554","New Zealand","6110","Value US$","22011","Gross National Income","2020","2020","million USD","208606.894465","X","Figure from international organizations",""
"MK","Macro Indicators","554","New Zealand","6119","Value US$ per capita","22011","Gross National Income","2020","2020","USD","41146.196216","X","Figure from international organizations",""
"MK","Macro Indicators","554","New Zealand","6129","Annual growth US$","22011","Gross National Income","2020","2020","%","0.524526","X","Figure from international organizations",""
"MK","Macro Indicators","558","Nicaragua","6110","Value US$","22008","Gross Domestic Product","2020","2020","million USD","12681.549071","X","Figure from international organizations",""
"MK","Macro Indicators","558","Nicaragua","6119","Value US$ per capita","22008","Gross Domestic Product","2020","2020","USD","1931.612084","X","Figure from international organizations",""
"MK","Macro Indicators","558","Nicaragua","6129","Annual growth US$","22008","Gross Domestic Product","2020","2020","%","-0.137605","X","Figure from international organizations",""
"MK","Macro Indicators","558","Nicaragua","6110","Value US$","22011","Gross National Income","2020","2020","million USD","11871.649675","X","Figure from international organizations",""
"MK","Macro Indicators","558","Nicaragua","6119","Value US$ per capita","22011","Gross National Income","2020","2020","USD","1808.250856","X","Figure from international organizations",""
"MK","Macro Indicators","558","Nicaragua","6129","Annual growth US$","22011","Gross National Income","2020","2020","%","-2.992255","X","Figure from international organizations",""
"MK","Macro Indicators","562","Niger","6110","Value US$","22008","Gross Domestic Product","2020","2020","million USD","13744.174582","X","Figure from international organizations",""
"MK","Macro Indicators","562","Niger","6119","Value US$ per capita","22008","Gross Domestic Product","2020","2020","USD","579.492308","X","Figure from international organizations",""
"MK","Macro Indicators","562","Niger","6129","Annual growth US$","22008","Gross Domestic Product","2020","2020","%","6.408214","X","Figure from international organizations",""
"MK","Macro Indicators","562","Niger","6110","Value US$","22011","Gross National Income","2020","2020","million USD","13155.833897","X","Figure from international organizations",""
"MK","Macro Indicators","562","Niger","6119","Value US$ per capita","22011","Gross National Income","2020","2020","USD","554.686242","X","Figure from international organizations",""
"MK","Macro Indicators","562","Niger","6129","Annual growth US$","22011","Gross National Income","2020","2020","%","2.803488","X","Figure from international organizations",""
"MK","Macro Indicators","566","Nigeria","6110","Value US$","22008","Gross Domestic Product","2020","2020","million USD","429897.877039","X","Figure from international organizations",""
"MK","Macro Indicators","566","Nigeria","6119","Value US$ per capita","22008","Gross Domestic Product","2020","2020","USD","2008.904435","X","Figure from international organizations",""
"MK","Macro Indicators","566","Nigeria","6129","Annual growth US$","22008","Gross Domestic Product","2020","2020","%","-9.402931","X","Figure from international organizations",""
"MK","Macro Indicators","566","Nigeria","6110","Value US$","22011","Gross National Income","2020","2020","million USD","401228.171226","X","Figure from international organizations",""
"MK","Macro Indicators","566","Nigeria","6119","Value US$ per capita","22011","Gross National Income","2020","2020","USD","1874.931456","X","Figure from international organizations",""
"MK","Macro Indicators","566","Nigeria","6129","Annual growth US$","22011","Gross National Income","2020","2020","%","-8.116955","X","Figure from international organizations",""
"MK","Macro Indicators","807","North Macedonia","6110","Value US$","22008","Gross Domestic Product","2020","2020","million USD","12361.036914","X","Figure from international organizations",""
"MK","Macro Indicators","807","North Macedonia","6119","Value US$ per capita","22008","Gross Domestic Product","2020","2020","USD","6603.063337","X","Figure from international organizations",""
"MK","Macro Indicators","807","North Macedonia","6129","Annual growth US$","22008","Gross Domestic Product","2020","2020","%","-1.945859","X","Figure from international organizations",""
"MK","Macro Indicators","807","North Macedonia","6110","Value US$","22011","Gross National Income","2020","2020","million USD","11892.343875","X","Figure from international organizations",""
"MK","Macro Indicators","807","North Macedonia","6119","Value US$ per capita","22011","Gross National Income","2020","2020","USD","6352.695197","X","Figure from international organizations",""
"MK","Macro Indicators","807","North Macedonia","6129","Annual growth US$","22011","Gross National Income","2020","2020","%","-1.100432","X","Figure from international organizations",""
"MK","Macro Indicators","578","Norway","6110","Value US$","22008","Gross Domestic Product","2020","2020","million USD","367633.418887","X","Figure from international organizations",""
"MK","Macro Indicators","578","Norway","6119","Value US$ per capita","22008","Gross Domestic Product","2020","2020","USD","68342.578024","X","Figure from international organizations",""
"MK","Macro Indicators","578","Norway","6129","Annual growth US$","22008","Gross Domestic Product","2020","2020","%","-10.057527","X","Figure from international organizations",""
"MK","Macro Indicators","578","Norway","6110","Value US$","22011","Gross National Income","2020","2020","million USD","382834.834941","X","Figure from international organizations",""
"MK","Macro Indicators","578","Norway","6119","Value US$ per capita","22011","Gross National Income","2020","2020","USD","71168.501646","X","Figure from international organizations",""
"MK","Macro Indicators","578","Norway","6129","Annual growth US$","22011","Gross National Income","2020","2020","%","-9.115895","X","Figure from international organizations",""
"MK","Macro Indicators","512","Oman","6110","Value US$","22008","Gross Domestic Product","2020","2020","million USD","75909.397612","X","Figure from international organizations",""
"MK","Macro Indicators","512","Oman","6119","Value US$ per capita","22008","Gross Domestic Product","2020","2020","USD","16784.843861","X","Figure from international organizations",""
"MK","Macro Indicators","512","Oman","6129","Annual growth US$","22008","Gross Domestic Product","2020","2020","%","-13.79902","X","Figure from international organizations",""
"MK","Macro Indicators","512","Oman","6110","Value US$","22011","Gross National Income","2020","2020","million USD","70302.470741","X","Figure from international organizations",""
"MK","Macro Indicators","512","Oman","6119","Value US$ per capita","22011","Gross National Income","2020","2020","USD","15545.058076","X","Figure from international organizations",""
"MK","Macro Indicators","512","Oman","6129","Annual growth US$","22011","Gross National Income","2020","2020","%","-14.198062","X","Figure from international organizations",""
"MK","Macro Indicators","586","Pakistan","6110","Value US$","22008","Gross Domestic Product","2020","2020","million USD","293752.197207","X","Figure from international organizations",""
"MK","Macro Indicators","586","Pakistan","6119","Value US$ per capita","22008","Gross Domestic Product","2020","2020","USD","1250.000063","X","Figure from international organizations",""
"MK","Macro Indicators","586","Pakistan","6129","Annual growth US$","22008","Gross Domestic Product","2020","2020","%","0.628055","X","Figure from international organizations",""
"MK","Macro Indicators","586","Pakistan","6110","Value US$","22011","Gross National Income","2020","2020","million USD","310626.646339","X","Figure from international organizations",""
"MK","Macro Indicators","586","Pakistan","6119","Value US$ per capita","22011","Gross National Income","2020","2020","USD","1321.805696","X","Figure from international organizations",""
"MK","Macro Indicators","586","Pakistan","6129","Annual growth US$","22011","Gross National Income","2020","2020","%","1.461284","X","Figure from international organizations",""
"MK","Macro Indicators","585","Palau","6110","Value US$","22008","Gross Domestic Product","2020","2020","million USD","258.990844","X","Figure from international organizations",""
"MK","Macro Indicators","585","Palau","6119","Value US$ per capita","22008","Gross Domestic Product","2020","2020","USD","14556.589703","X","Figure from international organizations",""
"MK","Macro Indicators","585","Palau","6129","Annual growth US$","22008","Gross Domestic Product","2020","2020","%","-8.14024","X","Figure from international organizations",""
"MK","Macro Indicators","585","Palau","6110","Value US$","22011","Gross National Income","2020","2020","million USD","270.002289","X","Figure from international organizations",""
"MK","Macro Indicators","585","Palau","6119","Value US$ per capita","22011","Gross National Income","2020","2020","USD","15175.488366","X","Figure from international organizations",""
"MK","Macro Indicators","585","Palau","6129","Annual growth US$","22011","Gross National Income","2020","2020","%","-3.63089","X","Figure from international organizations",""
"MK","Macro Indicators","275","Palestine","6110","Value US$","22008","Gross Domestic Product","2020","2020","million USD","15531.7","X","Figure from international organizations",""
"MK","Macro Indicators","275","Palestine","6119","Value US$ per capita","22008","Gross Domestic Product","2020","2020","USD","3063.637791","X","Figure from international organizations",""
"MK","Macro Indicators","275","Palestine","6129","Annual growth US$","22008","Gross Domestic Product","2020","2020","%","-9.348936","X","Figure from international organizations",""
"MK","Macro Indicators","275","Palestine","6110","Value US$","22011","Gross National Income","2020","2020","million USD","18024.4","X","Figure from international organizations",""
"MK","Macro Indicators","275","Palestine","6119","Value US$ per capita","22011","Gross National Income","2020","2020","USD","3555.324465","X","Figure from international organizations",""
"MK","Macro Indicators","275","Palestine","6129","Annual growth US$","22011","Gross National Income","2020","2020","%","-10.614093","X","Figure from international organizations",""
"MK","Macro Indicators","591","Panama","6110","Value US$","22008","Gross Domestic Product","2020","2020","million USD","57086.8","X","Figure from international organizations",""
"MK","Macro Indicators","591","Panama","6119","Value US$ per capita","22008","Gross Domestic Product","2020","2020","USD","13296.83893","X","Figure from international organizations",""
"MK","Macro Indicators","591","Panama","6129","Annual growth US$","22008","Gross Domestic Product","2020","2020","%","-18.122022","X","Figure from international organizations",""
"MK","Macro Indicators","591","Panama","6110","Value US$","22011","Gross National Income","2020","2020","million USD","55304.7","X","Figure from international organizations",""
"MK","Macro Indicators","591","Panama","6119","Value US$ per capita","22011","Gross National Income","2020","2020","USD","12881.746533","X","Figure from international organizations",""
"MK","Macro Indicators","591","Panama","6129","Annual growth US$","22011","Gross National Income","2020","2020","%","-15.34874","X","Figure from international organizations",""
"MK","Macro Indicators","598","Papua New Guinea","6110","Value US$","22008","Gross Domestic Product","2020","2020","million USD","23848.445186","X","Figure from international organizations",""
"MK","Macro Indicators","598","Papua New Guinea","6119","Value US$ per capita","22008","Gross Domestic Product","2020","2020","USD","2429.611198","X","Figure from international organizations",""
"MK","Macro Indicators","598","Papua New Guinea","6129","Annual growth US$","22008","Gross Domestic Product","2020","2020","%","-3.645092","X","Figure from international organizations",""
"MK","Macro Indicators","598","Papua New Guinea","6110","Value US$","22011","Gross National Income","2020","2020","million USD","23121.545819","X","Figure from international organizations",""
"MK","Macro Indicators","598","Papua New Guinea","6119","Value US$ per capita","22011","Gross National Income","2020","2020","USD","2355.556776","X","Figure from international organizations",""
"MK","Macro Indicators","598","Papua New Guinea","6129","Annual growth US$","22011","Gross National Income","2020","2020","%","0.39071","X","Figure from international organizations",""
"MK","Macro Indicators","600","Paraguay","6110","Value US$","22008","Gross Domestic Product","2020","2020","million USD","35432.177967","X","Figure from international organizations",""
"MK","Macro Indicators","600","Paraguay","6119","Value US$ per capita","22008","Gross Domestic Product","2020","2020","USD","5365.471786","X","Figure from international organizations",""
"MK","Macro Indicators","600","Paraguay","6129","Annual growth US$","22008","Gross Domestic Product","2020","2020","%","-6.573865","X","Figure from international organizations",""
"MK","Macro Indicators","600","Paraguay","6110","Value US$","22011","Gross National Income","2020","2020","million USD","34244.900172","X","Figure from international organizations",""
"MK","Macro Indicators","600","Paraguay","6119","Value US$ per capita","22011","Gross National Income","2020","2020","USD","5185.683077","X","Figure from international organizations",""
"MK","Macro Indicators","600","Paraguay","6129","Annual growth US$","22011","Gross National Income","2020","2020","%","-6.923655","X","Figure from international organizations",""
"MK","Macro Indicators","604","Peru","6110","Value US$","22008","Gross Domestic Product","2020","2020","million USD","201409.683363","X","Figure from international organizations",""
"MK","Macro Indicators","604","Peru","6119","Value US$ per capita","22008","Gross Domestic Product","2020","2020","USD","6133.325084","X","Figure from international organizations",""
"MK","Macro Indicators","604","Peru","6129","Annual growth US$","22008","Gross Domestic Product","2020","2020","%","-11.788489","X","Figure from international organizations",""
"MK","Macro Indicators","604","Peru","6110","Value US$","22011","Gross National Income","2020","2020","million USD","196052.797813","X","Figure from international organizations",""
"MK","Macro Indicators","604","Peru","6119","Value US$ per capita","22011","Gross National Income","2020","2020","USD","5970.197274","X","Figure from international organizations",""
"MK","Macro Indicators","604","Peru","6129","Annual growth US$","22011","Gross National Income","2020","2020","%","-10.912949","X","Figure from international organizations",""
"MK","Macro Indicators","608","Philippines","6110","Value US$","22008","Gross Domestic Product","2020","2020","million USD","361751.145433","X","Figure from international organizations",""
"MK","Macro Indicators","608","Philippines","6119","Value US$ per capita","22008","Gross Domestic Product","2020","2020","USD","3227.579102","X","Figure from international organizations",""
"MK","Macro Indicators","608","Philippines","6129","Annual growth US$","22008","Gross Domestic Product","2020","2020","%","-3.99982","X","Figure from international organizations",""
"MK","Macro Indicators","608","Philippines","6110","Value US$","22011","Gross National Income","2020","2020","million USD","389165.799594","X","Figure from international organizations",""
"MK","Macro Indicators","608","Philippines","6119","Value US$ per capita","22011","Gross National Income","2020","2020","USD","3472.175328","X","Figure from international organizations",""
"MK","Macro Indicators","608","Philippines","6129","Annual growth US$","22011","Gross National Income","2020","2020","%","-6.123832","X","Figure from international organizations",""
"MK","Macro Indicators","616","Poland","6110","Value US$","22008","Gross Domestic Product","2020","2020","million USD","605914.237909","X","Figure from international organizations",""
"MK","Macro Indicators","616","Poland","6119","Value US$ per capita","22008","Gross Domestic Product","2020","2020","USD","15873.674974","X","Figure from international organizations",""
"MK","Macro Indicators","616","Poland","6129","Annual growth US$","22008","Gross Domestic Product","2020","2020","%","0.536014","X","Figure from international organizations",""
"MK","Macro Indicators","616","Poland","6110","Value US$","22011","Gross National Income","2020","2020","million USD","576792.052465","X","Figure from international organizations",""
"MK","Macro Indicators","616","Poland","6119","Value US$ per capita","22011","Gross National Income","2020","2020","USD","15110.735143","X","Figure from international organizations",""
"MK","Macro Indicators","616","Poland","6129","Annual growth US$","22011","Gross National Income","2020","2020","%","0.983559","X","Figure from international organizations",""
"MK","Macro Indicators","620","Portugal","6110","Value US$","22008","Gross Domestic Product","2020","2020","million USD","229618.773423","X","Figure from international organizations",""
"MK","Macro Indicators","620","Portugal","6119","Value US$ per capita","22008","Gross Domestic Product","2020","2020","USD","22141.492959","X","Figure from international organizations",""
"MK","Macro Indicators","620","Portugal","6129","Annual growth US$","22008","Gross Domestic Product","2020","2020","%","-4.371719","X","Figure from international organizations",""
"MK","Macro Indicators","620","Portugal","6110","Value US$","22011","Gross National Income","2020","2020","million USD","225467.491362","X","Figure from international organizations",""
"MK","Macro Indicators","620","Portugal","6119","Value US$ per capita","22011","Gross National Income","2020","2020","USD","21741.196498","X","Figure from international organizations",""
"MK","Macro Indicators","620","Portugal","6129","Annual growth US$","22011","Gross National Income","2020","2020","%","-3.544504","X","Figure from international organizations",""
"MK","Macro Indicators","630","Puerto Rico","6110","Value US$","22008","Gross Domestic Product","2020","2020","million USD","103130.9","X","Figure from international organizations",""
"MK","Macro Indicators","630","Puerto Rico","6119","Value US$ per capita","22008","Gross Domestic Product","2020","2020","USD","31482.612671","X","Figure from international organizations",""
"MK","Macro Indicators","630","Puerto Rico","6129","Annual growth US$","22008","Gross Domestic Product","2020","2020","%","-1.898191","X","Figure from international organizations",""
"MK","Macro Indicators","630","Puerto Rico","6110","Value US$","22011","Gross National Income","2020","2020","million USD","70353.3","X","Figure from international organizations",""
"MK","Macro Indicators","630","Puerto Rico","6119","Value US$ per capita","22011","Gross National Income","2020","2020","USD","21476.644672","X","Figure from international organizations",""
"MK","Macro Indicators","630","Puerto Rico","6129","Annual growth US$","22011","Gross National Income","2020","2020","%","-0.581925","X","Figure from international organizations",""
"MK","Macro Indicators","634","Qatar","6110","Value US$","22008","Gross Domestic Product","2020","2020","million USD","144411.363345","X","Figure from international organizations",""
"MK","Macro Indicators","634","Qatar","6119","Value US$ per capita","22008","Gross Domestic Product","2020","2020","USD","51513.394871","X","Figure from international organizations",""
"MK","Macro Indicators","634","Qatar","6129","Annual growth US$","22008","Gross Domestic Product","2020","2020","%","-18.120811","X","Figure from international organizations",""
"MK","Macro Indicators","634","Qatar","6110","Value US$","22011","Gross National Income","2020","2020","million USD","141358.890818","X","Figure from international organizations",""
"MK","Macro Indicators","634","Qatar","6119","Value US$ per capita","22011","Gross National Income","2020","2020","USD","50424.538571","X","Figure from international organizations",""
"MK","Macro Indicators","634","Qatar","6129","Annual growth US$","22011","Gross National Income","2020","2020","%","-17.796271","X","Figure from international organizations",""
"MK","Macro Indicators","410","Republic of Korea","6110","Value US$","22008","Gross Domestic Product","2020","2020","million USD","1744070.227117","X","Figure from international organizations",""
"MK","Macro Indicators","410","Republic of Korea","6119","Value US$ per capita","22008","Gross Domestic Product","2020","2020","USD","33631.340075","X","Figure from international organizations",""
"MK","Macro Indicators","410","Republic of Korea","6129","Annual growth US$","22008","Gross Domestic Product","2020","2020","%","-0.398363","X","Figure from international organizations",""
"MK","Macro Indicators","410","Republic of Korea","6110","Value US$","22011","Gross National Income","2020","2020","million USD","1758426.145522","X","Figure from international organizations",""
"MK","Macro Indicators","410","Republic of Korea","6119","Value US$ per capita","22011","Gross National Income","2020","2020","USD","33908.168821","X","Figure from international organizations",""
"MK","Macro Indicators","410","Republic of Korea","6129","Annual growth US$","22011","Gross National Income","2020","2020","%","-0.389315","X","Figure from international organizations",""
"MK","Macro Indicators","498","Republic of Moldova","6110","Value US$","22008","Gross Domestic Product","2020","2020","million USD","11530.746094","X","Figure from international organizations",""
"MK","Macro Indicators","498","Republic of Moldova","6119","Value US$ per capita","22008","Gross Domestic Product","2020","2020","USD","3757.006819","X","Figure from international organizations",""
"MK","Macro Indicators","498","Republic of Moldova","6129","Annual growth US$","22008","Gross Domestic Product","2020","2020","%","-1.755599","X","Figure from international organizations",""
"MK","Macro Indicators","498","Republic of Moldova","6110","Value US$","22011","Gross National Income","2020","2020","million USD","11924.519208","X","Figure from international organizations",""
"MK","Macro Indicators","498","Republic of Moldova","6119","Value US$ per capita","22011","Gross National Income","2020","2020","USD","3885.307994","X","Figure from international organizations",""
"MK","Macro Indicators","498","Republic of Moldova","6129","Annual growth US$","22011","Gross National Income","2020","2020","%","-3.528183","X","Figure from international organizations",""
"MK","Macro Indicators","642","Romania","6110","Value US$","22008","Gross Domestic Product","2020","2020","million USD","252033.812507","X","Figure from international organizations",""
"MK","Macro Indicators","642","Romania","6119","Value US$ per capita","22008","Gross Domestic Product","2020","2020","USD","12996.478814","X","Figure from international organizations",""
"MK","Macro Indicators","642","Romania","6129","Annual growth US$","22008","Gross Domestic Product","2020","2020","%","0.141741","X","Figure from international organizations",""
"MK","Macro Indicators","642","Romania","6110","Value US$","22011","Gross National Income","2020","2020","million USD","245462.946636","X","Figure from international organizations",""
"MK","Macro Indicators","642","Romania","6119","Value US$ per capita","22011","Gross National Income","2020","2020","USD","12657.642853","X","Figure from international organizations",""
"MK","Macro Indicators","642","Romania","6129","Annual growth US$","22011","Gross National Income","2020","2020","%","-0.299722","X","Figure from international organizations",""
"MK","Macro Indicators","643","Russian Federation","6110","Value US$","22008","Gross Domestic Product","2020","2020","million USD","1493075.88746","X","Figure from international organizations",""
"MK","Macro Indicators","643","Russian Federation","6119","Value US$ per capita","22008","Gross Domestic Product","2020","2020","USD","10200.605602","X","Figure from international organizations",""
"MK","Macro Indicators","643","Russian Federation","6129","Annual growth US$","22008","Gross Domestic Product","2020","2020","%","-11.814856","X","Figure from international organizations",""
"MK","Macro Indicators","643","Russian Federation","6110","Value US$","22011","Gross National Income","2020","2020","million USD","1458071.181562","X","Figure from international organizations",""
"MK","Macro Indicators","643","Russian Federation","6119","Value US$ per capita","22011","Gross National Income","2020","2020","USD","9961.455535","X","Figure from international organizations",""
"MK","Macro Indicators","643","Russian Federation","6129","Annual growth US$","22011","Gross National Income","2020","2020","%","-11.071227","X","Figure from international organizations",""
"MK","Macro Indicators","646","Rwanda","6110","Value US$","22008","Gross Domestic Product","2020","2020","million USD","10174.094498","X","Figure from international organizations",""
"MK","Macro Indicators","646","Rwanda","6119","Value US$ per capita","22008","Gross Domestic Product","2020","2020","USD","778.679123","X","Figure from international organizations",""
"MK","Macro Indicators","646","Rwanda","6129","Annual growth US$","22008","Gross Domestic Product","2020","2020","%","-1.696637","X","Figure from international organizations",""
"MK","Macro Indicators","646","Rwanda","6110","Value US$","22011","Gross National Income","2020","2020","million USD","9937.684883","X","Figure from international organizations",""
"MK","Macro Indicators","646","Rwanda","6119","Value US$ per capita","22011","Gross National Income","2020","2020","USD","760.585402","X","Figure from international organizations",""
"MK","Macro Indicators","646","Rwanda","6129","Annual growth US$","22011","Gross National Income","2020","2020","%","-0.639667","X","Figure from international organizations",""
"MK","Macro Indicators","659","Saint Kitts and Nevis","6110","Value US$","22008","Gross Domestic Product","2020","2020","million USD","883.922222","X","Figure from international organizations",""
"MK","Macro Indicators","659","Saint Kitts and Nevis","6119","Value US$ per capita","22008","Gross Domestic Product","2020","2020","USD","18859.019036","X","Figure from international organizations",""
"MK","Macro Indicators","659","Saint Kitts and Nevis","6129","Annual growth US$","22008","Gross Domestic Product","2020","2020","%","-20.213225","X","Figure from international organizations",""
"MK","Macro Indicators","659","Saint Kitts and Nevis","6110","Value US$","22011","Gross National Income","2020","2020","million USD","860.622222","X","Figure from international organizations",""
"MK","Macro Indicators","659","Saint Kitts and Nevis","6119","Value US$ per capita","22011","Gross National Income","2020","2020","USD","18361.899343","X","Figure from international organizations",""
"MK","Macro Indicators","659","Saint Kitts and Nevis","6129","Annual growth US$","22011","Gross National Income","2020","2020","%","-21.170795","X","Figure from international organizations",""
"MK","Macro Indicators","662","Saint Lucia","6110","Value US$","22008","Gross Domestic Product","2020","2020","million USD","1499.274074","X","Figure from international organizations",""
"MK","Macro Indicators","662","Saint Lucia","6119","Value US$ per capita","22008","Gross Domestic Product","2020","2020","USD","8411.051156","X","Figure from international organizations",""
"MK","Macro Indicators","662","Saint Lucia","6129","Annual growth US$","22008","Gross Domestic Product","2020","2020","%","-28.447369","X","Figure from international organizations",""
"MK","Macro Indicators","662","Saint Lucia","6110","Value US$","22011","Gross National Income","2020","2020","million USD","1463.83985","X","Figure from international organizations",""
"MK","Macro Indicators","662","Saint Lucia","6119","Value US$ per capita","22011","Gross National Income","2020","2020","USD","8212.262236","X","Figure from international organizations",""
"MK","Macro Indicators","662","Saint Lucia","6129","Annual growth US$","22011","Gross National Income","2020","2020","%","-25.695269","X","Figure from international organizations",""
"MK","Macro Indicators","670","Saint Vincent and the Grenadines","6110","Value US$","22008","Gross Domestic Product","2020","2020","million USD","864.567266","X","Figure from international organizations",""
"MK","Macro Indicators","670","Saint Vincent and the Grenadines","6119","Value US$ per capita","22008","Gross Domestic Product","2020","2020","USD","8351.209025","X","Figure from international organizations",""
"MK","Macro Indicators","670","Saint Vincent and the Grenadines","6129","Annual growth US$","22008","Gross Domestic Product","2020","2020","%","-5.042906","X","Figure from international organizations",""
"MK","Macro Indicators","670","Saint Vincent and the Grenadines","6110","Value US$","22011","Gross National Income","2020","2020","million USD","856.676296","X","Figure from international organizations",""
"MK","Macro Indicators","670","Saint Vincent and the Grenadines","6119","Value US$ per capita","22011","Gross National Income","2020","2020","USD","8274.986924","X","Figure from international organizations",""
"MK","Macro Indicators","670","Saint Vincent and the Grenadines","6129","Annual growth US$","22011","Gross National Income","2020","2020","%","-5.72284","X","Figure from international organizations",""
"MK","Macro Indicators","882","Samoa","6110","Value US$","22008","Gross Domestic Product","2020","2020","million USD","829.12564","X","Figure from international organizations",""
"MK","Macro Indicators","882","Samoa","6119","Value US$ per capita","22008","Gross Domestic Product","2020","2020","USD","3912.003361","X","Figure from international organizations",""
"MK","Macro Indicators","882","Samoa","6129","Annual growth US$","22008","Gross Domestic Product","2020","2020","%","-9.142251","X","Figure from international organizations",""
"MK","Macro Indicators","882","Samoa","6110","Value US$","22011","Gross National Income","2020","2020","million USD","804.75279","X","Figure from international organizations",""
"MK","Macro Indicators","882","Samoa","6119","Value US$ per capita","22011","Gross National Income","2020","2020","USD","3797.00671","X","Figure from international organizations",""
"MK","Macro Indicators","882","Samoa","6129","Annual growth US$","22011","Gross National Income","2020","2020","%","-8.635727","X","Figure from international organizations",""
"MK","Macro Indicators","674","San Marino","6110","Value US$","22008","Gross Domestic Product","2020","2020","million USD","1544.713792","X","Figure from international organizations",""
"MK","Macro Indicators","674","San Marino","6119","Value US$ per capita","22008","Gross Domestic Product","2020","2020","USD","44428.542834","X","Figure from international organizations",""
"MK","Macro Indicators","674","San Marino","6129","Annual growth US$","22008","Gross Domestic Product","2020","2020","%","-4.424976","X","Figure from international organizations",""
"MK","Macro Indicators","674","San Marino","6110","Value US$","22011","Gross National Income","2020","2020","million USD","1394.67165","X","Figure from international organizations",""
"MK","Macro Indicators","674","San Marino","6119","Value US$ per capita","22011","Gross National Income","2020","2020","USD","40113.080797","X","Figure from international organizations",""
"MK","Macro Indicators","674","San Marino","6129","Annual growth US$","22011","Gross National Income","2020","2020","%","-5.7307","X","Figure from international organizations",""
"MK","Macro Indicators","678","Sao Tome and Principe","6110","Value US$","22008","Gross Domestic Product","2020","2020","million USD","476.462168","X","Figure from international organizations",""
"MK","Macro Indicators","678","Sao Tome and Principe","6119","Value US$ per capita","22008","Gross Domestic Product","2020","2020","USD","2191.290562","X","Figure from international organizations",""
"MK","Macro Indicators","678","Sao Tome and Principe","6129","Annual growth US$","22008","Gross Domestic Product","2020","2020","%","10.642245","X","Figure from international organizations",""
"MK","Macro Indicators","678","Sao Tome and Principe","6110","Value US$","22011","Gross National Income","2020","2020","million USD","481.226788","X","Figure from international organizations",""
"MK","Macro Indicators","678","Sao Tome and Principe","6119","Value US$ per capita","22011","Gross National Income","2020","2020","USD","2213.203463","X","Figure from international organizations",""
"MK","Macro Indicators","678","Sao Tome and Principe","6129","Annual growth US$","22011","Gross National Income","2020","2020","%","12.197457","X","Figure from international organizations",""
"MK","Macro Indicators","682","Saudi Arabia","6110","Value US$","22008","Gross Domestic Product","2020","2020","million USD","734271.183945","X","Figure from international organizations",""
"MK","Macro Indicators","682","Saudi Arabia","6119","Value US$ per capita","22008","Gross Domestic Product","2020","2020","USD","23692.887597","X","Figure from international organizations",""
"MK","Macro Indicators","682","Saudi Arabia","6129","Annual growth US$","22008","Gross Domestic Product","2020","2020","%","-12.437147","X","Figure from international organizations",""
"MK","Macro Indicators","682","Saudi Arabia","6110","Value US$","22011","Gross National Income","2020","2020","million USD","748219.525783","X","Figure from international organizations",""
"MK","Macro Indicators","682","Saudi Arabia","6119","Value US$ per capita","22011","Gross National Income","2020","2020","USD","24142.961769","X","Figure from international organizations",""
"MK","Macro Indicators","682","Saudi Arabia","6129","Annual growth US$","22011","Gross National Income","2020","2020","%","-11.606474","X","Figure from international organizations",""
"MK","Macro Indicators","686","Senegal","6110","Value US$","22008","Gross Domestic Product","2020","2020","million USD","24530.513059","X","Figure from international organizations",""
"MK","Macro Indicators","686","Senegal","6119","Value US$ per capita","22008","Gross Domestic Product","2020","2020","USD","1461.087161","X","Figure from international organizations",""
"MK","Macro Indicators","686","Senegal","6129","Annual growth US$","22008","Gross Domestic Product","2020","2020","%","4.813354","X","Figure from international organizations",""
"MK","Macro Indicators","686","Senegal","6110","Value US$","22011","Gross National Income","2020","2020","million USD","23926.495419","X","Figure from international organizations",""
"MK","Macro Indicators","686","Senegal","6119","Value US$ per capita","22011","Gross National Income","2020","2020","USD","1425.110644","X","Figure from international organizations",""
"MK","Macro Indicators","686","Senegal","6129","Annual growth US$","22011","Gross National Income","2020","2020","%","5.348251","X","Figure from international organizations",""
"MK","Macro Indicators","688","Serbia","6110","Value US$","22008","Gross Domestic Product","2020","2020","million USD","53356.478948","X","Figure from international organizations",""
"MK","Macro Indicators","688","Serbia","6119","Value US$ per capita","22008","Gross Domestic Product","2020","2020","USD","7724.078036","X","Figure from international organizations",""
"MK","Macro Indicators","688","Serbia","6129","Annual growth US$","22008","Gross Domestic Product","2020","2020","%","3.576193","X","Figure from international organizations",""
"MK","Macro Indicators","688","Serbia","6110","Value US$","22011","Gross National Income","2020","2020","million USD","51715.381745","X","Figure from international organizations",""
"MK","Macro Indicators","688","Serbia","6119","Value US$ per capita","22011","Gross National Income","2020","2020","USD","7486.506834","X","Figure from international organizations",""
"MK","Macro Indicators","688","Serbia","6129","Annual growth US$","22011","Gross National Income","2020","2020","%","6.128239","X","Figure from international organizations",""
"MK","Macro Indicators","690","Seychelles","6110","Value US$","22008","Gross Domestic Product","2020","2020","million USD","1382.566007","X","Figure from international organizations",""
"MK","Macro Indicators","690","Seychelles","6119","Value US$ per capita","22008","Gross Domestic Product","2020","2020","USD","11493.511629","X","Figure from international organizations",""
"MK","Macro Indicators","690","Seychelles","6129","Annual growth US$","22008","Gross Domestic Product","2020","2020","%","-26.017562","X","Figure from international organizations",""
"MK","Macro Indicators","690","Seychelles","6110","Value US$","22011","Gross National Income","2020","2020","million USD","1333.464365","X","Figure from international organizations",""
"MK","Macro Indicators","690","Seychelles","6119","Value US$ per capita","22011","Gross National Income","2020","2020","USD","11085.32114","X","Figure from international organizations",""
"MK","Macro Indicators","690","Seychelles","6129","Annual growth US$","22011","Gross National Income","2020","2020","%","-25.671915","X","Figure from international organizations",""
"MK","Macro Indicators","694","Sierra Leone","6110","Value US$","22008","Gross Domestic Product","2020","2020","million USD","6688.594898","X","Figure from international organizations",""
"MK","Macro Indicators","694","Sierra Leone","6119","Value US$ per capita","22008","Gross Domestic Product","2020","2020","USD","845.313854","X","Figure from international organizations",""
"MK","Macro Indicators","694","Sierra Leone","6129","Annual growth US$","22008","Gross Domestic Product","2020","2020","%","2.529554","X","Figure from international organizations",""
"MK","Macro Indicators","694","Sierra Leone","6110","Value US$","22011","Gross National Income","2020","2020","million USD","6560.138369","X","Figure from international organizations",""
"MK","Macro Indicators","694","Sierra Leone","6119","Value US$ per capita","22011","Gross National Income","2020","2020","USD","829.079341","X","Figure from international organizations",""
"MK","Macro Indicators","694","Sierra Leone","6129","Annual growth US$","22011","Gross National Income","2020","2020","%","1.844559","X","Figure from international organizations",""
"MK","Macro Indicators","702","Singapore","6110","Value US$","22008","Gross Domestic Product","2020","2020","million USD","349488.467044","X","Figure from international organizations",""
"MK","Macro Indicators","702","Singapore","6119","Value US$ per capita","22008","Gross Domestic Product","2020","2020","USD","62184.894701","X","Figure from international organizations",""
"MK","Macro Indicators","702","Singapore","6129","Annual growth US$","22008","Gross Domestic Product","2020","2020","%","-7.273276","X","Figure from international organizations",""
"MK","Macro Indicators","702","Singapore","6110","Value US$","22011","Gross National Income","2020","2020","million USD","301827.081156","X","Figure from international organizations",""
"MK","Macro Indicators","702","Singapore","6119","Value US$ per capita","22011","Gross National Income","2020","2020","USD","53704.448156","X","Figure from international organizations",""
"MK","Macro Indicators","702","Singapore","6129","Annual growth US$","22011","Gross National Income","2020","2020","%","-9.420393","X","Figure from international organizations",""
"MK","Macro Indicators","534","Sint Maarten (Dutch part)","6110","Value US$","22008","Gross Domestic Product","2020","2020","million USD","1240.27933","X","Figure from international organizations",""
"MK","Macro Indicators","534","Sint Maarten (Dutch part)","6119","Value US$ per capita","22008","Gross Domestic Product","2020","2020","USD","30245.182701","X","Figure from international organizations",""
"MK","Macro Indicators","534","Sint Maarten (Dutch part)","6129","Annual growth US$","22008","Gross Domestic Product","2020","2020","%","-15.036357","X","Figure from international organizations",""
"MK","Macro Indicators","534","Sint Maarten (Dutch part)","6110","Value US$","22011","Gross National Income","2020","2020","million USD","1209.273743","X","Figure from international organizations",""
"MK","Macro Indicators","534","Sint Maarten (Dutch part)","6119","Value US$ per capita","22011","Gross National Income","2020","2020","USD","29489.087192","X","Figure from international organizations",""
"MK","Macro Indicators","534","Sint Maarten (Dutch part)","6129","Annual growth US$","22011","Gross National Income","2020","2020","%","-14.235905","X","Figure from international organizations",""
"MK","Macro Indicators","703","Slovakia","6110","Value US$","22008","Gross Domestic Product","2020","2020","million USD","107732.602896","X","Figure from international organizations",""
"MK","Macro Indicators","703","Slovakia","6119","Value US$ per capita","22008","Gross Domestic Product","2020","2020","USD","19749.246341","X","Figure from international organizations",""
"MK","Macro Indicators","703","Slovakia","6129","Annual growth US$","22008","Gross Domestic Product","2020","2020","%","1.784809","X","Figure from international organizations",""
"MK","Macro Indicators","703","Slovakia","6110","Value US$","22011","Gross National Income","2020","2020","million USD","105812.952731","X","Figure from international organizations",""
"MK","Macro Indicators","703","Slovakia","6119","Value US$ per capita","22011","Gross National Income","2020","2020","USD","19397.341319","X","Figure from international organizations",""
"MK","Macro Indicators","703","Slovakia","6129","Annual growth US$","22011","Gross National Income","2020","2020","%","2.558065","X","Figure from international organizations",""
"MK","Macro Indicators","705","Slovenia","6110","Value US$","22008","Gross Domestic Product","2020","2020","million USD","53384.760135","X","Figure from international organizations",""
"MK","Macro Indicators","705","Slovenia","6119","Value US$ per capita","22008","Gross Domestic Product","2020","2020","USD","25392.059071","X","Figure from international organizations",""
"MK","Macro Indicators","705","Slovenia","6129","Annual growth US$","22008","Gross Domestic Product","2020","2020","%","-0.974148","X","Figure from international organizations",""
"MK","Macro Indicators","705","Slovenia","6110","Value US$","22011","Gross National Income","2020","2020","million USD","53456.563151","X","Figure from international organizations",""
"MK","Macro Indicators","705","Slovenia","6119","Value US$ per capita","22011","Gross National Income","2020","2020","USD","25426.211634","X","Figure from international organizations",""
"MK","Macro Indicators","705","Slovenia","6129","Annual growth US$","22011","Gross National Income","2020","2020","%","-0.185253","X","Figure from international organizations",""
"MK","Macro Indicators","090","Solomon Islands","6110","Value US$","22008","Gross Domestic Product","2020","2020","million USD","1536.143444","X","Figure from international organizations",""
"MK","Macro Indicators","090","Solomon Islands","6119","Value US$ per capita","22008","Gross Domestic Product","2020","2020","USD","2063.327832","X","Figure from international organizations",""
"MK","Macro Indicators","090","Solomon Islands","6129","Annual growth US$","22008","Gross Domestic Product","2020","2020","%","-5.126581","X","Figure from international organizations",""
"MK","Macro Indicators","090","Solomon Islands","6110","Value US$","22011","Gross National Income","2020","2020","million USD","1572.048402","X","Figure from international organizations",""
"MK","Macro Indicators","090","Solomon Islands","6119","Value US$ per capita","22011","Gross National Income","2020","2020","USD","2111.554903","X","Figure from international organizations",""
"MK","Macro Indicators","090","Solomon Islands","6129","Annual growth US$","22011","Gross National Income","2020","2020","%","-1.903941","X","Figure from international organizations",""
"MK","Macro Indicators","706","Somalia","6110","Value US$","22008","Gross Domestic Product","2020","2020","million USD","8628","X","Figure from international organizations",""
"MK","Macro Indicators","706","Somalia","6119","Value US$ per capita","22008","Gross Domestic Product","2020","2020","USD","518.161149","X","Figure from international organizations",""
"MK","Macro Indicators","706","Somalia","6129","Annual growth US$","22008","Gross Domestic Product","2020","2020","%","-0.311958","X","Figure from international organizations",""
"MK","Macro Indicators","706","Somalia","6110","Value US$","22011","Gross National Income","2020","2020","million USD","8592.347794","X","Figure from international organizations",""
"MK","Macro Indicators","706","Somalia","6119","Value US$ per capita","22011","Gross National Income","2020","2020","USD","516.020028","X","Figure from international organizations",""
"MK","Macro Indicators","706","Somalia","6129","Annual growth US$","22011","Gross National Income","2020","2020","%","-0.346324","X","Figure from international organizations",""
"MK","Macro Indicators","710","South Africa","6110","Value US$","22008","Gross Domestic Product","2020","2020","million USD","338291.409016","X","Figure from international organizations",""
"MK","Macro Indicators","710","South Africa","6119","Value US$ per capita","22008","Gross Domestic Product","2020","2020","USD","5585.834035","X","Figure from international organizations",""
"MK","Macro Indicators","710","South Africa","6129","Annual growth US$","22008","Gross Domestic Product","2020","2020","%","-13.109346","X","Figure from international organizations",""
"MK","Macro Indicators","710","South Africa","6110","Value US$","22011","Gross National Income","2020","2020","million USD","332655.382547","X","Figure from international organizations",""
"MK","Macro Indicators","710","South Africa","6119","Value US$ per capita","22011","Gross National Income","2020","2020","USD","5492.772527","X","Figure from international organizations",""
"MK","Macro Indicators","710","South Africa","6129","Annual growth US$","22011","Gross National Income","2020","2020","%","-12.369614","X","Figure from international organizations",""
"MK","Macro Indicators","728","South Sudan","6110","Value US$","22008","Gross Domestic Product","2020","2020","million USD","4205.915782","X","Figure from international organizations",""
"MK","Macro Indicators","728","South Sudan","6119","Value US$ per capita","22008","Gross Domestic Product","2020","2020","USD","393.132566","X","Figure from international organizations",""
"MK","Macro Indicators","728","South Sudan","6129","Annual growth US$","22008","Gross Domestic Product","2020","2020","%","-2.074133","X","Figure from international organizations",""
"MK","Macro Indicators","728","South Sudan","6110","Value US$","22011","Gross National Income","2020","2020","million USD","4130.61676","X","Figure from international organizations",""
"MK","Macro Indicators","728","South Sudan","6119","Value US$ per capita","22011","Gross National Income","2020","2020","USD","386.094266","X","Figure from international organizations",""
"MK","Macro Indicators","728","South Sudan","6129","Annual growth US$","22011","Gross National Income","2020","2020","%","-1.890112","X","Figure from international organizations",""
"MK","Macro Indicators","724","Spain","6110","Value US$","22008","Gross Domestic Product","2020","2020","million USD","1289783.836971","X","Figure from international organizations",""
"MK","Macro Indicators","724","Spain","6119","Value US$ per capita","22008","Gross Domestic Product","2020","2020","USD","27051.125421","X","Figure from international organizations",""
"MK","Macro Indicators","724","Spain","6129","Annual growth US$","22008","Gross Domestic Product","2020","2020","%","-8.102091","X","Figure from international organizations",""
"MK","Macro Indicators","724","Spain","6110","Value US$","22011","Gross National Income","2020","2020","million USD","1281402.401924","X","Figure from international organizations",""
"MK","Macro Indicators","724","Spain","6119","Value US$ per capita","22011","Gross National Income","2020","2020","USD","26875.338406","X","Figure from international organizations",""
"MK","Macro Indicators","724","Spain","6129","Annual growth US$","22011","Gross National Income","2020","2020","%","-8.260667","X","Figure from international organizations",""
"MK","Macro Indicators","144","Sri Lanka","6110","Value US$","22008","Gross Domestic Product","2020","2020","million USD","84440.537135","X","Figure from international organizations",""
"MK","Macro Indicators","144","Sri Lanka","6119","Value US$ per capita","22008","Gross Domestic Product","2020","2020","USD","3742.631835","X","Figure from international organizations",""
"MK","Macro Indicators","144","Sri Lanka","6129","Annual growth US$","22008","Gross Domestic Product","2020","2020","%","-5.138957","X","Figure from international organizations",""
"MK","Macro Indicators","144","Sri Lanka","6110","Value US$","22011","Gross National Income","2020","2020","million USD","82161.013632","X","Figure from international organizations",""
"MK","Macro Indicators","144","Sri Lanka","6119","Value US$ per capita","22011","Gross National Income","2020","2020","USD","3641.597219","X","Figure from international organizations",""
"MK","Macro Indicators","144","Sri Lanka","6129","Annual growth US$","22011","Gross National Income","2020","2020","%","-5.066184","X","Figure from international organizations",""
"MK","Macro Indicators","729","Sudan","6110","Value US$","22008","Gross Domestic Product","2020","2020","million USD","34293.908444","X","Figure from international organizations",""
"MK","Macro Indicators","729","Sudan","6119","Value US$ per capita","22008","Gross Domestic Product","2020","2020","USD","732.944477","X","Figure from international organizations",""
"MK","Macro Indicators","729","Sudan","6129","Annual growth US$","22008","Gross Domestic Product","2020","2020","%","-2.349242","X","Figure from international organizations",""
"MK","Macro Indicators","729","Sudan","6110","Value US$","22011","Gross National Income","2020","2020","million USD","32425.116674","X","Figure from international organizations",""
"MK","Macro Indicators","729","Sudan","6119","Value US$ per capita","22011","Gross National Income","2020","2020","USD","693.003838","X","Figure from international organizations",""
"MK","Macro Indicators","729","Sudan","6129","Annual growth US$","22011","Gross National Income","2020","2020","%","-11.47566","X","Figure from international organizations",""
"MK","Macro Indicators","740","Suriname","6110","Value US$","22008","Gross Domestic Product","2020","2020","million USD","4159.114877","X","Figure from international organizations",""
"MK","Macro Indicators","740","Suriname","6119","Value US$ per capita","22008","Gross Domestic Product","2020","2020","USD","6792.426592","X","Figure from international organizations",""
"MK","Macro Indicators","740","Suriname","6129","Annual growth US$","22008","Gross Domestic Product","2020","2020","%","-2.249012","X","Figure from international organizations",""
"MK","Macro Indicators","740","Suriname","6110","Value US$","22011","Gross National Income","2020","2020","million USD","3689.289361","X","Figure from international organizations",""
"MK","Macro Indicators","740","Suriname","6119","Value US$ per capita","22011","Gross National Income","2020","2020","USD","6025.13465","X","Figure from international organizations",""
"MK","Macro Indicators","740","Suriname","6129","Annual growth US$","22011","Gross National Income","2020","2020","%","-3.909265","X","Figure from international organizations",""
"MK","Macro Indicators","752","Sweden","6110","Value US$","22008","Gross Domestic Product","2020","2020","million USD","545147.614972","X","Figure from international organizations",""
"MK","Macro Indicators","752","Sweden","6119","Value US$ per capita","22008","Gross Domestic Product","2020","2020","USD","52652.513187","X","Figure from international organizations",""
"MK","Macro Indicators","752","Sweden","6129","Annual growth US$","22008","Gross Domestic Product","2020","2020","%","2.438758","X","Figure from international organizations",""
"MK","Macro Indicators","752","Sweden","6110","Value US$","22011","Gross National Income","2020","2020","million USD","564371.291339","X","Figure from international organizations",""
"MK","Macro Indicators","752","Sweden","6119","Value US$ per capita","22011","Gross National Income","2020","2020","USD","54509.211897","X","Figure from international organizations",""
"MK","Macro Indicators","752","Sweden","6129","Annual growth US$","22011","Gross National Income","2020","2020","%","3.060541","X","Figure from international organizations",""
"MK","Macro Indicators","756","Switzerland","6110","Value US$","22008","Gross Domestic Product","2020","2020","million USD","741901.944162","X","Figure from international organizations",""
"MK","Macro Indicators","756","Switzerland","6119","Value US$ per capita","22008","Gross Domestic Product","2020","2020","USD","85862.50175","X","Figure from international organizations",""
"MK","Macro Indicators","756","Switzerland","6129","Annual growth US$","22008","Gross Domestic Product","2020","2020","%","2.839557","X","Figure from international organizations",""
"MK","Macro Indicators","756","Switzerland","6110","Value US$","22011","Gross National Income","2020","2020","million USD","716590.028382","X","Figure from international organizations",""
"MK","Macro Indicators","756","Switzerland","6119","Value US$ per capita","22011","Gross National Income","2020","2020","USD","82933.079027","X","Figure from international organizations",""
"MK","Macro Indicators","756","Switzerland","6129","Annual growth US$","22011","Gross National Income","2020","2020","%","2.904493","X","Figure from international organizations",""
"MK","Macro Indicators","760","Syrian Arab Republic","6110","Value US$","22008","Gross Domestic Product","2020","2020","million USD","21239.167227","X","Figure from international organizations",""
"MK","Macro Indicators","760","Syrian Arab Republic","6119","Value US$ per capita","22008","Gross Domestic Product","2020","2020","USD","1009.013937","X","Figure from international organizations",""
"MK","Macro Indicators","760","Syrian Arab Republic","6129","Annual growth US$","22008","Gross Domestic Product","2020","2020","%","-24.982632","X","Figure from international organizations",""
"MK","Macro Indicators","760","Syrian Arab Republic","6110","Value US$","22011","Gross National Income","2020","2020","million USD","20354.318201","X","Figure from international organizations",""
"MK","Macro Indicators","760","Syrian Arab Republic","6119","Value US$ per capita","22011","Gross National Income","2020","2020","USD","966.977214","X","Figure from international organizations",""
"MK","Macro Indicators","760","Syrian Arab Republic","6129","Annual growth US$","22011","Gross National Income","2020","2020","%","-25.178808","X","Figure from international organizations",""
"MK","Macro Indicators","762","Tajikistan","6110","Value US$","22008","Gross Domestic Product","2020","2020","million USD","8133.963813","X","Figure from international organizations",""
"MK","Macro Indicators","762","Tajikistan","6119","Value US$ per capita","22008","Gross Domestic Product","2020","2020","USD","834.3117","X","Figure from international organizations",""
"MK","Macro Indicators","762","Tajikistan","6129","Annual growth US$","22008","Gross Domestic Product","2020","2020","%","-2.010045","X","Figure from international organizations",""
"MK","Macro Indicators","762","Tajikistan","6110","Value US$","22011","Gross National Income","2020","2020","million USD","9498.10638","X","Figure from international organizations",""
"MK","Macro Indicators","762","Tajikistan","6119","Value US$ per capita","22011","Gross National Income","2020","2020","USD","974.233653","X","Figure from international organizations",""
"MK","Macro Indicators","762","Tajikistan","6129","Annual growth US$","22011","Gross National Income","2020","2020","%","-1.382795","X","Figure from international organizations",""
"MK","Macro Indicators","764","Thailand","6110","Value US$","22008","Gross Domestic Product","2020","2020","million USD","500461.990939","X","Figure from international organizations",""
"MK","Macro Indicators","764","Thailand","6119","Value US$ per capita","22008","Gross Domestic Product","2020","2020","USD","6985.645278","X","Figure from international organizations",""
"MK","Macro Indicators","764","Thailand","6129","Annual growth US$","22008","Gross Domestic Product","2020","2020","%","-7.999342","X","Figure from international organizations",""
"MK","Macro Indicators","764","Thailand","6110","Value US$","22011","Gross National Income","2020","2020","million USD","489367.128484","X","Figure from international organizations",""
"MK","Macro Indicators","764","Thailand","6119","Value US$ per capita","22011","Gross National Income","2020","2020","USD","6830.778825","X","Figure from international organizations",""
"MK","Macro Indicators","764","Thailand","6129","Annual growth US$","22011","Gross National Income","2020","2020","%","-6.605363","X","Figure from international organizations",""
"MK","Macro Indicators","626","Timor-Leste","6110","Value US$","22008","Gross Domestic Product","2020","2020","million USD","2162.619241","X","Figure from international organizations",""
"MK","Macro Indicators","626","Timor-Leste","6119","Value US$ per capita","22008","Gross Domestic Product","2020","2020","USD","1630.86877","X","Figure from international organizations",""
"MK","Macro Indicators","626","Timor-Leste","6129","Annual growth US$","22008","Gross Domestic Product","2020","2020","%","6.68885","X","Figure from international organizations",""
"MK","Macro Indicators","626","Timor-Leste","6110","Value US$","22011","Gross National Income","2020","2020","million USD","2368.614818","X","Figure from international organizations",""
"MK","Macro Indicators","626","Timor-Leste","6119","Value US$ per capita","22011","Gross National Income","2020","2020","USD","1786.213617","X","Figure from international organizations",""
"MK","Macro Indicators","626","Timor-Leste","6129","Annual growth US$","22011","Gross National Income","2020","2020","%","-17.455019","X","Figure from international organizations",""
"MK","Macro Indicators","768","Togo","6110","Value US$","22008","Gross Domestic Product","2020","2020","million USD","7486.031568","X","Figure from international organizations",""
"MK","Macro Indicators","768","Togo","6119","Value US$ per capita","22008","Gross Domestic Product","2020","2020","USD","863.468617","X","Figure from international organizations",""
"MK","Macro Indicators","768","Togo","6129","Annual growth US$","22008","Gross Domestic Product","2020","2020","%","7.055655","X","Figure from international organizations",""
"MK","Macro Indicators","768","Togo","6110","Value US$","22011","Gross National Income","2020","2020","million USD","7452.063215","X","Figure from international organizations",""
"MK","Macro Indicators","768","Togo","6119","Value US$ per capita","22011","Gross National Income","2020","2020","USD","859.550572","X","Figure from international organizations",""
"MK","Macro Indicators","768","Togo","6129","Annual growth US$","22011","Gross National Income","2020","2020","%","6.104273","X","Figure from international organizations",""
"MK","Macro Indicators","776","Tonga","6110","Value US$","22008","Gross Domestic Product","2020","2020","million USD","499.143457","X","Figure from international organizations",""
"MK","Macro Indicators","776","Tonga","6119","Value US$ per capita","22008","Gross Domestic Product","2020","2020","USD","4722.10908","X","Figure from international organizations",""
"MK","Macro Indicators","776","Tonga","6129","Annual growth US$","22008","Gross Domestic Product","2020","2020","%","1.781725","X","Figure from international organizations",""
"MK","Macro Indicators","776","Tonga","6110","Value US$","22011","Gross National Income","2020","2020","million USD","535.064349","X","Figure from international organizations",""
"MK","Macro Indicators","776","Tonga","6119","Value US$ per capita","22011","Gross National Income","2020","2020","USD","5061.935975","X","Figure from international organizations",""
"MK","Macro Indicators","776","Tonga","6129","Annual growth US$","22011","Gross National Income","2020","2020","%","2.338814","X","Figure from international organizations",""
"MK","Macro Indicators","780","Trinidad and Tobago","6110","Value US$","22008","Gross Domestic Product","2020","2020","million USD","20991.340676","X","Figure from international organizations",""
"MK","Macro Indicators","780","Trinidad and Tobago","6119","Value US$ per capita","22008","Gross Domestic Product","2020","2020","USD","14173.536528","X","Figure from international organizations",""
"MK","Macro Indicators","780","Trinidad and Tobago","6129","Annual growth US$","22008","Gross Domestic Product","2020","2020","%","-11.008538","X","Figure from international organizations",""
"MK","Macro Indicators","780","Trinidad and Tobago","6110","Value US$","22011","Gross National Income","2020","2020","million USD","19926.014242","X","Figure from international organizations",""
"MK","Macro Indicators","780","Trinidad and Tobago","6119","Value US$ per capita","22011","Gross National Income","2020","2020","USD","13454.218817","X","Figure from international organizations",""
"MK","Macro Indicators","780","Trinidad and Tobago","6129","Annual growth US$","22011","Gross National Income","2020","2020","%","-13.311753","X","Figure from international organizations",""
"MK","Macro Indicators","788","Tunisia","6110","Value US$","22008","Gross Domestic Product","2020","2020","million USD","42538.474597","X","Figure from international organizations",""
"MK","Macro Indicators","788","Tunisia","6119","Value US$ per capita","22008","Gross Domestic Product","2020","2020","USD","3552.553207","X","Figure from international organizations",""
"MK","Macro Indicators","788","Tunisia","6129","Annual growth US$","22008","Gross Domestic Product","2020","2020","%","1.510185","X","Figure from international organizations",""
"MK","Macro Indicators","788","Tunisia","6110","Value US$","22011","Gross National Income","2020","2020","million USD","41103.688509","X","Figure from international organizations",""
"MK","Macro Indicators","788","Tunisia","6119","Value US$ per capita","22011","Gross National Income","2020","2020","USD","3432.728649","X","Figure from international organizations",""
"MK","Macro Indicators","788","Tunisia","6129","Annual growth US$","22011","Gross National Income","2020","2020","%","1.041159","X","Figure from international organizations",""
"MK","Macro Indicators","792","Türkiye","6110","Value US$","22008","Gross Domestic Product","2020","2020","million USD","720338.455461","X","Figure from international organizations",""
"MK","Macro Indicators","792","Türkiye","6119","Value US$ per capita","22008","Gross Domestic Product","2020","2020","USD","8367.107707","X","Figure from international organizations",""
"MK","Macro Indicators","792","Türkiye","6129","Annual growth US$","22008","Gross Domestic Product","2020","2020","%","-5.343907","X","Figure from international organizations",""
"MK","Macro Indicators","792","Türkiye","6110","Value US$","22011","Gross National Income","2020","2020","million USD","711744.455467","X","Figure from international organizations",""
"MK","Macro Indicators","792","Türkiye","6119","Value US$ per capita","22011","Gross National Income","2020","2020","USD","8267.283905","X","Figure from international organizations",""
"MK","Macro Indicators","792","Türkiye","6129","Annual growth US$","22011","Gross National Income","2020","2020","%","-4.994575","X","Figure from international organizations",""
"MK","Macro Indicators","795","Turkmenistan","6110","Value US$","22008","Gross Domestic Product","2020","2020","million USD","45818","X","Figure from international organizations",""
"MK","Macro Indicators","795","Turkmenistan","6119","Value US$ per capita","22008","Gross Domestic Product","2020","2020","USD","6592.60146","X","Figure from international organizations",""
"MK","Macro Indicators","795","Turkmenistan","6129","Annual growth US$","22008","Gross Domestic Product","2020","2020","%","1.293623","X","Figure from international organizations",""
"MK","Macro Indicators","795","Turkmenistan","6110","Value US$","22011","Gross National Income","2020","2020","million USD","45566.594286","X","Figure from international organizations",""
"MK","Macro Indicators","795","Turkmenistan","6119","Value US$ per capita","22011","Gross National Income","2020","2020","USD","6556.427518","X","Figure from international organizations",""
"MK","Macro Indicators","795","Turkmenistan","6129","Annual growth US$","22011","Gross National Income","2020","2020","%","2.19393","X","Figure from international organizations",""
"MK","Macro Indicators","796","Turks and Caicos Islands","6110","Value US$","22008","Gross Domestic Product","2020","2020","million USD","924.583","X","Figure from international organizations",""
"MK","Macro Indicators","796","Turks and Caicos Islands","6119","Value US$ per capita","22008","Gross Domestic Product","2020","2020","USD","20830.744275","X","Figure from international organizations",""
"MK","Macro Indicators","796","Turks and Caicos Islands","6129","Annual growth US$","22008","Gross Domestic Product","2020","2020","%","-22.785083","X","Figure from international organizations",""
"MK","Macro Indicators","796","Turks and Caicos Islands","6110","Value US$","22011","Gross National Income","2020","2020","million USD","1011.678712","X","Figure from international organizations",""
"MK","Macro Indicators","796","Turks and Caicos Islands","6119","Value US$ per capita","22011","Gross National Income","2020","2020","USD","22793.000237","X","Figure from international organizations",""
"MK","Macro Indicators","796","Turks and Caicos Islands","6129","Annual growth US$","22011","Gross National Income","2020","2020","%","-22.785083","X","Figure from international organizations",""
"MK","Macro Indicators","798","Tuvalu","6110","Value US$","22008","Gross Domestic Product","2020","2020","million USD","51.751958","X","Figure from international organizations",""
"MK","Macro Indicators","798","Tuvalu","6119","Value US$ per capita","22008","Gross Domestic Product","2020","2020","USD","4976.389056","X","Figure from international organizations",""
"MK","Macro Indicators","798","Tuvalu","6129","Annual growth US$","22008","Gross Domestic Product","2020","2020","%","-4.434493","X","Figure from international organizations",""
"MK","Macro Indicators","798","Tuvalu","6110","Value US$","22011","Gross National Income","2020","2020","million USD","70.414122","X","Figure from international organizations",""
"MK","Macro Indicators","798","Tuvalu","6119","Value US$ per capita","22011","Gross National Income","2020","2020","USD","6770.914191","X","Figure from international organizations",""
"MK","Macro Indicators","798","Tuvalu","6129","Annual growth US$","22011","Gross National Income","2020","2020","%","-2.498304","X","Figure from international organizations",""
"MK","Macro Indicators","800","Uganda","6110","Value US$","22008","Gross Domestic Product","2020","2020","million USD","38060.791827","X","Figure from international organizations",""
"MK","Macro Indicators","800","Uganda","6119","Value US$ per capita","22008","Gross Domestic Product","2020","2020","USD","856.123024","X","Figure from international organizations",""
"MK","Macro Indicators","800","Uganda","6129","Annual growth US$","22008","Gross Domestic Product","2020","2020","%","0.757223","X","Figure from international organizations",""
"MK","Macro Indicators","800","Uganda","6110","Value US$","22011","Gross National Income","2020","2020","million USD","37281.876676","X","Figure from international organizations",""
"MK","Macro Indicators","800","Uganda","6119","Value US$ per capita","22011","Gross National Income","2020","2020","USD","838.602443","X","Figure from international organizations",""
"MK","Macro Indicators","800","Uganda","6129","Annual growth US$","22011","Gross National Income","2020","2020","%","1.320526","X","Figure from international organizations",""
"MK","Macro Indicators","804","Ukraine","6110","Value US$","22008","Gross Domestic Product","2020","2020","million USD","156617.719786","X","Figure from international organizations",""
"MK","Macro Indicators","804","Ukraine","6119","Value US$ per capita","22008","Gross Domestic Product","2020","2020","USD","3505.319359","X","Figure from international organizations",""
"MK","Macro Indicators","804","Ukraine","6129","Annual growth US$","22008","Gross Domestic Product","2020","2020","%","1.777112","X","Figure from international organizations",""
"MK","Macro Indicators","804","Ukraine","6110","Value US$","22011","Gross National Income","2020","2020","million USD","160040.029591","X","Figure from international organizations",""
"MK","Macro Indicators","804","Ukraine","6119","Value US$ per capita","22011","Gross National Income","2020","2020","USD","3581.915346","X","Figure from international organizations",""
"MK","Macro Indicators","804","Ukraine","6129","Annual growth US$","22011","Gross National Income","2020","2020","%","2.724666","X","Figure from international organizations",""
"MK","Macro Indicators","784","United Arab Emirates","6110","Value US$","22008","Gross Domestic Product","2020","2020","million USD","349473.015337","X","Figure from international organizations",""
"MK","Macro Indicators","784","United Arab Emirates","6119","Value US$ per capita","22008","Gross Domestic Product","2020","2020","USD","36987.048489","X","Figure from international organizations",""
"MK","Macro Indicators","784","United Arab Emirates","6129","Annual growth US$","22008","Gross Domestic Product","2020","2020","%","-16.39196","X","Figure from international organizations",""
"MK","Macro Indicators","784","United Arab Emirates","6110","Value US$","22011","Gross National Income","2020","2020","million USD","347594.186201","X","Figure from international organizations",""
"MK","Macro Indicators","784","United Arab Emirates","6119","Value US$ per capita","22011","Gross National Income","2020","2020","USD","36788.199533","X","Figure from international organizations",""
"MK","Macro Indicators","784","United Arab Emirates","6129","Annual growth US$","22011","Gross National Income","2020","2020","%","-17.24958","X","Figure from international organizations",""
"MK","Macro Indicators","826","United Kingdom of Great Britain and Northern Ireland","6110","Value US$","22008","Gross Domestic Product","2020","2020","million USD","2696778.386608","X","Figure from international organizations",""
"MK","Macro Indicators","826","United Kingdom of Great Britain and Northern Ireland","6119","Value US$ per capita","22008","Gross Domestic Product","2020","2020","USD","40040.146279","X","Figure from international organizations",""
"MK","Macro Indicators","826","United Kingdom of Great Britain and Northern Ireland","6129","Annual growth US$","22008","Gross Domestic Product","2020","2020","%","-5.422894","X","Figure from international organizations",""
"MK","Macro Indicators","826","United Kingdom of Great Britain and Northern Ireland","6110","Value US$","22011","Gross National Income","2020","2020","million USD","2639133.483529","X","Figure from international organizations",""
"MK","Macro Indicators","826","United Kingdom of Great Britain and Northern Ireland","6119","Value US$ per capita","22011","Gross National Income","2020","2020","USD","39184.269369","X","Figure from international organizations",""
"MK","Macro Indicators","826","United Kingdom of Great Britain and Northern Ireland","6129","Annual growth US$","22011","Gross National Income","2020","2020","%","-7.351042","X","Figure from international organizations",""
"MK","Macro Indicators","834","United Republic of Tanzania","6110","Value US$","22008","Gross Domestic Product","2020","2020","million USD","65211.454938","X","Figure from international organizations",""
"MK","Macro Indicators","834","United Republic of Tanzania","6119","Value US$ per capita","22008","Gross Domestic Product","2020","2020","USD","1069.517188","X","Figure from international organizations",""
"MK","Macro Indicators","834","United Republic of Tanzania","6129","Annual growth US$","22008","Gross Domestic Product","2020","2020","%","7.602905","X","Figure from international organizations",""
"MK","Macro Indicators","834","United Republic of Tanzania","6110","Value US$","22011","Gross National Income","2020","2020","million USD","63910.146344","X","Figure from international organizations",""
"MK","Macro Indicators","834","United Republic of Tanzania","6119","Value US$ per capita","22011","Gross National Income","2020","2020","USD","1048.174743","X","Figure from international organizations",""
"MK","Macro Indicators","834","United Republic of Tanzania","6129","Annual growth US$","22011","Gross National Income","2020","2020","%","7.305753","X","Figure from international organizations",""
"MK","Macro Indicators","840","United States of America","6110","Value US$","22008","Gross Domestic Product","2020","2020","million USD","21354100","X","Figure from international organizations",""
"MK","Macro Indicators","840","United States of America","6119","Value US$ per capita","22008","Gross Domestic Product","2020","2020","USD","62910.504568","X","Figure from international organizations",""
"MK","Macro Indicators","840","United States of America","6129","Annual growth US$","22008","Gross Domestic Product","2020","2020","%","-0.863045","X","Figure from international organizations",""
"MK","Macro Indicators","840","United States of America","6110","Value US$","22011","Gross National Income","2020","2020","million USD","21458070","X","Figure from international organizations",""
"MK","Macro Indicators","840","United States of America","6119","Value US$ per capita","22011","Gross National Income","2020","2020","USD","63216.806644","X","Figure from international organizations",""
"MK","Macro Indicators","840","United States of America","6129","Annual growth US$","22011","Gross National Income","2020","2020","%","-1.409466","X","Figure from international organizations",""
"MK","Macro Indicators","858","Uruguay","6110","Value US$","22008","Gross Domestic Product","2020","2020","million USD","53668.634629","X","Figure from international organizations",""
"MK","Macro Indicators","858","Uruguay","6119","Value US$ per capita","22008","Gross Domestic Product","2020","2020","USD","15789.685172","X","Figure from international organizations",""
"MK","Macro Indicators","858","Uruguay","6129","Annual growth US$","22008","Gross Domestic Product","2020","2020","%","-13.747082","X","Figure from international organizations",""
"MK","Macro Indicators","858","Uruguay","6110","Value US$","22011","Gross National Income","2020","2020","million USD","50767.647937","X","Figure from international organizations",""
"MK","Macro Indicators","858","Uruguay","6119","Value US$ per capita","22011","Gross National Income","2020","2020","USD","14936.194732","X","Figure from international organizations",""
"MK","Macro Indicators","858","Uruguay","6129","Annual growth US$","22011","Gross National Income","2020","2020","%","-14.263424","X","Figure from international organizations",""
"MK","Macro Indicators","860","Uzbekistan","6110","Value US$","22008","Gross Domestic Product","2020","2020","million USD","60224.701296","X","Figure from international organizations",""
"MK","Macro Indicators","860","Uzbekistan","6119","Value US$ per capita","22008","Gross Domestic Product","2020","2020","USD","1793.129109","X","Figure from international organizations",""
"MK","Macro Indicators","860","Uzbekistan","6129","Annual growth US$","22008","Gross Domestic Product","2020","2020","%","-0.097543","X","Figure from international organizations",""
"MK","Macro Indicators","860","Uzbekistan","6110","Value US$","22011","Gross National Income","2020","2020","million USD","60384.824668","X","Figure from international organizations",""
"MK","Macro Indicators","860","Uzbekistan","6119","Value US$ per capita","22011","Gross National Income","2020","2020","USD","1797.896619","X","Figure from international organizations",""
"MK","Macro Indicators","860","Uzbekistan","6129","Annual growth US$","22011","Gross National Income","2020","2020","%","-1.039775","X","Figure from international organizations",""
"MK","Macro Indicators","548","Vanuatu","6110","Value US$","22008","Gross Domestic Product","2020","2020","million USD","909.421044","X","Figure from international organizations",""
"MK","Macro Indicators","548","Vanuatu","6119","Value US$ per capita","22008","Gross Domestic Product","2020","2020","USD","3042.982025","X","Figure from international organizations",""
"MK","Macro Indicators","548","Vanuatu","6129","Annual growth US$","22008","Gross Domestic Product","2020","2020","%","-2.89423","X","Figure from international organizations",""
"MK","Macro Indicators","548","Vanuatu","6110","Value US$","22011","Gross National Income","2020","2020","million USD","1013.095042","X","Figure from international organizations",""
"MK","Macro Indicators","548","Vanuatu","6119","Value US$ per capita","22011","Gross National Income","2020","2020","USD","3389.881976","X","Figure from international organizations",""
"MK","Macro Indicators","548","Vanuatu","6129","Annual growth US$","22011","Gross National Income","2020","2020","%","-5.357981","X","Figure from international organizations",""
"MK","Macro Indicators","862","Venezuela (Bolivarian Republic of)","6110","Value US$","22008","Gross Domestic Product","2020","2020","million USD","105878.515579","X","Figure from international organizations",""
"MK","Macro Indicators","862","Venezuela (Bolivarian Republic of)","6119","Value US$ per capita","22008","Gross Domestic Product","2020","2020","USD","3722.339583","X","Figure from international organizations",""
"MK","Macro Indicators","862","Venezuela (Bolivarian Republic of)","6129","Annual growth US$","22008","Gross Domestic Product","2020","2020","%","-29.062291","X","Figure from international organizations",""
"MK","Macro Indicators","862","Venezuela (Bolivarian Republic of)","6110","Value US$","22011","Gross National Income","2020","2020","million USD","95633.801817","X","Figure from international organizations",""
"MK","Macro Indicators","862","Venezuela (Bolivarian Republic of)","6119","Value US$ per capita","22011","Gross National Income","2020","2020","USD","3362.169218","X","Figure from international organizations",""
"MK","Macro Indicators","862","Venezuela (Bolivarian Republic of)","6129","Annual growth US$","22011","Gross National Income","2020","2020","%","-16.476384","X","Figure from international organizations",""
"MK","Macro Indicators","704","Viet Nam","6110","Value US$","22008","Gross Domestic Product","2020","2020","million USD","346615.738494","X","Figure from international organizations",""
"MK","Macro Indicators","704","Viet Nam","6119","Value US$ per capita","22008","Gross Domestic Product","2020","2020","USD","3534.039534","X","Figure from international organizations",""
"MK","Macro Indicators","704","Viet Nam","6129","Annual growth US$","22008","Gross Domestic Product","2020","2020","%","3.663798","X","Figure from international organizations",""
"MK","Macro Indicators","704","Viet Nam","6110","Value US$","22011","Gross National Income","2020","2020","million USD","331798.335385","X","Figure from international organizations",""
"MK","Macro Indicators","704","Viet Nam","6119","Value US$ per capita","22011","Gross National Income","2020","2020","USD","3382.963624","X","Figure from international organizations",""
"MK","Macro Indicators","704","Viet Nam","6129","Annual growth US$","22011","Gross National Income","2020","2020","%","4.48123","X","Figure from international organizations",""
"MK","Macro Indicators","887","Yemen","6110","Value US$","22008","Gross Domestic Product","2020","2020","million USD","9416.580652","X","Figure from international organizations",""
"MK","Macro Indicators","887","Yemen","6119","Value US$ per capita","22008","Gross Domestic Product","2020","2020","USD","260.59544","X","Figure from international organizations",""
"MK","Macro Indicators","887","Yemen","6129","Annual growth US$","22008","Gross Domestic Product","2020","2020","%","-27.454345","X","Figure from international organizations",""
"MK","Macro Indicators","887","Yemen","6110","Value US$","22011","Gross National Income","2020","2020","million USD","9435.582175","X","Figure from international organizations",""
"MK","Macro Indicators","887","Yemen","6119","Value US$ per capita","22011","Gross National Income","2020","2020","USD","261.12129","X","Figure from international organizations",""
"MK","Macro Indicators","887","Yemen","6129","Annual growth US$","22011","Gross National Income","2020","2020","%","-27.464841","X","Figure from international organizations",""
"MK","Macro Indicators","894","Zambia","6110","Value US$","22008","Gross Domestic Product","2020","2020","million USD","18063.78079","X","Figure from international organizations",""
"MK","Macro Indicators","894","Zambia","6119","Value US$ per capita","22008","Gross Domestic Product","2020","2020","USD","947.762549","X","Figure from international organizations",""
"MK","Macro Indicators","894","Zambia","6129","Annual growth US$","22008","Gross Domestic Product","2020","2020","%","-22.503956","X","Figure from international organizations",""
"MK","Macro Indicators","894","Zambia","6110","Value US$","22011","Gross National Income","2020","2020","million USD","17517.927402","X","Figure from international organizations",""
"MK","Macro Indicators","894","Zambia","6119","Value US$ per capita","22011","Gross National Income","2020","2020","USD","919.122952","X","Figure from international organizations",""
"MK","Macro Indicators","894","Zambia","6129","Annual growth US$","22011","Gross National Income","2020","2020","%","-23.037281","X","Figure from international organizations",""
"MK","Macro Indicators","716","Zimbabwe","6110","Value US$","22008","Gross Domestic Product","2020","2020","million USD","21664.745864","X","Figure from international organizations",""
"MK","Macro Indicators","716","Zimbabwe","6119","Value US$ per capita","22008","Gross Domestic Product","2020","2020","USD","1395.305045","X","Figure from international organizations",""
"MK","Macro Indicators","716","Zimbabwe","6129","Annual growth US$","22008","Gross Domestic Product","2020","2020","%","-4.115044","X","Figure from international organizations",""
"MK","Macro Indicators","716","Zimbabwe","6110","Value US$","22011","Gross National Income","2020","2020","million USD","21183.196215","X","Figure from international organizations",""
"MK","Macro Indicators","716","Zimbabwe","6119","Value US$ per capita","22011","Gross National Income","2020","2020","USD","1364.291127","X","Figure from international organizations",""
"MK","Macro Indicators","716","Zimbabwe","6129","Annual growth US$","22011","Gross National Income","2020","2020","%","-4.743665","X","Figure from international organizations",""
