Domain Code,Domain,Area Code (M49),Area,Element Code,Element,Item Code,Item,Year Code,Year,Unit,Value,Flag,Flag Description,Note
"OA","Annual population","004","Afghanistan","511","Total Population - Both sexes","3010","Population - Est. & Proj.","2020","2020","1000 No","39068.979","X","Figure from international organizations",""
"OA","Annual population","004","Afghanistan","512","Total Population - Male","3010","Population - Est. & Proj.","2020","2020","1000 No","19725.45","X","Figure from international organizations",""
"OA","Annual population","004","Afghanistan","513","Total Population - Female","3010","Population - Est. & Proj.","2020","2020","1000 No","19343.528","X","Figure from international organizations",""
"OA","Annual population","004","Afghanistan","551","Rural population","3010","Population - Est. & Proj.","2020","2020","1000 No","28150.604","X","Figure from international organizations",""
"OA","Annual population","004","Afghanistan","561","Urban population","3010","Population - Est. & Proj.","2020","2020","1000 No","9904.337","X","Figure from international organizations",""
"OA","Annual population","008","Albania","511","Total Population - Both sexes","3010","Population - Est. & Proj.","2020","2020","1000 No","2871.954","X","Figure from international organizations",""
"OA","Annual population","008","Albania","512","Total Population - Male","3010","Population - Est. & Proj.","2020","2020","1000 No","1421.407","X","Figure from international organizations",""
"OA","Annual population","008","Albania","513","Total Population - Female","3010","Population - Est. & Proj.","2020","2020","1000 No","1450.547","X","Figure from international organizations",""
"OA","Annual population","008","Albania","551","Rural population","3010","Population - Est. & Proj.","2020","2020","1000 No","1114.672","X","Figure from international organizations",""
"OA","Annual population","008","Albania","561","Urban population","3010","Population - Est. & Proj.","2020","2020","1000 No","1827.362","X","Figure from international organizations",""
"OA","Annual population","012","Algeria","511","Total Population - Both sexes","3010","Population - Est. & Proj.","2020","2020","1000 No","44042.091","X","Figure from international organizations",""
"OA","Annual population","012","Algeria","512","Total Population - Male","3010","Population - Est. & Proj.","2020","2020","1000 No","22490.324","X","Figure from international organizations",""
"OA","Annual population","012","Algeria","513","Total Population - Female","3010","Population - Est. & Proj.","2020","2020","1000 No","21551.767","X","Figure from international organizations",""
"OA","Annual population","012","Algeria","551","Rural population","3010","Population - Est. & Proj.","2020","2020","1000 No","11382.345","X","Figure from international organizations",""
"OA","Annual population","012","Algeria","561","Urban population","3010","Population - Est. & Proj.","2020","2020","1000 No","31950.91","X","Figure from international organizations",""
"OA","Annual population","016","American Samoa","511","Total Population - Both sexes","3010","Population - Est. & Proj.","2020","2020","1000 No","49.761","X","Figure from international organizations",""
"OA","Annual population","016","American Samoa","512","Total Population - Male","3010","Population - Est. & Proj.","2020","2020","1000 No","25.17","X","Figure from international organizations",""
"OA","Annual population","016","American Samoa","513","Total Population - Female","3010","Population - Est. & Proj.","2020","2020","1000 No","24.591","X","Figure from international organizations",""
"OA","Annual population","016","American Samoa","551","Rural population","3010","Population - Est. & Proj.","2020","2020","1000 No","7.169","X","Figure from international organizations",""
"OA","Annual population","016","American Samoa","561","Urban population","3010","Population - Est. & Proj.","2020","2020","1000 No","48.63","X","Figure from international organizations",""
"OA","Annual population","020","Andorra","511","Total Population - Both sexes","3010","Population - Est. & Proj.","2020","2020","1000 No","77.38","X","Figure from international organizations",""
"OA","Annual population","020","Andorra","512","Total Population - Male","3010","Population - Est. & Proj.","2020","2020","1000 No","39.386","X","Figure from international organizations",""
"OA","Annual population","020","Andorra","513","Total Population - Female","3010","Population - Est. & Proj.","2020","2020","1000 No","37.994","X","Figure from international organizations",""
"OA","Annual population","020","Andorra","551","Rural population","3010","Population - Est. & Proj.","2020","2020","1000 No","9.327","X","Figure from international organizations",""
"OA","Annual population","020","Andorra","561","Urban population","3010","Population - Est. & Proj.","2020","2020","1000 No","67.857","X","Figure from international organizations",""
"OA","Annual population","024","Angola","511","Total Population - Both sexes","3010","Population - Est. & Proj.","2020","2020","1000 No","33451.132","X","Figure from international organizations",""
"OA","Annual population","024","Angola","512","Total Population - Male","3010","Population - Est. & Proj.","2020","2020","1000 No","16539.639","X","Figure from international organizations",""
"OA","Annual population","024","Angola","513","Total Population - Female","3010","Population - Est. & Proj.","2020","2020","1000 No","16911.494","X","Figure from international organizations",""
"OA","Annual population","024","Angola","551","Rural population","3010","Population - Est. & Proj.","2020","2020","1000 No","10890.448","X","Figure from international organizations",""
"OA","Annual population","024","Angola","561","Urban population","3010","Population - Est. & Proj.","2020","2020","1000 No","21936.953","X","Figure from international organizations",""
"OA","Annual population","660","Anguilla","511","Total Population - Both sexes","3010","Population - Est. & Proj.","2020","2020","1000 No","14.843","X","Figure from international organizations",""
"OA","Annual population","660","Anguilla","512","Total Population - Male","3010","Population - Est. & Proj.","2020","2020","1000 No","7.257","X","Figure from international organizations",""
"OA","Annual population","660","Anguilla","513","Total Population - Female","3010","Population - Est. & Proj.","2020","2020","1000 No","7.586","X","Figure from international organizations",""
"OA","Annual population","660","Anguilla","551","Rural population","3010","Population - Est. & Proj.","2020","2020","1000 No","0","X","Figure from international organizations",""
"OA","Annual population","660","Anguilla","561","Urban population","3010","Population - Est. & Proj.","2020","2020","1000 No","15.283","X","Figure from international organizations",""
"OA","Annual population","028","Antigua and Barbuda","511","Total Population - Both sexes","3010","Population - Est. & Proj.","2020","2020","1000 No","91.846","X","Figure from international organizations",""
"OA","Annual population","028","Antigua and Barbuda","512","Total Population - Male","3010","Population - Est. & Proj.","2020","2020","1000 No","43.667","X","Figure from international organizations",""
"OA","Annual population","028","Antigua and Barbuda","513","Total Population - Female","3010","Population - Est. & Proj.","2020","2020","1000 No","48.178","X","Figure from international organizations",""
"OA","Annual population","028","Antigua and Barbuda","551","Rural population","3010","Population - Est. & Proj.","2020","2020","1000 No","79.428","X","Figure from international organizations",""
"OA","Annual population","028","Antigua and Barbuda","561","Urban population","3010","Population - Est. & Proj.","2020","2020","1000 No","25.682","X","Figure from international organizations",""
"OA","Annual population","032","Argentina","511","Total Population - Both sexes","3010","Population - Est. & Proj.","2020","2020","1000 No","45191.964","X","Figure from international organizations",""
"OA","Annual population","032","Argentina","512","Total Population - Male","3010","Population - Est. & Proj.","2020","2020","1000 No","22419.484","X","Figure from international organizations",""
"OA","Annual population","032","Argentina","513","Total Population - Female","3010","Population - Est. & Proj.","2020","2020","1000 No","22772.48","X","Figure from international organizations",""
"OA","Annual population","032","Argentina","551","Rural population","3010","Population - Est. & Proj.","2020","2020","1000 No","3590.542","X","Figure from international organizations",""
"OA","Annual population","032","Argentina","561","Urban population","3010","Population - Est. & Proj.","2020","2020","1000 No","41919.857","X","Figure from international organizations",""
"OA","Annual population","051","Armenia","511","Total Population - Both sexes","3010","Population - Est. & Proj.","2020","2020","1000 No","2890.892","X","Figure from international organizations",""
"OA","Annual population","051","Armenia","512","Total Population - Male","3010","Population - Est. & Proj.","2020","2020","1000 No","1336.435","X","Figure from international organizations",""
"OA","Annual population","051","Armenia","513","Total Population - Female","3010","Population - Est. & Proj.","2020","2020","1000 No","1554.457","X","Figure from international organizations",""
"OA","Annual population","051","Armenia","551","Rural population","3010","Population - Est. & Proj.","2020","2020","1000 No","1078.125","X","Figure from international organizations",""
"OA","Annual population","051","Armenia","561","Urban population","3010","Population - Est. & Proj.","2020","2020","1000 No","1860.554","X","Figure from international organizations",""
"OA","Annual population","533","Aruba","511","Total Population - Both sexes","3010","Population - Est. & Proj.","2020","2020","1000 No","107.4","X","Figure from international organizations",""
"OA","Annual population","533","Aruba","512","Total Population - Male","3010","Population - Est. & Proj.","2020","2020","1000 No","50.645","X","Figure from international organizations",""
"OA","Annual population","533","Aruba","513","Total Population - Female","3010","Population - Est. & Proj.","2020","2020","1000 No","56.755","X","Figure from international organizations",""
"OA","Annual population","533","Aruba","551","Rural population","3010","Population - Est. & Proj.","2020","2020","1000 No","59.927","X","Figure from international organizations",""
"OA","Annual population","533","Aruba","561","Urban population","3010","Population - Est. & Proj.","2020","2020","1000 No","46.511","X","Figure from international organizations",""
"OA","Annual population","036","Australia","511","Total Population - Both sexes","3010","Population - Est. & Proj.","2020","2020","1000 No","25743.791","X","Figure from international organizations",""
"OA","Annual population","036","Australia","512","Total Population - Male","3010","Population - Est. & Proj.","2020","2020","1000 No","12773.754","X","Figure from international organizations",""
"OA","Annual population","036","Australia","513","Total Population - Female","3010","Population - Est. & Proj.","2020","2020","1000 No","12970.037","X","Figure from international organizations",""
"OA","Annual population","036","Australia","551","Rural population","3010","Population - Est. & Proj.","2020","2020","1000 No","3494.472","X","Figure from international organizations",""
"OA","Annual population","036","Australia","561","Urban population","3010","Population - Est. & Proj.","2020","2020","1000 No","21903.705","X","Figure from international organizations",""
"OA","Annual population","040","Austria","511","Total Population - Both sexes","3010","Population - Est. & Proj.","2020","2020","1000 No","8921.405","X","Figure from international organizations",""
"OA","Annual population","040","Austria","512","Total Population - Male","3010","Population - Est. & Proj.","2020","2020","1000 No","4389.081","X","Figure from international organizations",""
"OA","Annual population","040","Austria","513","Total Population - Female","3010","Population - Est. & Proj.","2020","2020","1000 No","4532.324","X","Figure from international organizations",""
"OA","Annual population","040","Austria","551","Rural population","3010","Population - Est. & Proj.","2020","2020","1000 No","3622.85","X","Figure from international organizations",""
"OA","Annual population","040","Austria","561","Urban population","3010","Population - Est. & Proj.","2020","2020","1000 No","5159.36","X","Figure from international organizations",""
"OA","Annual population","031","Azerbaijan","511","Total Population - Both sexes","3010","Population - Est. & Proj.","2020","2020","1000 No","10181.73","X","Figure from international organizations",""
"OA","Annual population","031","Azerbaijan","512","Total Population - Male","3010","Population - Est. & Proj.","2020","2020","1000 No","4980.263","X","Figure from international organizations",""
"OA","Annual population","031","Azerbaijan","513","Total Population - Female","3010","Population - Est. & Proj.","2020","2020","1000 No","5201.467","X","Figure from international organizations",""
"OA","Annual population","031","Azerbaijan","551","Rural population","3010","Population - Est. & Proj.","2020","2020","1000 No","4403.813","X","Figure from international organizations",""
"OA","Annual population","031","Azerbaijan","561","Urban population","3010","Population - Est. & Proj.","2020","2020","1000 No","5695.93","X","Figure from international organizations",""
"OA","Annual population","044","Bahamas","511","Total Population - Both sexes","3010","Population - Est. & Proj.","2020","2020","1000 No","395.863","X","Figure from international organizations",""
"OA","Annual population","044","Bahamas","512","Total Population - Male","3010","Population - Est. & Proj.","2020","2020","1000 No","189.876","X","Figure from international organizations",""
"OA","Annual population","044","Bahamas","513","Total Population - Female","3010","Population - Est. & Proj.","2020","2020","1000 No","205.987","X","Figure from international organizations",""
"OA","Annual population","044","Bahamas","551","Rural population","3010","Population - Est. & Proj.","2020","2020","1000 No","68.165","X","Figure from international organizations",""
"OA","Annual population","044","Bahamas","561","Urban population","3010","Population - Est. & Proj.","2020","2020","1000 No","338.674","X","Figure from international organizations",""
"OA","Annual population","048","Bahrain","511","Total Population - Both sexes","3010","Population - Est. & Proj.","2020","2020","1000 No","1483.077","X","Figure from international organizations",""
"OA","Annual population","048","Bahrain","512","Total Population - Male","3010","Population - Est. & Proj.","2020","2020","1000 No","924.113","X","Figure from international organizations",""
"OA","Annual population","048","Bahrain","513","Total Population - Female","3010","Population - Est. & Proj.","2020","2020","1000 No","558.964","X","Figure from international organizations",""
"OA","Annual population","048","Bahrain","551","Rural population","3010","Population - Est. & Proj.","2020","2020","1000 No","178.17","X","Figure from international organizations",""
"OA","Annual population","048","Bahrain","561","Urban population","3010","Population - Est. & Proj.","2020","2020","1000 No","1519.595","X","Figure from international organizations",""
"OA","Annual population","050","Bangladesh","511","Total Population - Both sexes","3010","Population - Est. & Proj.","2020","2020","1000 No","166298.024","X","Figure from international organizations",""
"OA","Annual population","050","Bangladesh","512","Total Population - Male","3010","Population - Est. & Proj.","2020","2020","1000 No","81878.88","X","Figure from international organizations",""
"OA","Annual population","050","Bangladesh","513","Total Population - Female","3010","Population - Est. & Proj.","2020","2020","1000 No","84419.144","X","Figure from international organizations",""
"OA","Annual population","050","Bangladesh","551","Rural population","3010","Population - Est. & Proj.","2020","2020","1000 No","104960.356","X","Figure from international organizations",""
"OA","Annual population","050","Bangladesh","561","Urban population","3010","Population - Est. & Proj.","2020","2020","1000 No","64814.953","X","Figure from international organizations",""
"OA","Annual population","052","Barbados","511","Total Population - Both sexes","3010","Population - Est. & Proj.","2020","2020","1000 No","281.698","X","Figure from international organizations",""
"OA","Annual population","052","Barbados","512","Total Population - Male","3010","Population - Est. & Proj.","2020","2020","1000 No","135.102","X","Figure from international organizations",""
"OA","Annual population","052","Barbados","513","Total Population - Female","3010","Population - Est. & Proj.","2020","2020","1000 No","146.595","X","Figure from international organizations",""
"OA","Annual population","052","Barbados","551","Rural population","3010","Population - Est. & Proj.","2020","2020","1000 No","197.873","X","Figure from international organizations",""
"OA","Annual population","052","Barbados","561","Urban population","3010","Population - Est. & Proj.","2020","2020","1000 No","89.695","X","Figure from international organizations",""
"OA","Annual population","112","Belarus","511","Total Population - Both sexes","3010","Population - Est. & Proj.","2020","2020","1000 No","9350.944","X","Figure from international organizations",""
"OA","Annual population","112","Belarus","512","Total Population - Male","3010","Population - Est. & Proj.","2020","2020","1000 No","4358.798","X","Figure from international organizations",""
"OA","Annual population","112","Belarus","513","Total Population - Female","3010","Population - Est. & Proj.","2020","2020","1000 No","4992.146","X","Figure from international organizations",""
"OA","Annual population","112","Belarus","551","Rural population","3010","Population - Est. & Proj.","2020","2020","1000 No","1931.795","X","Figure from international organizations",""
"OA","Annual population","112","Belarus","561","Urban population","3010","Population - Est. & Proj.","2020","2020","1000 No","7483.636","X","Figure from international organizations",""
"OA","Annual population","056","Belgium","511","Total Population - Both sexes","3010","Population - Est. & Proj.","2020","2020","1000 No","11540.107","X","Figure from international organizations",""
"OA","Annual population","056","Belgium","512","Total Population - Male","3010","Population - Est. & Proj.","2020","2020","1000 No","5691.736","X","Figure from international organizations",""
"OA","Annual population","056","Belgium","513","Total Population - Female","3010","Population - Est. & Proj.","2020","2020","1000 No","5848.37","X","Figure from international organizations",""
"OA","Annual population","056","Belgium","551","Rural population","3010","Population - Est. & Proj.","2020","2020","1000 No","223.197","X","Figure from international organizations",""
"OA","Annual population","056","Belgium","561","Urban population","3010","Population - Est. & Proj.","2020","2020","1000 No","11396.775","X","Figure from international organizations",""
"OA","Annual population","084","Belize","511","Total Population - Both sexes","3010","Population - Est. & Proj.","2020","2020","1000 No","390.812","X","Figure from international organizations",""
"OA","Annual population","084","Belize","512","Total Population - Male","3010","Population - Est. & Proj.","2020","2020","1000 No","196.763","X","Figure from international organizations",""
"OA","Annual population","084","Belize","513","Total Population - Female","3010","Population - Est. & Proj.","2020","2020","1000 No","194.048","X","Figure from international organizations",""
"OA","Annual population","084","Belize","551","Rural population","3010","Population - Est. & Proj.","2020","2020","1000 No","214.825","X","Figure from international organizations",""
"OA","Annual population","084","Belize","561","Urban population","3010","Population - Est. & Proj.","2020","2020","1000 No","183.182","X","Figure from international organizations",""
"OA","Annual population","204","Benin","511","Total Population - Both sexes","3010","Population - Est. & Proj.","2020","2020","1000 No","13070.169","X","Figure from international organizations",""
"OA","Annual population","204","Benin","512","Total Population - Male","3010","Population - Est. & Proj.","2020","2020","1000 No","6546.526","X","Figure from international organizations",""
"OA","Annual population","204","Benin","513","Total Population - Female","3010","Population - Est. & Proj.","2020","2020","1000 No","6523.643","X","Figure from international organizations",""
"OA","Annual population","204","Benin","551","Rural population","3010","Population - Est. & Proj.","2020","2020","1000 No","6253.682","X","Figure from international organizations",""
"OA","Annual population","204","Benin","561","Urban population","3010","Population - Est. & Proj.","2020","2020","1000 No","5869.303","X","Figure from international organizations",""
"OA","Annual population","060","Bermuda","511","Total Population - Both sexes","3010","Population - Est. & Proj.","2020","2020","1000 No","64.382","X","Figure from international organizations",""
"OA","Annual population","060","Bermuda","512","Total Population - Male","3010","Population - Est. & Proj.","2020","2020","1000 No","31.671","X","Figure from international organizations",""
"OA","Annual population","060","Bermuda","513","Total Population - Female","3010","Population - Est. & Proj.","2020","2020","1000 No","32.711","X","Figure from international organizations",""
"OA","Annual population","060","Bermuda","551","Rural population","3010","Population - Est. & Proj.","2020","2020","1000 No","0","X","Figure from international organizations",""
"OA","Annual population","060","Bermuda","561","Urban population","3010","Population - Est. & Proj.","2020","2020","1000 No","60.639","X","Figure from international organizations",""
"OA","Annual population","064","Bhutan","511","Total Population - Both sexes","3010","Population - Est. & Proj.","2020","2020","1000 No","770.006","X","Figure from international organizations",""
"OA","Annual population","064","Bhutan","512","Total Population - Male","3010","Population - Est. & Proj.","2020","2020","1000 No","413.208","X","Figure from international organizations",""
"OA","Annual population","064","Bhutan","513","Total Population - Female","3010","Population - Est. & Proj.","2020","2020","1000 No","356.798","X","Figure from international organizations",""
"OA","Annual population","064","Bhutan","551","Rural population","3010","Population - Est. & Proj.","2020","2020","1000 No","481.8","X","Figure from international organizations",""
"OA","Annual population","064","Bhutan","561","Urban population","3010","Population - Est. & Proj.","2020","2020","1000 No","353.445","X","Figure from international organizations",""
"OA","Annual population","068","Bolivia (Plurinational State of)","511","Total Population - Both sexes","3010","Population - Est. & Proj.","2020","2020","1000 No","11816.299","X","Figure from international organizations",""
"OA","Annual population","068","Bolivia (Plurinational State of)","512","Total Population - Male","3010","Population - Est. & Proj.","2020","2020","1000 No","5940.065","X","Figure from international organizations",""
"OA","Annual population","068","Bolivia (Plurinational State of)","513","Total Population - Female","3010","Population - Est. & Proj.","2020","2020","1000 No","5876.234","X","Figure from international organizations",""
"OA","Annual population","068","Bolivia (Plurinational State of)","551","Rural population","3010","Population - Est. & Proj.","2020","2020","1000 No","3449.008","X","Figure from international organizations",""
"OA","Annual population","068","Bolivia (Plurinational State of)","561","Urban population","3010","Population - Est. & Proj.","2020","2020","1000 No","8094.974","X","Figure from international organizations",""
"OA","Annual population","535","Bonaire, Sint Eustatius and Saba","511","Total Population - Both sexes","3010","Population - Est. & Proj.","2020","2020","1000 No","26.453","X","Figure from international organizations",""
"OA","Annual population","535","Bonaire, Sint Eustatius and Saba","512","Total Population - Male","3010","Population - Est. & Proj.","2020","2020","1000 No","13.668","X","Figure from international organizations",""
"OA","Annual population","535","Bonaire, Sint Eustatius and Saba","513","Total Population - Female","3010","Population - Est. & Proj.","2020","2020","1000 No","12.786","X","Figure from international organizations",""
"OA","Annual population","535","Bonaire, Sint Eustatius and Saba","551","Rural population","3010","Population - Est. & Proj.","2020","2020","1000 No","6.54","X","Figure from international organizations",""
"OA","Annual population","535","Bonaire, Sint Eustatius and Saba","561","Urban population","3010","Population - Est. & Proj.","2020","2020","1000 No","19.672","X","Figure from international organizations",""
"OA","Annual population","070","Bosnia and Herzegovina","511","Total Population - Both sexes","3010","Population - Est. & Proj.","2020","2020","1000 No","3299.349","X","Figure from international organizations",""
"OA","Annual population","070","Bosnia and Herzegovina","512","Total Population - Male","3010","Population - Est. & Proj.","2020","2020","1000 No","1568.697","X","Figure from international organizations",""
"OA","Annual population","070","Bosnia and Herzegovina","513","Total Population - Female","3010","Population - Est. & Proj.","2020","2020","1000 No","1730.652","X","Figure from international organizations",""
"OA","Annual population","070","Bosnia and Herzegovina","551","Rural population","3010","Population - Est. & Proj.","2020","2020","1000 No","1783.4","X","Figure from international organizations",""
"OA","Annual population","070","Bosnia and Herzegovina","561","Urban population","3010","Population - Est. & Proj.","2020","2020","1000 No","1714.81","X","Figure from international organizations",""
"OA","Annual population","072","Botswana","511","Total Population - Both sexes","3010","Population - Est. & Proj.","2020","2020","1000 No","2365.894","X","Figure from international organizations",""
"OA","Annual population","072","Botswana","512","Total Population - Male","3010","Population - Est. & Proj.","2020","2020","1000 No","1180.817","X","Figure from international organizations",""
"OA","Annual population","072","Botswana","513","Total Population - Female","3010","Population - Est. & Proj.","2020","2020","1000 No","1185.076","X","Figure from international organizations",""
"OA","Annual population","072","Botswana","551","Rural population","3010","Population - Est. & Proj.","2020","2020","1000 No","703.554","X","Figure from international organizations",""
"OA","Annual population","072","Botswana","561","Urban population","3010","Population - Est. & Proj.","2020","2020","1000 No","1712.212","X","Figure from international organizations",""
"OA","Annual population","076","Brazil","511","Total Population - Both sexes","3010","Population - Est. & Proj.","2020","2020","1000 No","208660.842","X","Figure from international organizations",""
"OA","Annual population","076","Brazil","512","Total Population - Male","3010","Population - Est. & Proj.","2020","2020","1000 No","102844.473","X","Figure from international organizations",""
"OA","Annual population","076","Brazil","513","Total Population - Female","3010","Population - Est. & Proj.","2020","2020","1000 No","105816.37","X","Figure from international organizations",""
"OA","Annual population","076","Brazil","551","Rural population","3010","Population - Est. & Proj.","2020","2020","1000 No","27645.976","X","Figure from international organizations",""
"OA","Annual population","076","Brazil","561","Urban population","3010","Population - Est. & Proj.","2020","2020","1000 No","186217.07","X","Figure from international organizations",""
"OA","Annual population","092","British Virgin Islands","511","Total Population - Both sexes","3010","Population - Est. & Proj.","2020","2020","1000 No","37.135","X","Figure from international organizations",""
"OA","Annual population","092","British Virgin Islands","512","Total Population - Male","3010","Population - Est. & Proj.","2020","2020","1000 No","17.459","X","Figure from international organizations",""
"OA","Annual population","092","British Virgin Islands","513","Total Population - Female","3010","Population - Est. & Proj.","2020","2020","1000 No","19.676","X","Figure from international organizations",""
"OA","Annual population","092","British Virgin Islands","551","Rural population","3010","Population - Est. & Proj.","2020","2020","1000 No","16.802","X","Figure from international organizations",""
"OA","Annual population","092","British Virgin Islands","561","Urban population","3010","Population - Est. & Proj.","2020","2020","1000 No","15.832","X","Figure from international organizations",""
"OA","Annual population","096","Brunei Darussalam","511","Total Population - Both sexes","3010","Population - Est. & Proj.","2020","2020","1000 No","447.404","X","Figure from international organizations",""
"OA","Annual population","096","Brunei Darussalam","512","Total Population - Male","3010","Population - Est. & Proj.","2020","2020","1000 No","238.103","X","Figure from international organizations",""
"OA","Annual population","096","Brunei Darussalam","513","Total Population - Female","3010","Population - Est. & Proj.","2020","2020","1000 No","209.3","X","Figure from international organizations",""
"OA","Annual population","096","Brunei Darussalam","551","Rural population","3010","Population - Est. & Proj.","2020","2020","1000 No","96.681","X","Figure from international organizations",""
"OA","Annual population","096","Brunei Darussalam","561","Urban population","3010","Population - Est. & Proj.","2020","2020","1000 No","347.838","X","Figure from international organizations",""
"OA","Annual population","100","Bulgaria","511","Total Population - Both sexes","3010","Population - Est. & Proj.","2020","2020","1000 No","6933.652","X","Figure from international organizations",""
"OA","Annual population","100","Bulgaria","512","Total Population - Male","3010","Population - Est. & Proj.","2020","2020","1000 No","3359.488","X","Figure from international organizations",""
"OA","Annual population","100","Bulgaria","513","Total Population - Female","3010","Population - Est. & Proj.","2020","2020","1000 No","3574.164","X","Figure from international organizations",""
"OA","Annual population","100","Bulgaria","551","Rural population","3010","Population - Est. & Proj.","2020","2020","1000 No","1687.49","X","Figure from international organizations",""
"OA","Annual population","100","Bulgaria","561","Urban population","3010","Population - Est. & Proj.","2020","2020","1000 No","5253.037","X","Figure from international organizations",""
"OA","Annual population","854","Burkina Faso","511","Total Population - Both sexes","3010","Population - Est. & Proj.","2020","2020","1000 No","21478.69","X","Figure from international organizations",""
"OA","Annual population","854","Burkina Faso","512","Total Population - Male","3010","Population - Est. & Proj.","2020","2020","1000 No","10693.067","X","Figure from international organizations",""
"OA","Annual population","854","Burkina Faso","513","Total Population - Female","3010","Population - Est. & Proj.","2020","2020","1000 No","10785.622","X","Figure from international organizations",""
"OA","Annual population","854","Burkina Faso","551","Rural population","3010","Population - Est. & Proj.","2020","2020","1000 No","14505.434","X","Figure from international organizations",""
"OA","Annual population","854","Burkina Faso","561","Urban population","3010","Population - Est. & Proj.","2020","2020","1000 No","6397.911","X","Figure from international organizations",""
"OA","Annual population","108","Burundi","511","Total Population - Both sexes","3010","Population - Est. & Proj.","2020","2020","1000 No","12617.036","X","Figure from international organizations",""
"OA","Annual population","108","Burundi","512","Total Population - Male","3010","Population - Est. & Proj.","2020","2020","1000 No","6264.949","X","Figure from international organizations",""
"OA","Annual population","108","Burundi","513","Total Population - Female","3010","Population - Est. & Proj.","2020","2020","1000 No","6352.087","X","Figure from international organizations",""
"OA","Annual population","108","Burundi","551","Rural population","3010","Population - Est. & Proj.","2020","2020","1000 No","10302.641","X","Figure from international organizations",""
"OA","Annual population","108","Burundi","561","Urban population","3010","Population - Est. & Proj.","2020","2020","1000 No","1636.586","X","Figure from international organizations",""
"OA","Annual population","132","Cabo Verde","511","Total Population - Both sexes","3010","Population - Est. & Proj.","2020","2020","1000 No","514.679","X","Figure from international organizations",""
"OA","Annual population","132","Cabo Verde","512","Total Population - Male","3010","Population - Est. & Proj.","2020","2020","1000 No","261.788","X","Figure from international organizations",""
"OA","Annual population","132","Cabo Verde","513","Total Population - Female","3010","Population - Est. & Proj.","2020","2020","1000 No","252.892","X","Figure from international organizations",""
"OA","Annual population","132","Cabo Verde","551","Rural population","3010","Population - Est. & Proj.","2020","2020","1000 No","189.2","X","Figure from international organizations",""
"OA","Annual population","132","Cabo Verde","561","Urban population","3010","Population - Est. & Proj.","2020","2020","1000 No","378.148","X","Figure from international organizations",""
"OA","Annual population","116","Cambodia","511","Total Population - Both sexes","3010","Population - Est. & Proj.","2020","2020","1000 No","16725.474","X","Figure from international organizations",""
"OA","Annual population","116","Cambodia","512","Total Population - Male","3010","Population - Est. & Proj.","2020","2020","1000 No","8180.637","X","Figure from international organizations",""
"OA","Annual population","116","Cambodia","513","Total Population - Female","3010","Population - Est. & Proj.","2020","2020","1000 No","8544.836","X","Figure from international organizations",""
"OA","Annual population","116","Cambodia","551","Rural population","3010","Population - Est. & Proj.","2020","2020","1000 No","12665.049","X","Figure from international organizations",""
"OA","Annual population","116","Cambodia","561","Urban population","3010","Population - Est. & Proj.","2020","2020","1000 No","4050.459","X","Figure from international organizations",""
"OA","Annual population","120","Cameroon","511","Total Population - Both sexes","3010","Population - Est. & Proj.","2020","2020","1000 No","26210.558","X","Figure from international organizations",""
"OA","Annual population","120","Cameroon","512","Total Population - Male","3010","Population - Est. & Proj.","2020","2020","1000 No","13064.54","X","Figure from international organizations",""
"OA","Annual population","120","Cameroon","513","Total Population - Female","3010","Population - Est. & Proj.","2020","2020","1000 No","13146.019","X","Figure from international organizations",""
"OA","Annual population","120","Cameroon","551","Rural population","3010","Population - Est. & Proj.","2020","2020","1000 No","11016.661","X","Figure from international organizations",""
"OA","Annual population","120","Cameroon","561","Urban population","3010","Population - Est. & Proj.","2020","2020","1000 No","14941.523","X","Figure from international organizations",""
"OA","Annual population","124","Canada","511","Total Population - Both sexes","3010","Population - Est. & Proj.","2020","2020","1000 No","38171.902","X","Figure from international organizations",""
"OA","Annual population","124","Canada","512","Total Population - Male","3010","Population - Est. & Proj.","2020","2020","1000 No","18964.448","X","Figure from international organizations",""
"OA","Annual population","124","Canada","513","Total Population - Female","3010","Population - Est. & Proj.","2020","2020","1000 No","19207.454","X","Figure from international organizations",""
"OA","Annual population","124","Canada","551","Rural population","3010","Population - Est. & Proj.","2020","2020","1000 No","6933.141","X","Figure from international organizations",""
"OA","Annual population","124","Canada","561","Urban population","3010","Population - Est. & Proj.","2020","2020","1000 No","30670.064","X","Figure from international organizations",""
"OA","Annual population","136","Cayman Islands","511","Total Population - Both sexes","3010","Population - Est. & Proj.","2020","2020","1000 No","68.684","X","Figure from international organizations",""
"OA","Annual population","136","Cayman Islands","512","Total Population - Male","3010","Population - Est. & Proj.","2020","2020","1000 No","34.514","X","Figure from international organizations",""
"OA","Annual population","136","Cayman Islands","513","Total Population - Female","3010","Population - Est. & Proj.","2020","2020","1000 No","34.171","X","Figure from international organizations",""
"OA","Annual population","136","Cayman Islands","551","Rural population","3010","Population - Est. & Proj.","2020","2020","1000 No","0","X","Figure from international organizations",""
"OA","Annual population","136","Cayman Islands","561","Urban population","3010","Population - Est. & Proj.","2020","2020","1000 No","63.89","X","Figure from international organizations",""
"OA","Annual population","140","Central African Republic","511","Total Population - Both sexes","3010","Population - Est. & Proj.","2020","2020","1000 No","5026.628","X","Figure from international organizations",""
"OA","Annual population","140","Central African Republic","512","Total Population - Male","3010","Population - Est. & Proj.","2020","2020","1000 No","2444.831","X","Figure from international organizations",""
"OA","Annual population","140","Central African Republic","513","Total Population - Female","3010","Population - Est. & Proj.","2020","2020","1000 No","2581.798","X","Figure from international organizations",""
"OA","Annual population","140","Central African Republic","551","Rural population","3010","Population - Est. & Proj.","2020","2020","1000 No","2844.355","X","Figure from international organizations",""
"OA","Annual population","140","Central African Republic","561","Urban population","3010","Population - Est. & Proj.","2020","2020","1000 No","2076.534","X","Figure from international organizations",""
"OA","Annual population","148","Chad","511","Total Population - Both sexes","3010","Population - Est. & Proj.","2020","2020","1000 No","17224.679","X","Figure from international organizations",""
"OA","Annual population","148","Chad","512","Total Population - Male","3010","Population - Est. & Proj.","2020","2020","1000 No","8642.229","X","Figure from international organizations",""
"OA","Annual population","148","Chad","513","Total Population - Female","3010","Population - Est. & Proj.","2020","2020","1000 No","8582.45","X","Figure from international organizations",""
"OA","Annual population","148","Chad","551","Rural population","3010","Population - Est. & Proj.","2020","2020","1000 No","12454.833","X","Figure from international organizations",""
"OA","Annual population","148","Chad","561","Urban population","3010","Population - Est. & Proj.","2020","2020","1000 No","3830.26","X","Figure from international organizations",""
"OA","Annual population","830","Channel Islands","551","Rural population","3010","Population - Est. & Proj.","2020","2020","1000 No","115.69","X","Figure from international organizations",""
"OA","Annual population","830","Channel Islands","561","Urban population","3010","Population - Est. & Proj.","2020","2020","1000 No","51.888","X","Figure from international organizations",""
"OA","Annual population","152","Chile","511","Total Population - Both sexes","3010","Population - Est. & Proj.","2020","2020","1000 No","19370.624","X","Figure from international organizations",""
"OA","Annual population","152","Chile","512","Total Population - Male","3010","Population - Est. & Proj.","2020","2020","1000 No","9633.238","X","Figure from international organizations",""
"OA","Annual population","152","Chile","513","Total Population - Female","3010","Population - Est. & Proj.","2020","2020","1000 No","9737.386","X","Figure from international organizations",""
"OA","Annual population","152","Chile","551","Rural population","3010","Population - Est. & Proj.","2020","2020","1000 No","2267.065","X","Figure from international organizations",""
"OA","Annual population","152","Chile","561","Urban population","3010","Population - Est. & Proj.","2020","2020","1000 No","16205.574","X","Figure from international organizations",""
"OA","Annual population","159","China","511","Total Population - Both sexes","3010","Population - Est. & Proj.","2020","2020","1000 No","1457942.854","X","Figure from international organizations",""
"OA","Annual population","159","China","512","Total Population - Male","3010","Population - Est. & Proj.","2020","2020","1000 No","743901.142","X","Figure from international organizations",""
"OA","Annual population","159","China","513","Total Population - Female","3010","Population - Est. & Proj.","2020","2020","1000 No","714041.712","X","Figure from international organizations",""
"OA","Annual population","159","China","551","Rural population","3010","Population - Est. & Proj.","2020","2020","1000 No","554487.938","X","Figure from international organizations",""
"OA","Annual population","159","China","561","Urban population","3010","Population - Est. & Proj.","2020","2020","1000 No","902077.76","X","Figure from international organizations",""
"OA","Annual population","344","China, Hong Kong SAR","511","Total Population - Both sexes","3010","Population - Est. & Proj.","2020","2020","1000 No","7490.235","X","Figure from international organizations",""
"OA","Annual population","344","China, Hong Kong SAR","512","Total Population - Male","3010","Population - Est. & Proj.","2020","2020","1000 No","3382.707","X","Figure from international organizations",""
"OA","Annual population","344","China, Hong Kong SAR","513","Total Population - Female","3010","Population - Est. & Proj.","2020","2020","1000 No","4107.529","X","Figure from international organizations",""
"OA","Annual population","344","China, Hong Kong SAR","551","Rural population","3010","Population - Est. & Proj.","2020","2020","1000 No","0","X","Figure from international organizations",""
"OA","Annual population","344","China, Hong Kong SAR","561","Urban population","3010","Population - Est. & Proj.","2020","2020","1000 No","7547.652","X","Figure from international organizations",""
"OA","Annual population","446","China, Macao SAR","511","Total Population - Both sexes","3010","Population - Est. & Proj.","2020","2020","1000 No","683.067","X","Figure from international organizations",""
"OA","Annual population","446","China, Macao SAR","512","Total Population - Male","3010","Population - Est. & Proj.","2020","2020","1000 No","317.396","X","Figure from international organizations",""
"OA","Annual population","446","China, Macao SAR","513","Total Population - Female","3010","Population - Est. & Proj.","2020","2020","1000 No","365.671","X","Figure from international organizations",""
"OA","Annual population","446","China, Macao SAR","551","Rural population","3010","Population - Est. & Proj.","2020","2020","1000 No","0","X","Figure from international organizations",""
"OA","Annual population","446","China, Macao SAR","561","Urban population","3010","Population - Est. & Proj.","2020","2020","1000 No","651.875","X","Figure from international organizations",""
"OA","Annual population","156","China, mainland","511","Total Population - Both sexes","3010","Population - Est. & Proj.","2020","2020","1000 No","1426106.093","X","Figure from international organizations",""
"OA","Annual population","156","China, mainland","512","Total Population - Male","3010","Population - Est. & Proj.","2020","2020","1000 No","728451.612","X","Figure from international organizations",""
"OA","Annual population","156","China, mainland","513","Total Population - Female","3010","Population - Est. & Proj.","2020","2020","1000 No","697654.481","X","Figure from international organizations",""
"OA","Annual population","156","China, mainland","551","Rural population","3010","Population - Est. & Proj.","2020","2020","1000 No","549472.347","X","Figure from international organizations",""
"OA","Annual population","156","China, mainland","561","Urban population","3010","Population - Est. & Proj.","2020","2020","1000 No","875075.919","X","Figure from international organizations",""
"OA","Annual population","158","China, Taiwan Province of","511","Total Population - Both sexes","3010","Population - Est. & Proj.","2020","2020","1000 No","23663.459","X","Figure from international organizations",""
"OA","Annual population","158","China, Taiwan Province of","512","Total Population - Male","3010","Population - Est. & Proj.","2020","2020","1000 No","11749.427","X","Figure from international organizations",""
"OA","Annual population","158","China, Taiwan Province of","513","Total Population - Female","3010","Population - Est. & Proj.","2020","2020","1000 No","11914.031","X","Figure from international organizations",""
"OA","Annual population","158","China, Taiwan Province of","551","Rural population","3010","Population - Est. & Proj.","2020","2020","1000 No","5015.591","X","Figure from international organizations",""
"OA","Annual population","158","China, Taiwan Province of","561","Urban population","3010","Population - Est. & Proj.","2020","2020","1000 No","18802.314","X","Figure from international organizations",""
"OA","Annual population","170","Colombia","511","Total Population - Both sexes","3010","Population - Est. & Proj.","2020","2020","1000 No","50629.998","X","Figure from international organizations",""
"OA","Annual population","170","Colombia","512","Total Population - Male","3010","Population - Est. & Proj.","2020","2020","1000 No","25013.1","X","Figure from international organizations",""
"OA","Annual population","170","Colombia","513","Total Population - Female","3010","Population - Est. & Proj.","2020","2020","1000 No","25616.897","X","Figure from international organizations",""
"OA","Annual population","170","Colombia","551","Rural population","3010","Population - Est. & Proj.","2020","2020","1000 No","9328.416","X","Figure from international organizations",""
"OA","Annual population","170","Colombia","561","Urban population","3010","Population - Est. & Proj.","2020","2020","1000 No","40891.996","X","Figure from international organizations",""
"OA","Annual population","174","Comoros","511","Total Population - Both sexes","3010","Population - Est. & Proj.","2020","2020","1000 No","802.163","X","Figure from international organizations",""
"OA","Annual population","174","Comoros","512","Total Population - Male","3010","Population - Est. & Proj.","2020","2020","1000 No","403.523","X","Figure from international organizations",""
"OA","Annual population","174","Comoros","513","Total Population - Female","3010","Population - Est. & Proj.","2020","2020","1000 No","398.64","X","Figure from international organizations",""
"OA","Annual population","174","Comoros","551","Rural population","3010","Population - Est. & Proj.","2020","2020","1000 No","614.114","X","Figure from international organizations",""
"OA","Annual population","174","Comoros","561","Urban population","3010","Population - Est. & Proj.","2020","2020","1000 No","255.487","X","Figure from international organizations",""
"OA","Annual population","178","Congo","511","Total Population - Both sexes","3010","Population - Est. & Proj.","2020","2020","1000 No","5752.791","X","Figure from international organizations",""
"OA","Annual population","178","Congo","512","Total Population - Male","3010","Population - Est. & Proj.","2020","2020","1000 No","2876.519","X","Figure from international organizations",""
"OA","Annual population","178","Congo","513","Total Population - Female","3010","Population - Est. & Proj.","2020","2020","1000 No","2876.271","X","Figure from international organizations",""
"OA","Annual population","178","Congo","551","Rural population","3010","Population - Est. & Proj.","2020","2020","1000 No","1829.564","X","Figure from international organizations",""
"OA","Annual population","178","Congo","561","Urban population","3010","Population - Est. & Proj.","2020","2020","1000 No","3857.353","X","Figure from international organizations",""
"OA","Annual population","184","Cook Islands","511","Total Population - Both sexes","3010","Population - Est. & Proj.","2020","2020","1000 No","15.643","X","Figure from international organizations",""
"OA","Annual population","184","Cook Islands","512","Total Population - Male","3010","Population - Est. & Proj.","2020","2020","1000 No","7.705","X","Figure from international organizations",""
"OA","Annual population","184","Cook Islands","513","Total Population - Female","3010","Population - Est. & Proj.","2020","2020","1000 No","7.938","X","Figure from international organizations",""
"OA","Annual population","184","Cook Islands","551","Rural population","3010","Population - Est. & Proj.","2020","2020","1000 No","4.292","X","Figure from international organizations",""
"OA","Annual population","184","Cook Islands","561","Urban population","3010","Population - Est. & Proj.","2020","2020","1000 No","13.223","X","Figure from international organizations",""
"OA","Annual population","188","Costa Rica","511","Total Population - Both sexes","3010","Population - Est. & Proj.","2020","2020","1000 No","5034.32","X","Figure from international organizations",""
"OA","Annual population","188","Costa Rica","512","Total Population - Male","3010","Population - Est. & Proj.","2020","2020","1000 No","2490.812","X","Figure from international organizations",""
"OA","Annual population","188","Costa Rica","513","Total Population - Female","3010","Population - Est. & Proj.","2020","2020","1000 No","2543.508","X","Figure from international organizations",""
"OA","Annual population","188","Costa Rica","551","Rural population","3010","Population - Est. & Proj.","2020","2020","1000 No","969.965","X","Figure from international organizations",""
"OA","Annual population","188","Costa Rica","561","Urban population","3010","Population - Est. & Proj.","2020","2020","1000 No","4074.214","X","Figure from international organizations",""
"OA","Annual population","384","Côte d'Ivoire","511","Total Population - Both sexes","3010","Population - Est. & Proj.","2020","2020","1000 No","28915.449","X","Figure from international organizations",""
"OA","Annual population","384","Côte d'Ivoire","512","Total Population - Male","3010","Population - Est. & Proj.","2020","2020","1000 No","14767.494","X","Figure from international organizations",""
"OA","Annual population","384","Côte d'Ivoire","513","Total Population - Female","3010","Population - Est. & Proj.","2020","2020","1000 No","14147.956","X","Figure from international organizations",""
"OA","Annual population","384","Côte d'Ivoire","551","Rural population","3010","Population - Est. & Proj.","2020","2020","1000 No","12639.438","X","Figure from international organizations",""
"OA","Annual population","384","Côte d'Ivoire","561","Urban population","3010","Population - Est. & Proj.","2020","2020","1000 No","13532.312","X","Figure from international organizations",""
"OA","Annual population","191","Croatia","511","Total Population - Both sexes","3010","Population - Est. & Proj.","2020","2020","1000 No","3953.958","X","Figure from international organizations",""
"OA","Annual population","191","Croatia","512","Total Population - Male","3010","Population - Est. & Proj.","2020","2020","1000 No","1904.87","X","Figure from international organizations",""
"OA","Annual population","191","Croatia","513","Total Population - Female","3010","Population - Est. & Proj.","2020","2020","1000 No","2049.088","X","Figure from international organizations",""
"OA","Annual population","191","Croatia","551","Rural population","3010","Population - Est. & Proj.","2020","2020","1000 No","1747.114","X","Figure from international organizations",""
"OA","Annual population","191","Croatia","561","Urban population","3010","Population - Est. & Proj.","2020","2020","1000 No","2368.833","X","Figure from international organizations",""
"OA","Annual population","192","Cuba","511","Total Population - Both sexes","3010","Population - Est. & Proj.","2020","2020","1000 No","11176.354","X","Figure from international organizations",""
"OA","Annual population","192","Cuba","512","Total Population - Male","3010","Population - Est. & Proj.","2020","2020","1000 No","5530.297","X","Figure from international organizations",""
"OA","Annual population","192","Cuba","513","Total Population - Female","3010","Population - Est. & Proj.","2020","2020","1000 No","5646.056","X","Figure from international organizations",""
"OA","Annual population","192","Cuba","551","Rural population","3010","Population - Est. & Proj.","2020","2020","1000 No","2621.644","X","Figure from international organizations",""
"OA","Annual population","192","Cuba","561","Urban population","3010","Population - Est. & Proj.","2020","2020","1000 No","8873.848","X","Figure from international organizations",""
"OA","Annual population","531","Curaçao","511","Total Population - Both sexes","3010","Population - Est. & Proj.","2020","2020","1000 No","185.018","X","Figure from international organizations",""
"OA","Annual population","531","Curaçao","512","Total Population - Male","3010","Population - Est. & Proj.","2020","2020","1000 No","87.928","X","Figure from international organizations",""
"OA","Annual population","531","Curaçao","513","Total Population - Female","3010","Population - Est. & Proj.","2020","2020","1000 No","97.09","X","Figure from international organizations",""
"OA","Annual population","531","Curaçao","551","Rural population","3010","Population - Est. & Proj.","2020","2020","1000 No","17.883","X","Figure from international organizations",""
"OA","Annual population","531","Curaçao","561","Urban population","3010","Population - Est. & Proj.","2020","2020","1000 No","145.612","X","Figure from international organizations",""
"OA","Annual population","196","Cyprus","511","Total Population - Both sexes","3010","Population - Est. & Proj.","2020","2020","1000 No","1302.247","X","Figure from international organizations",""
"OA","Annual population","196","Cyprus","512","Total Population - Male","3010","Population - Est. & Proj.","2020","2020","1000 No","656.653","X","Figure from international organizations",""
"OA","Annual population","196","Cyprus","513","Total Population - Female","3010","Population - Est. & Proj.","2020","2020","1000 No","645.595","X","Figure from international organizations",""
"OA","Annual population","196","Cyprus","551","Rural population","3010","Population - Est. & Proj.","2020","2020","1000 No","400.589","X","Figure from international organizations",""
"OA","Annual population","196","Cyprus","561","Urban population","3010","Population - Est. & Proj.","2020","2020","1000 No","806.754","X","Figure from international organizations",""
"OA","Annual population","203","Czechia","511","Total Population - Both sexes","3010","Population - Est. & Proj.","2020","2020","1000 No","10550.129","X","Figure from international organizations",""
"OA","Annual population","203","Czechia","512","Total Population - Male","3010","Population - Est. & Proj.","2020","2020","1000 No","5200.635","X","Figure from international organizations",""
"OA","Annual population","203","Czechia","513","Total Population - Female","3010","Population - Est. & Proj.","2020","2020","1000 No","5349.494","X","Figure from international organizations",""
"OA","Annual population","203","Czechia","551","Rural population","3010","Population - Est. & Proj.","2020","2020","1000 No","2758.156","X","Figure from international organizations",""
"OA","Annual population","203","Czechia","561","Urban population","3010","Population - Est. & Proj.","2020","2020","1000 No","7875.268","X","Figure from international organizations",""
"OA","Annual population","408","Democratic People's Republic of Korea","511","Total Population - Both sexes","3010","Population - Est. & Proj.","2020","2020","1000 No","26136.312","X","Figure from international organizations",""
"OA","Annual population","408","Democratic People's Republic of Korea","512","Total Population - Male","3010","Population - Est. & Proj.","2020","2020","1000 No","12885.558","X","Figure from international organizations",""
"OA","Annual population","408","Democratic People's Republic of Korea","513","Total Population - Female","3010","Population - Est. & Proj.","2020","2020","1000 No","13250.754","X","Figure from international organizations",""
"OA","Annual population","408","Democratic People's Republic of Korea","551","Rural population","3010","Population - Est. & Proj.","2020","2020","1000 No","9720.959","X","Figure from international organizations",""
"OA","Annual population","408","Democratic People's Republic of Korea","561","Urban population","3010","Population - Est. & Proj.","2020","2020","1000 No","16119.904","X","Figure from international organizations",""
"OA","Annual population","180","Democratic Republic of the Congo","511","Total Population - Both sexes","3010","Population - Est. & Proj.","2020","2020","1000 No","95989.998","X","Figure from international organizations",""
"OA","Annual population","180","Democratic Republic of the Congo","512","Total Population - Male","3010","Population - Est. & Proj.","2020","2020","1000 No","47616.599","X","Figure from international organizations",""
"OA","Annual population","180","Democratic Republic of the Congo","513","Total Population - Female","3010","Population - Est. & Proj.","2020","2020","1000 No","48373.399","X","Figure from international organizations",""
"OA","Annual population","180","Democratic Republic of the Congo","551","Rural population","3010","Population - Est. & Proj.","2020","2020","1000 No","48656.754","X","Figure from international organizations",""
"OA","Annual population","180","Democratic Republic of the Congo","561","Urban population","3010","Population - Est. & Proj.","2020","2020","1000 No","40848.447","X","Figure from international organizations",""
"OA","Annual population","208","Denmark","511","Total Population - Both sexes","3010","Population - Est. & Proj.","2020","2020","1000 No","5831.53","X","Figure from international organizations",""
"OA","Annual population","208","Denmark","512","Total Population - Male","3010","Population - Est. & Proj.","2020","2020","1000 No","2900.837","X","Figure from international organizations",""
"OA","Annual population","208","Denmark","513","Total Population - Female","3010","Population - Est. & Proj.","2020","2020","1000 No","2930.693","X","Figure from international organizations",""
"OA","Annual population","208","Denmark","551","Rural population","3010","Population - Est. & Proj.","2020","2020","1000 No","688.897","X","Figure from international organizations",""
"OA","Annual population","208","Denmark","561","Urban population","3010","Population - Est. & Proj.","2020","2020","1000 No","5107.903","X","Figure from international organizations",""
"OA","Annual population","262","Djibouti","511","Total Population - Both sexes","3010","Population - Est. & Proj.","2020","2020","1000 No","1105.188","X","Figure from international organizations",""
"OA","Annual population","262","Djibouti","512","Total Population - Male","3010","Population - Est. & Proj.","2020","2020","1000 No","548.317","X","Figure from international organizations",""
"OA","Annual population","262","Djibouti","513","Total Population - Female","3010","Population - Est. & Proj.","2020","2020","1000 No","556.871","X","Figure from international organizations",""
"OA","Annual population","262","Djibouti","551","Rural population","3010","Population - Est. & Proj.","2020","2020","1000 No","219.361","X","Figure from international organizations",""
"OA","Annual population","262","Djibouti","561","Urban population","3010","Population - Est. & Proj.","2020","2020","1000 No","780.538","X","Figure from international organizations",""
"OA","Annual population","212","Dominica","511","Total Population - Both sexes","3010","Population - Est. & Proj.","2020","2020","1000 No","67.573","X","Figure from international organizations",""
"OA","Annual population","212","Dominica","512","Total Population - Male","3010","Population - Est. & Proj.","2020","2020","1000 No","33.9","X","Figure from international organizations",""
"OA","Annual population","212","Dominica","513","Total Population - Female","3010","Population - Est. & Proj.","2020","2020","1000 No","33.673","X","Figure from international organizations",""
"OA","Annual population","212","Dominica","551","Rural population","3010","Population - Est. & Proj.","2020","2020","1000 No","21.697","X","Figure from international organizations",""
"OA","Annual population","212","Dominica","561","Urban population","3010","Population - Est. & Proj.","2020","2020","1000 No","53.355","X","Figure from international organizations",""
"OA","Annual population","214","Dominican Republic","511","Total Population - Both sexes","3010","Population - Est. & Proj.","2020","2020","1000 No","11008.3","X","Figure from international organizations",""
"OA","Annual population","214","Dominican Republic","512","Total Population - Male","3010","Population - Est. & Proj.","2020","2020","1000 No","5480.943","X","Figure from international organizations",""
"OA","Annual population","214","Dominican Republic","513","Total Population - Female","3010","Population - Est. & Proj.","2020","2020","1000 No","5527.357","X","Figure from international organizations",""
"OA","Annual population","214","Dominican Republic","551","Rural population","3010","Population - Est. & Proj.","2020","2020","1000 No","1939.482","X","Figure from international organizations",""
"OA","Annual population","214","Dominican Republic","561","Urban population","3010","Population - Est. & Proj.","2020","2020","1000 No","9168.876","X","Figure from international organizations",""
"OA","Annual population","218","Ecuador","511","Total Population - Both sexes","3010","Population - Est. & Proj.","2020","2020","1000 No","17546.065","X","Figure from international organizations",""
"OA","Annual population","218","Ecuador","512","Total Population - Male","3010","Population - Est. & Proj.","2020","2020","1000 No","8760.001","X","Figure from international organizations",""
"OA","Annual population","218","Ecuador","513","Total Population - Female","3010","Population - Est. & Proj.","2020","2020","1000 No","8786.064","X","Figure from international organizations",""
"OA","Annual population","218","Ecuador","551","Rural population","3010","Population - Est. & Proj.","2020","2020","1000 No","6212.001","X","Figure from international organizations",""
"OA","Annual population","218","Ecuador","561","Urban population","3010","Population - Est. & Proj.","2020","2020","1000 No","11123.641","X","Figure from international organizations",""
"OA","Annual population","818","Egypt","511","Total Population - Both sexes","3010","Population - Est. & Proj.","2020","2020","1000 No","109315.124","X","Figure from international organizations",""
"OA","Annual population","818","Egypt","512","Total Population - Male","3010","Population - Est. & Proj.","2020","2020","1000 No","55193.553","X","Figure from international organizations",""
"OA","Annual population","818","Egypt","513","Total Population - Female","3010","Population - Est. & Proj.","2020","2020","1000 No","54121.57","X","Figure from international organizations",""
"OA","Annual population","818","Egypt","551","Rural population","3010","Population - Est. & Proj.","2020","2020","1000 No","58900.432","X","Figure from international organizations",""
"OA","Annual population","818","Egypt","561","Urban population","3010","Population - Est. & Proj.","2020","2020","1000 No","44041.052","X","Figure from international organizations",""
"OA","Annual population","222","El Salvador","511","Total Population - Both sexes","3010","Population - Est. & Proj.","2020","2020","1000 No","6234.673","X","Figure from international organizations",""
"OA","Annual population","222","El Salvador","512","Total Population - Male","3010","Population - Est. & Proj.","2020","2020","1000 No","2962.869","X","Figure from international organizations",""
"OA","Annual population","222","El Salvador","513","Total Population - Female","3010","Population - Est. & Proj.","2020","2020","1000 No","3271.804","X","Figure from international organizations",""
"OA","Annual population","222","El Salvador","551","Rural population","3010","Population - Est. & Proj.","2020","2020","1000 No","1720.558","X","Figure from international organizations",""
"OA","Annual population","222","El Salvador","561","Urban population","3010","Population - Est. & Proj.","2020","2020","1000 No","4758.508","X","Figure from international organizations",""
"OA","Annual population","226","Equatorial Guinea","511","Total Population - Both sexes","3010","Population - Est. & Proj.","2020","2020","1000 No","1716.468","X","Figure from international organizations",""
"OA","Annual population","226","Equatorial Guinea","512","Total Population - Male","3010","Population - Est. & Proj.","2020","2020","1000 No","908.72","X","Figure from international organizations",""
"OA","Annual population","226","Equatorial Guinea","513","Total Population - Female","3010","Population - Est. & Proj.","2020","2020","1000 No","807.749","X","Figure from international organizations",""
"OA","Annual population","226","Equatorial Guinea","551","Rural population","3010","Population - Est. & Proj.","2020","2020","1000 No","378.29","X","Figure from international organizations",""
"OA","Annual population","226","Equatorial Guinea","561","Urban population","3010","Population - Est. & Proj.","2020","2020","1000 No","1027.99","X","Figure from international organizations",""
"OA","Annual population","232","Eritrea","511","Total Population - Both sexes","3010","Population - Est. & Proj.","2020","2020","1000 No","3291.271","X","Figure from international organizations",""
"OA","Annual population","232","Eritrea","512","Total Population - Male","3010","Population - Est. & Proj.","2020","2020","1000 No","1622.323","X","Figure from international organizations",""
"OA","Annual population","232","Eritrea","513","Total Population - Female","3010","Population - Est. & Proj.","2020","2020","1000 No","1668.947","X","Figure from international organizations",""
"OA","Annual population","232","Eritrea","551","Rural population","3010","Population - Est. & Proj.","2020","2020","1000 No","3186.178","X","Figure from international organizations",""
"OA","Annual population","232","Eritrea","561","Urban population","3010","Population - Est. & Proj.","2020","2020","1000 No","2246.038","X","Figure from international organizations",""
"OA","Annual population","233","Estonia","511","Total Population - Both sexes","3010","Population - Est. & Proj.","2020","2020","1000 No","1329.669","X","Figure from international organizations",""
"OA","Annual population","233","Estonia","512","Total Population - Male","3010","Population - Est. & Proj.","2020","2020","1000 No","630.001","X","Figure from international organizations",""
"OA","Annual population","233","Estonia","513","Total Population - Female","3010","Population - Est. & Proj.","2020","2020","1000 No","699.668","X","Figure from international organizations",""
"OA","Annual population","233","Estonia","551","Rural population","3010","Population - Est. & Proj.","2020","2020","1000 No","400.194","X","Figure from international organizations",""
"OA","Annual population","233","Estonia","561","Urban population","3010","Population - Est. & Proj.","2020","2020","1000 No","900.365","X","Figure from international organizations",""
"OA","Annual population","748","Eswatini","511","Total Population - Both sexes","3010","Population - Est. & Proj.","2020","2020","1000 No","1192.729","X","Figure from international organizations",""
"OA","Annual population","748","Eswatini","512","Total Population - Male","3010","Population - Est. & Proj.","2020","2020","1000 No","585.072","X","Figure from international organizations",""
"OA","Annual population","748","Eswatini","513","Total Population - Female","3010","Population - Est. & Proj.","2020","2020","1000 No","607.658","X","Figure from international organizations",""
"OA","Annual population","748","Eswatini","551","Rural population","3010","Population - Est. & Proj.","2020","2020","1000 No","1091.4","X","Figure from international organizations",""
"OA","Annual population","748","Eswatini","561","Urban population","3010","Population - Est. & Proj.","2020","2020","1000 No","347.895","X","Figure from international organizations",""
"OA","Annual population","231","Ethiopia","511","Total Population - Both sexes","3010","Population - Est. & Proj.","2020","2020","1000 No","118917.671","X","Figure from international organizations",""
"OA","Annual population","231","Ethiopia","512","Total Population - Male","3010","Population - Est. & Proj.","2020","2020","1000 No","59626.569","X","Figure from international organizations",""
"OA","Annual population","231","Ethiopia","513","Total Population - Female","3010","Population - Est. & Proj.","2020","2020","1000 No","59291.103","X","Figure from international organizations",""
"OA","Annual population","231","Ethiopia","551","Rural population","3010","Population - Est. & Proj.","2020","2020","1000 No","88295.647","X","Figure from international organizations",""
"OA","Annual population","231","Ethiopia","561","Urban population","3010","Population - Est. & Proj.","2020","2020","1000 No","24463.423","X","Figure from international organizations",""
"OA","Annual population","238","Falkland Islands (Malvinas)","511","Total Population - Both sexes","3010","Population - Est. & Proj.","2020","2020","1000 No","3.506","X","Figure from international organizations",""
"OA","Annual population","238","Falkland Islands (Malvinas)","512","Total Population - Male","3010","Population - Est. & Proj.","2020","2020","1000 No","1.732","X","Figure from international organizations",""
"OA","Annual population","238","Falkland Islands (Malvinas)","513","Total Population - Female","3010","Population - Est. & Proj.","2020","2020","1000 No","1.774","X","Figure from international organizations",""
"OA","Annual population","238","Falkland Islands (Malvinas)","551","Rural population","3010","Population - Est. & Proj.","2020","2020","1000 No","0.629","X","Figure from international organizations",""
"OA","Annual population","238","Falkland Islands (Malvinas)","561","Urban population","3010","Population - Est. & Proj.","2020","2020","1000 No","2.296","X","Figure from international organizations",""
"OA","Annual population","234","Faroe Islands","511","Total Population - Both sexes","3010","Population - Est. & Proj.","2020","2020","1000 No","52.587","X","Figure from international organizations",""
"OA","Annual population","234","Faroe Islands","512","Total Population - Male","3010","Population - Est. & Proj.","2020","2020","1000 No","27.2","X","Figure from international organizations",""
"OA","Annual population","234","Faroe Islands","513","Total Population - Female","3010","Population - Est. & Proj.","2020","2020","1000 No","25.387","X","Figure from international organizations",""
"OA","Annual population","234","Faroe Islands","551","Rural population","3010","Population - Est. & Proj.","2020","2020","1000 No","28.741","X","Figure from international organizations",""
"OA","Annual population","234","Faroe Islands","561","Urban population","3010","Population - Est. & Proj.","2020","2020","1000 No","21.155","X","Figure from international organizations",""
"OA","Annual population","242","Fiji","511","Total Population - Both sexes","3010","Population - Est. & Proj.","2020","2020","1000 No","914.963","X","Figure from international organizations",""
"OA","Annual population","242","Fiji","512","Total Population - Male","3010","Population - Est. & Proj.","2020","2020","1000 No","454.673","X","Figure from international organizations",""
"OA","Annual population","242","Fiji","513","Total Population - Female","3010","Population - Est. & Proj.","2020","2020","1000 No","460.289","X","Figure from international organizations",""
"OA","Annual population","242","Fiji","551","Rural population","3010","Population - Est. & Proj.","2020","2020","1000 No","395.426","X","Figure from international organizations",""
"OA","Annual population","242","Fiji","561","Urban population","3010","Population - Est. & Proj.","2020","2020","1000 No","529.489","X","Figure from international organizations",""
"OA","Annual population","246","Finland","511","Total Population - Both sexes","3010","Population - Est. & Proj.","2020","2020","1000 No","5529.612","X","Figure from international organizations",""
"OA","Annual population","246","Finland","512","Total Population - Male","3010","Population - Est. & Proj.","2020","2020","1000 No","2731.082","X","Figure from international organizations",""
"OA","Annual population","246","Finland","513","Total Population - Female","3010","Population - Est. & Proj.","2020","2020","1000 No","2798.53","X","Figure from international organizations",""
"OA","Annual population","246","Finland","551","Rural population","3010","Population - Est. & Proj.","2020","2020","1000 No","808.148","X","Figure from international organizations",""
"OA","Annual population","246","Finland","561","Urban population","3010","Population - Est. & Proj.","2020","2020","1000 No","4771.979","X","Figure from international organizations",""
"OA","Annual population","250","France","511","Total Population - Both sexes","3010","Population - Est. & Proj.","2020","2020","1000 No","65905.277","X","Figure from international organizations",""
"OA","Annual population","250","France","512","Total Population - Male","3010","Population - Est. & Proj.","2020","2020","1000 No","31923.744","X","Figure from international organizations",""
"OA","Annual population","250","France","513","Total Population - Female","3010","Population - Est. & Proj.","2020","2020","1000 No","33981.533","X","Figure from international organizations",""
"OA","Annual population","250","France","551","Rural population","3010","Population - Est. & Proj.","2020","2020","1000 No","12503.199","X","Figure from international organizations",""
"OA","Annual population","250","France","561","Urban population","3010","Population - Est. & Proj.","2020","2020","1000 No","53217.966","X","Figure from international organizations",""
"OA","Annual population","254","French Guiana","511","Total Population - Both sexes","3010","Population - Est. & Proj.","2020","2020","1000 No","289.055","X","Figure from international organizations",""
"OA","Annual population","254","French Guiana","512","Total Population - Male","3010","Population - Est. & Proj.","2020","2020","1000 No","139.68","X","Figure from international organizations",""
"OA","Annual population","254","French Guiana","513","Total Population - Female","3010","Population - Est. & Proj.","2020","2020","1000 No","149.375","X","Figure from international organizations",""
"OA","Annual population","254","French Guiana","551","Rural population","3010","Population - Est. & Proj.","2020","2020","1000 No","43.105","X","Figure from international organizations",""
"OA","Annual population","254","French Guiana","561","Urban population","3010","Population - Est. & Proj.","2020","2020","1000 No","260.877","X","Figure from international organizations",""
"OA","Annual population","258","French Polynesia","511","Total Population - Both sexes","3010","Population - Est. & Proj.","2020","2020","1000 No","279.209","X","Figure from international organizations",""
"OA","Annual population","258","French Polynesia","512","Total Population - Male","3010","Population - Est. & Proj.","2020","2020","1000 No","141.529","X","Figure from international organizations",""
"OA","Annual population","258","French Polynesia","513","Total Population - Female","3010","Population - Est. & Proj.","2020","2020","1000 No","137.68","X","Figure from international organizations",""
"OA","Annual population","258","French Polynesia","551","Rural population","3010","Population - Est. & Proj.","2020","2020","1000 No","110.556","X","Figure from international organizations",""
"OA","Annual population","258","French Polynesia","561","Urban population","3010","Population - Est. & Proj.","2020","2020","1000 No","180.188","X","Figure from international organizations",""
"OA","Annual population","266","Gabon","511","Total Population - Both sexes","3010","Population - Est. & Proj.","2020","2020","1000 No","2322.539","X","Figure from international organizations",""
"OA","Annual population","266","Gabon","512","Total Population - Male","3010","Population - Est. & Proj.","2020","2020","1000 No","1182.718","X","Figure from international organizations",""
"OA","Annual population","266","Gabon","513","Total Population - Female","3010","Population - Est. & Proj.","2020","2020","1000 No","1139.821","X","Figure from international organizations",""
"OA","Annual population","266","Gabon","551","Rural population","3010","Population - Est. & Proj.","2020","2020","1000 No","213.15","X","Figure from international organizations",""
"OA","Annual population","266","Gabon","561","Urban population","3010","Population - Est. & Proj.","2020","2020","1000 No","1938.139","X","Figure from international organizations",""
"OA","Annual population","270","Gambia","511","Total Population - Both sexes","3010","Population - Est. & Proj.","2020","2020","1000 No","2515.733","X","Figure from international organizations",""
"OA","Annual population","270","Gambia","512","Total Population - Male","3010","Population - Est. & Proj.","2020","2020","1000 No","1251.981","X","Figure from international organizations",""
"OA","Annual population","270","Gambia","513","Total Population - Female","3010","Population - Est. & Proj.","2020","2020","1000 No","1263.753","X","Figure from international organizations",""
"OA","Annual population","270","Gambia","551","Rural population","3010","Population - Est. & Proj.","2020","2020","1000 No","858.185","X","Figure from international organizations",""
"OA","Annual population","270","Gambia","561","Urban population","3010","Population - Est. & Proj.","2020","2020","1000 No","1435.308","X","Figure from international organizations",""
"OA","Annual population","268","Georgia","511","Total Population - Both sexes","3010","Population - Est. & Proj.","2020","2020","1000 No","3795.678","X","Figure from international organizations",""
"OA","Annual population","268","Georgia","512","Total Population - Male","3010","Population - Est. & Proj.","2020","2020","1000 No","1767.457","X","Figure from international organizations",""
"OA","Annual population","268","Georgia","513","Total Population - Female","3010","Population - Est. & Proj.","2020","2020","1000 No","2028.222","X","Figure from international organizations",""
"OA","Annual population","268","Georgia","551","Rural population","3010","Population - Est. & Proj.","2020","2020","1000 No","1580.751","X","Figure from international organizations",""
"OA","Annual population","268","Georgia","561","Urban population","3010","Population - Est. & Proj.","2020","2020","1000 No","2317.778","X","Figure from international organizations",""
"OA","Annual population","276","Germany","511","Total Population - Both sexes","3010","Population - Est. & Proj.","2020","2020","1000 No","83628.708","X","Figure from international organizations",""
"OA","Annual population","276","Germany","512","Total Population - Male","3010","Population - Est. & Proj.","2020","2020","1000 No","41291.235","X","Figure from international organizations",""
"OA","Annual population","276","Germany","513","Total Population - Female","3010","Population - Est. & Proj.","2020","2020","1000 No","42337.474","X","Figure from international organizations",""
"OA","Annual population","276","Germany","551","Rural population","3010","Population - Est. & Proj.","2020","2020","1000 No","18610.145","X","Figure from international organizations",""
"OA","Annual population","276","Germany","561","Urban population","3010","Population - Est. & Proj.","2020","2020","1000 No","63930.305","X","Figure from international organizations",""
"OA","Annual population","288","Ghana","511","Total Population - Both sexes","3010","Population - Est. & Proj.","2020","2020","1000 No","31887.809","X","Figure from international organizations",""
"OA","Annual population","288","Ghana","512","Total Population - Male","3010","Population - Est. & Proj.","2020","2020","1000 No","15934.246","X","Figure from international organizations",""
"OA","Annual population","288","Ghana","513","Total Population - Female","3010","Population - Est. & Proj.","2020","2020","1000 No","15953.564","X","Figure from international organizations",""
"OA","Annual population","288","Ghana","551","Rural population","3010","Population - Est. & Proj.","2020","2020","1000 No","13108.188","X","Figure from international organizations",""
"OA","Annual population","288","Ghana","561","Urban population","3010","Population - Est. & Proj.","2020","2020","1000 No","17625.567","X","Figure from international organizations",""
"OA","Annual population","292","Gibraltar","511","Total Population - Both sexes","3010","Population - Est. & Proj.","2020","2020","1000 No","36.173","X","Figure from international organizations",""
"OA","Annual population","292","Gibraltar","512","Total Population - Male","3010","Population - Est. & Proj.","2020","2020","1000 No","18.015","X","Figure from international organizations",""
"OA","Annual population","292","Gibraltar","513","Total Population - Female","3010","Population - Est. & Proj.","2020","2020","1000 No","18.158","X","Figure from international organizations",""
"OA","Annual population","292","Gibraltar","551","Rural population","3010","Population - Est. & Proj.","2020","2020","1000 No","0","X","Figure from international organizations",""
"OA","Annual population","292","Gibraltar","561","Urban population","3010","Population - Est. & Proj.","2020","2020","1000 No","35","X","Figure from international organizations",""
"OA","Annual population","300","Greece","511","Total Population - Both sexes","3010","Population - Est. & Proj.","2020","2020","1000 No","10699.369","X","Figure from international organizations",""
"OA","Annual population","300","Greece","512","Total Population - Male","3010","Population - Est. & Proj.","2020","2020","1000 No","5185.175","X","Figure from international organizations",""
"OA","Annual population","300","Greece","513","Total Population - Female","3010","Population - Est. & Proj.","2020","2020","1000 No","5514.194","X","Figure from international organizations",""
"OA","Annual population","300","Greece","551","Rural population","3010","Population - Est. & Proj.","2020","2020","1000 No","2252.163","X","Figure from international organizations",""
"OA","Annual population","300","Greece","561","Urban population","3010","Population - Est. & Proj.","2020","2020","1000 No","8850.409","X","Figure from international organizations",""
"OA","Annual population","304","Greenland","511","Total Population - Both sexes","3010","Population - Est. & Proj.","2020","2020","1000 No","56.08","X","Figure from international organizations",""
"OA","Annual population","304","Greenland","512","Total Population - Male","3010","Population - Est. & Proj.","2020","2020","1000 No","29.584","X","Figure from international organizations",""
"OA","Annual population","304","Greenland","513","Total Population - Female","3010","Population - Est. & Proj.","2020","2020","1000 No","26.495","X","Figure from international organizations",""
"OA","Annual population","304","Greenland","551","Rural population","3010","Population - Est. & Proj.","2020","2020","1000 No","7.22","X","Figure from international organizations",""
"OA","Annual population","304","Greenland","561","Urban population","3010","Population - Est. & Proj.","2020","2020","1000 No","49.552","X","Figure from international organizations",""
"OA","Annual population","308","Grenada","511","Total Population - Both sexes","3010","Population - Est. & Proj.","2020","2020","1000 No","116.341","X","Figure from international organizations",""
"OA","Annual population","308","Grenada","512","Total Population - Male","3010","Population - Est. & Proj.","2020","2020","1000 No","58.55","X","Figure from international organizations",""
"OA","Annual population","308","Grenada","513","Total Population - Female","3010","Population - Est. & Proj.","2020","2020","1000 No","57.791","X","Figure from international organizations",""
"OA","Annual population","308","Grenada","551","Rural population","3010","Population - Est. & Proj.","2020","2020","1000 No","69.37","X","Figure from international organizations",""
"OA","Annual population","308","Grenada","561","Urban population","3010","Population - Est. & Proj.","2020","2020","1000 No","39.938","X","Figure from international organizations",""
"OA","Annual population","312","Guadeloupe","511","Total Population - Both sexes","3010","Population - Est. & Proj.","2020","2020","1000 No","407.394","X","Figure from international organizations",""
"OA","Annual population","312","Guadeloupe","512","Total Population - Male","3010","Population - Est. & Proj.","2020","2020","1000 No","185.794","X","Figure from international organizations",""
"OA","Annual population","312","Guadeloupe","513","Total Population - Female","3010","Population - Est. & Proj.","2020","2020","1000 No","221.6","X","Figure from international organizations",""
"OA","Annual population","312","Guadeloupe","551","Rural population","3010","Population - Est. & Proj.","2020","2020","1000 No","6.733","X","Figure from international organizations",""
"OA","Annual population","312","Guadeloupe","561","Urban population","3010","Population - Est. & Proj.","2020","2020","1000 No","441.694","X","Figure from international organizations",""
"OA","Annual population","316","Guam","511","Total Population - Both sexes","3010","Population - Est. & Proj.","2020","2020","1000 No","162.158","X","Figure from international organizations",""
"OA","Annual population","316","Guam","512","Total Population - Male","3010","Population - Est. & Proj.","2020","2020","1000 No","82.45","X","Figure from international organizations",""
"OA","Annual population","316","Guam","513","Total Population - Female","3010","Population - Est. & Proj.","2020","2020","1000 No","79.708","X","Figure from international organizations",""
"OA","Annual population","316","Guam","551","Rural population","3010","Population - Est. & Proj.","2020","2020","1000 No","8.542","X","Figure from international organizations",""
"OA","Annual population","316","Guam","561","Urban population","3010","Population - Est. & Proj.","2020","2020","1000 No","160.185","X","Figure from international organizations",""
"OA","Annual population","320","Guatemala","511","Total Population - Both sexes","3010","Population - Est. & Proj.","2020","2020","1000 No","17357.325","X","Figure from international organizations",""
"OA","Annual population","320","Guatemala","512","Total Population - Male","3010","Population - Est. & Proj.","2020","2020","1000 No","8613.994","X","Figure from international organizations",""
"OA","Annual population","320","Guatemala","513","Total Population - Female","3010","Population - Est. & Proj.","2020","2020","1000 No","8743.332","X","Figure from international organizations",""
"OA","Annual population","320","Guatemala","551","Rural population","3010","Population - Est. & Proj.","2020","2020","1000 No","8626.519","X","Figure from international organizations",""
"OA","Annual population","320","Guatemala","561","Urban population","3010","Population - Est. & Proj.","2020","2020","1000 No","9284.293","X","Figure from international organizations",""
"OA","Annual population","324","Guinea","511","Total Population - Both sexes","3010","Population - Est. & Proj.","2020","2020","1000 No","13371.183","X","Figure from international organizations",""
"OA","Annual population","324","Guinea","512","Total Population - Male","3010","Population - Est. & Proj.","2020","2020","1000 No","6592.746","X","Figure from international organizations",""
"OA","Annual population","324","Guinea","513","Total Population - Female","3010","Population - Est. & Proj.","2020","2020","1000 No","6778.437","X","Figure from international organizations",""
"OA","Annual population","324","Guinea","551","Rural population","3010","Population - Est. & Proj.","2020","2020","1000 No","8680.17","X","Figure from international organizations",""
"OA","Annual population","324","Guinea","561","Urban population","3010","Population - Est. & Proj.","2020","2020","1000 No","5070.656","X","Figure from international organizations",""
"OA","Annual population","624","Guinea-Bissau","511","Total Population - Both sexes","3010","Population - Est. & Proj.","2020","2020","1000 No","2013.255","X","Figure from international organizations",""
"OA","Annual population","624","Guinea-Bissau","512","Total Population - Male","3010","Population - Est. & Proj.","2020","2020","1000 No","993.13","X","Figure from international organizations",""
"OA","Annual population","624","Guinea-Bissau","513","Total Population - Female","3010","Population - Est. & Proj.","2020","2020","1000 No","1020.125","X","Figure from international organizations",""
"OA","Annual population","624","Guinea-Bissau","551","Rural population","3010","Population - Est. & Proj.","2020","2020","1000 No","1116.462","X","Figure from international organizations",""
"OA","Annual population","624","Guinea-Bissau","561","Urban population","3010","Population - Est. & Proj.","2020","2020","1000 No","884.232","X","Figure from international organizations",""
"OA","Annual population","328","Guyana","511","Total Population - Both sexes","3010","Population - Est. & Proj.","2020","2020","1000 No","807.481","X","Figure from international organizations",""
"OA","Annual population","328","Guyana","512","Total Population - Male","3010","Population - Est. & Proj.","2020","2020","1000 No","394.212","X","Figure from international organizations",""
"OA","Annual population","328","Guyana","513","Total Population - Female","3010","Population - Est. & Proj.","2020","2020","1000 No","413.269","X","Figure from international organizations",""
"OA","Annual population","328","Guyana","551","Rural population","3010","Population - Est. & Proj.","2020","2020","1000 No","578.961","X","Figure from international organizations",""
"OA","Annual population","328","Guyana","561","Urban population","3010","Population - Est. & Proj.","2020","2020","1000 No","211.821","X","Figure from international organizations",""
"OA","Annual population","332","Haiti","511","Total Population - Both sexes","3010","Population - Est. & Proj.","2020","2020","1000 No","11243.848","X","Figure from international organizations",""
"OA","Annual population","332","Haiti","512","Total Population - Male","3010","Population - Est. & Proj.","2020","2020","1000 No","5575.373","X","Figure from international organizations",""
"OA","Annual population","332","Haiti","513","Total Population - Female","3010","Population - Est. & Proj.","2020","2020","1000 No","5668.475","X","Figure from international organizations",""
"OA","Annual population","332","Haiti","551","Rural population","3010","Population - Est. & Proj.","2020","2020","1000 No","4879.66","X","Figure from international organizations",""
"OA","Annual population","332","Haiti","561","Urban population","3010","Population - Est. & Proj.","2020","2020","1000 No","6491.525","X","Figure from international organizations",""
"OA","Annual population","336","Holy See","551","Rural population","3010","Population - Est. & Proj.","2020","2020","1000 No","0","X","Figure from international organizations",""
"OA","Annual population","336","Holy See","561","Urban population","3010","Population - Est. & Proj.","2020","2020","1000 No","0.801","X","Figure from international organizations",""
"OA","Annual population","340","Honduras","511","Total Population - Both sexes","3010","Population - Est. & Proj.","2020","2020","1000 No","10119.64","X","Figure from international organizations",""
"OA","Annual population","340","Honduras","512","Total Population - Male","3010","Population - Est. & Proj.","2020","2020","1000 No","5098.597","X","Figure from international organizations",""
"OA","Annual population","340","Honduras","513","Total Population - Female","3010","Population - Est. & Proj.","2020","2020","1000 No","5021.043","X","Figure from international organizations",""
"OA","Annual population","340","Honduras","551","Rural population","3010","Population - Est. & Proj.","2020","2020","1000 No","4047.211","X","Figure from international organizations",""
"OA","Annual population","340","Honduras","561","Urban population","3010","Population - Est. & Proj.","2020","2020","1000 No","5672.054","X","Figure from international organizations",""
"OA","Annual population","348","Hungary","511","Total Population - Both sexes","3010","Population - Est. & Proj.","2020","2020","1000 No","9749.457","X","Figure from international organizations",""
"OA","Annual population","348","Hungary","512","Total Population - Male","3010","Population - Est. & Proj.","2020","2020","1000 No","4672.074","X","Figure from international organizations",""
"OA","Annual population","348","Hungary","513","Total Population - Female","3010","Population - Est. & Proj.","2020","2020","1000 No","5077.383","X","Figure from international organizations",""
"OA","Annual population","348","Hungary","551","Rural population","3010","Population - Est. & Proj.","2020","2020","1000 No","2699.487","X","Figure from international organizations",""
"OA","Annual population","348","Hungary","561","Urban population","3010","Population - Est. & Proj.","2020","2020","1000 No","6921.767","X","Figure from international organizations",""
"OA","Annual population","352","Iceland","511","Total Population - Both sexes","3010","Population - Est. & Proj.","2020","2020","1000 No","366.614","X","Figure from international organizations",""
"OA","Annual population","352","Iceland","512","Total Population - Male","3010","Population - Est. & Proj.","2020","2020","1000 No","188.041","X","Figure from international organizations",""
"OA","Annual population","352","Iceland","513","Total Population - Female","3010","Population - Est. & Proj.","2020","2020","1000 No","178.573","X","Figure from international organizations",""
"OA","Annual population","352","Iceland","551","Rural population","3010","Population - Est. & Proj.","2020","2020","1000 No","20.942","X","Figure from international organizations",""
"OA","Annual population","352","Iceland","561","Urban population","3010","Population - Est. & Proj.","2020","2020","1000 No","322.286","X","Figure from international organizations",""
"OA","Annual population","356","India","511","Total Population - Both sexes","3010","Population - Est. & Proj.","2020","2020","1000 No","1402617.695","X","Figure from international organizations",""
"OA","Annual population","356","India","512","Total Population - Male","3010","Population - Est. & Proj.","2020","2020","1000 No","724175.468","X","Figure from international organizations",""
"OA","Annual population","356","India","513","Total Population - Female","3010","Population - Est. & Proj.","2020","2020","1000 No","678442.228","X","Figure from international organizations",""
"OA","Annual population","356","India","551","Rural population","3010","Population - Est. & Proj.","2020","2020","1000 No","900099.113","X","Figure from international organizations",""
"OA","Annual population","356","India","561","Urban population","3010","Population - Est. & Proj.","2020","2020","1000 No","483098.64","X","Figure from international organizations",""
"OA","Annual population","360","Indonesia","511","Total Population - Both sexes","3010","Population - Est. & Proj.","2020","2020","1000 No","274814.866","X","Figure from international organizations",""
"OA","Annual population","360","Indonesia","512","Total Population - Male","3010","Population - Est. & Proj.","2020","2020","1000 No","138073.249","X","Figure from international organizations",""
"OA","Annual population","360","Indonesia","513","Total Population - Female","3010","Population - Est. & Proj.","2020","2020","1000 No","136741.617","X","Figure from international organizations",""
"OA","Annual population","360","Indonesia","551","Rural population","3010","Population - Est. & Proj.","2020","2020","1000 No","118034.441","X","Figure from international organizations",""
"OA","Annual population","360","Indonesia","561","Urban population","3010","Population - Est. & Proj.","2020","2020","1000 No","154188.546","X","Figure from international organizations",""
"OA","Annual population","364","Iran (Islamic Republic of)","511","Total Population - Both sexes","3010","Population - Est. & Proj.","2020","2020","1000 No","87723.443","X","Figure from international organizations",""
"OA","Annual population","364","Iran (Islamic Republic of)","512","Total Population - Male","3010","Population - Est. & Proj.","2020","2020","1000 No","44652.495","X","Figure from international organizations",""
"OA","Annual population","364","Iran (Islamic Republic of)","513","Total Population - Female","3010","Population - Est. & Proj.","2020","2020","1000 No","43070.948","X","Figure from international organizations",""
"OA","Annual population","364","Iran (Islamic Republic of)","551","Rural population","3010","Population - Est. & Proj.","2020","2020","1000 No","20166.625","X","Figure from international organizations",""
"OA","Annual population","364","Iran (Islamic Republic of)","561","Urban population","3010","Population - Est. & Proj.","2020","2020","1000 No","63420.504","X","Figure from international organizations",""
"OA","Annual population","368","Iraq","511","Total Population - Both sexes","3010","Population - Est. & Proj.","2020","2020","1000 No","42116.605","X","Figure from international organizations",""
"OA","Annual population","368","Iraq","512","Total Population - Male","3010","Population - Est. & Proj.","2020","2020","1000 No","21099.578","X","Figure from international organizations",""
"OA","Annual population","368","Iraq","513","Total Population - Female","3010","Population - Est. & Proj.","2020","2020","1000 No","21017.026","X","Figure from international organizations",""
"OA","Annual population","368","Iraq","551","Rural population","3010","Population - Est. & Proj.","2020","2020","1000 No","12080.19","X","Figure from international organizations",""
"OA","Annual population","368","Iraq","561","Urban population","3010","Population - Est. & Proj.","2020","2020","1000 No","29422.695","X","Figure from international organizations",""
"OA","Annual population","372","Ireland","511","Total Population - Both sexes","3010","Population - Est. & Proj.","2020","2020","1000 No","4982.606","X","Figure from international organizations",""
"OA","Annual population","372","Ireland","512","Total Population - Male","3010","Population - Est. & Proj.","2020","2020","1000 No","2467.162","X","Figure from international organizations",""
"OA","Annual population","372","Ireland","513","Total Population - Female","3010","Population - Est. & Proj.","2020","2020","1000 No","2515.444","X","Figure from international organizations",""
"OA","Annual population","372","Ireland","551","Rural population","3010","Population - Est. & Proj.","2020","2020","1000 No","1776.656","X","Figure from international organizations",""
"OA","Annual population","372","Ireland","561","Urban population","3010","Population - Est. & Proj.","2020","2020","1000 No","3111.336","X","Figure from international organizations",""
"OA","Annual population","833","Isle of Man","511","Total Population - Both sexes","3010","Population - Est. & Proj.","2020","2020","1000 No","84.064","X","Figure from international organizations",""
"OA","Annual population","833","Isle of Man","512","Total Population - Male","3010","Population - Est. & Proj.","2020","2020","1000 No","41.663","X","Figure from international organizations",""
"OA","Annual population","833","Isle of Man","513","Total Population - Female","3010","Population - Est. & Proj.","2020","2020","1000 No","42.401","X","Figure from international organizations",""
"OA","Annual population","833","Isle of Man","551","Rural population","3010","Population - Est. & Proj.","2020","2020","1000 No","40.458","X","Figure from international organizations",""
"OA","Annual population","833","Isle of Man","561","Urban population","3010","Population - Est. & Proj.","2020","2020","1000 No","45.437","X","Figure from international organizations",""
"OA","Annual population","376","Israel","511","Total Population - Both sexes","3010","Population - Est. & Proj.","2020","2020","1000 No","8800.376","X","Figure from international organizations",""
"OA","Annual population","376","Israel","512","Total Population - Male","3010","Population - Est. & Proj.","2020","2020","1000 No","4373.531","X","Figure from international organizations",""
"OA","Annual population","376","Israel","513","Total Population - Female","3010","Population - Est. & Proj.","2020","2020","1000 No","4426.845","X","Figure from international organizations",""
"OA","Annual population","376","Israel","551","Rural population","3010","Population - Est. & Proj.","2020","2020","1000 No","645.956","X","Figure from international organizations",""
"OA","Annual population","376","Israel","561","Urban population","3010","Population - Est. & Proj.","2020","2020","1000 No","8067.603","X","Figure from international organizations",""
"OA","Annual population","380","Italy","511","Total Population - Both sexes","3010","Population - Est. & Proj.","2020","2020","1000 No","59912.769","X","Figure from international organizations",""
"OA","Annual population","380","Italy","512","Total Population - Male","3010","Population - Est. & Proj.","2020","2020","1000 No","29229.606","X","Figure from international organizations",""
"OA","Annual population","380","Italy","513","Total Population - Female","3010","Population - Est. & Proj.","2020","2020","1000 No","30683.163","X","Figure from international organizations",""
"OA","Annual population","380","Italy","551","Rural population","3010","Population - Est. & Proj.","2020","2020","1000 No","17125.372","X","Figure from international organizations",""
"OA","Annual population","380","Italy","561","Urban population","3010","Population - Est. & Proj.","2020","2020","1000 No","42006.701","X","Figure from international organizations",""
"OA","Annual population","388","Jamaica","511","Total Population - Both sexes","3010","Population - Est. & Proj.","2020","2020","1000 No","2830.739","X","Figure from international organizations",""
"OA","Annual population","388","Jamaica","512","Total Population - Male","3010","Population - Est. & Proj.","2020","2020","1000 No","1401.936","X","Figure from international organizations",""
"OA","Annual population","388","Jamaica","513","Total Population - Female","3010","Population - Est. & Proj.","2020","2020","1000 No","1428.803","X","Figure from international organizations",""
"OA","Annual population","388","Jamaica","551","Rural population","3010","Population - Est. & Proj.","2020","2020","1000 No","1272.725","X","Figure from international organizations",""
"OA","Annual population","388","Jamaica","561","Urban population","3010","Population - Est. & Proj.","2020","2020","1000 No","1640.435","X","Figure from international organizations",""
"OA","Annual population","392","Japan","511","Total Population - Both sexes","3010","Population - Est. & Proj.","2020","2020","1000 No","126304.543","X","Figure from international organizations",""
"OA","Annual population","392","Japan","512","Total Population - Male","3010","Population - Est. & Proj.","2020","2020","1000 No","61704.209","X","Figure from international organizations",""
"OA","Annual population","392","Japan","513","Total Population - Female","3010","Population - Est. & Proj.","2020","2020","1000 No","64600.334","X","Figure from international organizations",""
"OA","Annual population","392","Japan","551","Rural population","3010","Population - Est. & Proj.","2020","2020","1000 No","10395.975","X","Figure from international organizations",""
"OA","Annual population","392","Japan","561","Urban population","3010","Population - Est. & Proj.","2020","2020","1000 No","116099.672","X","Figure from international organizations",""
"OA","Annual population","400","Jordan","511","Total Population - Both sexes","3010","Population - Est. & Proj.","2020","2020","1000 No","10865.228","X","Figure from international organizations",""
"OA","Annual population","400","Jordan","512","Total Population - Male","3010","Population - Est. & Proj.","2020","2020","1000 No","5618.292","X","Figure from international organizations",""
"OA","Annual population","400","Jordan","513","Total Population - Female","3010","Population - Est. & Proj.","2020","2020","1000 No","5246.935","X","Figure from international organizations",""
"OA","Annual population","400","Jordan","551","Rural population","3010","Population - Est. & Proj.","2020","2020","1000 No","876.059","X","Figure from international organizations",""
"OA","Annual population","400","Jordan","561","Urban population","3010","Population - Est. & Proj.","2020","2020","1000 No","9332.603","X","Figure from international organizations",""
"OA","Annual population","398","Kazakhstan","511","Total Population - Both sexes","3010","Population - Est. & Proj.","2020","2020","1000 No","19482.117","X","Figure from international organizations",""
"OA","Annual population","398","Kazakhstan","512","Total Population - Male","3010","Population - Est. & Proj.","2020","2020","1000 No","9452.899","X","Figure from international organizations",""
"OA","Annual population","398","Kazakhstan","513","Total Population - Female","3010","Population - Est. & Proj.","2020","2020","1000 No","10029.218","X","Figure from international organizations",""
"OA","Annual population","398","Kazakhstan","551","Rural population","3010","Population - Est. & Proj.","2020","2020","1000 No","7948.258","X","Figure from international organizations",""
"OA","Annual population","398","Kazakhstan","561","Urban population","3010","Population - Est. & Proj.","2020","2020","1000 No","10828.881","X","Figure from international organizations",""
"OA","Annual population","404","Kenya","511","Total Population - Both sexes","3010","Population - Est. & Proj.","2020","2020","1000 No","52217.334","X","Figure from international organizations",""
"OA","Annual population","404","Kenya","512","Total Population - Male","3010","Population - Est. & Proj.","2020","2020","1000 No","25983.598","X","Figure from international organizations",""
"OA","Annual population","404","Kenya","513","Total Population - Female","3010","Population - Est. & Proj.","2020","2020","1000 No","26233.736","X","Figure from international organizations",""
"OA","Annual population","404","Kenya","551","Rural population","3010","Population - Est. & Proj.","2020","2020","1000 No","38516.638","X","Figure from international organizations",""
"OA","Annual population","404","Kenya","561","Urban population","3010","Population - Est. & Proj.","2020","2020","1000 No","14975.059","X","Figure from international organizations",""
"OA","Annual population","296","Kiribati","511","Total Population - Both sexes","3010","Population - Est. & Proj.","2020","2020","1000 No","126.099","X","Figure from international organizations",""
"OA","Annual population","296","Kiribati","512","Total Population - Male","3010","Population - Est. & Proj.","2020","2020","1000 No","60.859","X","Figure from international organizations",""
"OA","Annual population","296","Kiribati","513","Total Population - Female","3010","Population - Est. & Proj.","2020","2020","1000 No","65.24","X","Figure from international organizations",""
"OA","Annual population","296","Kiribati","551","Rural population","3010","Population - Est. & Proj.","2020","2020","1000 No","54.37","X","Figure from international organizations",""
"OA","Annual population","296","Kiribati","561","Urban population","3010","Population - Est. & Proj.","2020","2020","1000 No","68.069","X","Figure from international organizations",""
"OA","Annual population","414","Kuwait","511","Total Population - Both sexes","3010","Population - Est. & Proj.","2020","2020","1000 No","4400.144","X","Figure from international organizations",""
"OA","Annual population","414","Kuwait","512","Total Population - Male","3010","Population - Est. & Proj.","2020","2020","1000 No","2681.47","X","Figure from international organizations",""
"OA","Annual population","414","Kuwait","513","Total Population - Female","3010","Population - Est. & Proj.","2020","2020","1000 No","1718.674","X","Figure from international organizations",""
"OA","Annual population","414","Kuwait","551","Rural population","3010","Population - Est. & Proj.","2020","2020","1000 No","0","X","Figure from international organizations",""
"OA","Annual population","414","Kuwait","561","Urban population","3010","Population - Est. & Proj.","2020","2020","1000 No","4302.875","X","Figure from international organizations",""
"OA","Annual population","417","Kyrgyzstan","511","Total Population - Both sexes","3010","Population - Est. & Proj.","2020","2020","1000 No","6664.14","X","Figure from international organizations",""
"OA","Annual population","417","Kyrgyzstan","512","Total Population - Male","3010","Population - Est. & Proj.","2020","2020","1000 No","3298.41","X","Figure from international organizations",""
"OA","Annual population","417","Kyrgyzstan","513","Total Population - Female","3010","Population - Est. & Proj.","2020","2020","1000 No","3365.729","X","Figure from international organizations",""
"OA","Annual population","417","Kyrgyzstan","551","Rural population","3010","Population - Est. & Proj.","2020","2020","1000 No","3979.161","X","Figure from international organizations",""
"OA","Annual population","417","Kyrgyzstan","561","Urban population","3010","Population - Est. & Proj.","2020","2020","1000 No","2322.557","X","Figure from international organizations",""
"OA","Annual population","418","Lao People's Democratic Republic","511","Total Population - Both sexes","3010","Population - Est. & Proj.","2020","2020","1000 No","7346.533","X","Figure from international organizations",""
"OA","Annual population","418","Lao People's Democratic Republic","512","Total Population - Male","3010","Population - Est. & Proj.","2020","2020","1000 No","3693.722","X","Figure from international organizations",""
"OA","Annual population","418","Lao People's Democratic Republic","513","Total Population - Female","3010","Population - Est. & Proj.","2020","2020","1000 No","3652.811","X","Figure from international organizations",""
"OA","Annual population","418","Lao People's Democratic Republic","551","Rural population","3010","Population - Est. & Proj.","2020","2020","1000 No","4564.691","X","Figure from international organizations",""
"OA","Annual population","418","Lao People's Democratic Republic","561","Urban population","3010","Population - Est. & Proj.","2020","2020","1000 No","2600.131","X","Figure from international organizations",""
"OA","Annual population","428","Latvia","511","Total Population - Both sexes","3010","Population - Est. & Proj.","2020","2020","1000 No","1901.123","X","Figure from international organizations",""
"OA","Annual population","428","Latvia","512","Total Population - Male","3010","Population - Est. & Proj.","2020","2020","1000 No","878.254","X","Figure from international organizations",""
"OA","Annual population","428","Latvia","513","Total Population - Female","3010","Population - Est. & Proj.","2020","2020","1000 No","1022.87","X","Figure from international organizations",""
"OA","Annual population","428","Latvia","551","Rural population","3010","Population - Est. & Proj.","2020","2020","1000 No","599.796","X","Figure from international organizations",""
"OA","Annual population","428","Latvia","561","Urban population","3010","Population - Est. & Proj.","2020","2020","1000 No","1293.197","X","Figure from international organizations",""
"OA","Annual population","422","Lebanon","511","Total Population - Both sexes","3010","Population - Est. & Proj.","2020","2020","1000 No","5702.398","X","Figure from international organizations",""
"OA","Annual population","422","Lebanon","512","Total Population - Male","3010","Population - Est. & Proj.","2020","2020","1000 No","2770.02","X","Figure from international organizations",""
"OA","Annual population","422","Lebanon","513","Total Population - Female","3010","Population - Est. & Proj.","2020","2020","1000 No","2932.378","X","Figure from international organizations",""
"OA","Annual population","422","Lebanon","551","Rural population","3010","Population - Est. & Proj.","2020","2020","1000 No","666.679","X","Figure from international organizations",""
"OA","Annual population","422","Lebanon","561","Urban population","3010","Population - Est. & Proj.","2020","2020","1000 No","5353.116","X","Figure from international organizations",""
"OA","Annual population","426","Lesotho","511","Total Population - Both sexes","3010","Population - Est. & Proj.","2020","2020","1000 No","2235.727","X","Figure from international organizations",""
"OA","Annual population","426","Lesotho","512","Total Population - Male","3010","Population - Est. & Proj.","2020","2020","1000 No","1087.804","X","Figure from international organizations",""
"OA","Annual population","426","Lesotho","513","Total Population - Female","3010","Population - Est. & Proj.","2020","2020","1000 No","1147.922","X","Figure from international organizations",""
"OA","Annual population","426","Lesotho","551","Rural population","3010","Population - Est. & Proj.","2020","2020","1000 No","1648.125","X","Figure from international organizations",""
"OA","Annual population","426","Lesotho","561","Urban population","3010","Population - Est. & Proj.","2020","2020","1000 No","674.092","X","Figure from international organizations",""
"OA","Annual population","430","Liberia","511","Total Population - Both sexes","3010","Population - Est. & Proj.","2020","2020","1000 No","5149.463","X","Figure from international organizations",""
"OA","Annual population","430","Liberia","512","Total Population - Male","3010","Population - Est. & Proj.","2020","2020","1000 No","2567.665","X","Figure from international organizations",""
"OA","Annual population","430","Liberia","513","Total Population - Female","3010","Population - Est. & Proj.","2020","2020","1000 No","2581.798","X","Figure from international organizations",""
"OA","Annual population","430","Liberia","551","Rural population","3010","Population - Est. & Proj.","2020","2020","1000 No","2445.292","X","Figure from international organizations",""
"OA","Annual population","430","Liberia","561","Urban population","3010","Population - Est. & Proj.","2020","2020","1000 No","2658.561","X","Figure from international organizations",""
"OA","Annual population","434","Libya","511","Total Population - Both sexes","3010","Population - Est. & Proj.","2020","2020","1000 No","7045.399","X","Figure from international organizations",""
"OA","Annual population","434","Libya","512","Total Population - Male","3010","Population - Est. & Proj.","2020","2020","1000 No","3587.984","X","Figure from international organizations",""
"OA","Annual population","434","Libya","513","Total Population - Female","3010","Population - Est. & Proj.","2020","2020","1000 No","3457.415","X","Figure from international organizations",""
"OA","Annual population","434","Libya","551","Rural population","3010","Population - Est. & Proj.","2020","2020","1000 No","1286.402","X","Figure from international organizations",""
"OA","Annual population","434","Libya","561","Urban population","3010","Population - Est. & Proj.","2020","2020","1000 No","5375.771","X","Figure from international organizations",""
"OA","Annual population","438","Liechtenstein","511","Total Population - Both sexes","3010","Population - Est. & Proj.","2020","2020","1000 No","38.767","X","Figure from international organizations",""
"OA","Annual population","438","Liechtenstein","512","Total Population - Male","3010","Population - Est. & Proj.","2020","2020","1000 No","19.234","X","Figure from international organizations",""
"OA","Annual population","438","Liechtenstein","513","Total Population - Female","3010","Population - Est. & Proj.","2020","2020","1000 No","19.533","X","Figure from international organizations",""
"OA","Annual population","438","Liechtenstein","551","Rural population","3010","Population - Est. & Proj.","2020","2020","1000 No","33.074","X","Figure from international organizations",""
"OA","Annual population","438","Liechtenstein","561","Urban population","3010","Population - Est. & Proj.","2020","2020","1000 No","5.571","X","Figure from international organizations",""
"OA","Annual population","440","Lithuania","511","Total Population - Both sexes","3010","Population - Est. & Proj.","2020","2020","1000 No","2795.765","X","Figure from international organizations",""
"OA","Annual population","440","Lithuania","512","Total Population - Male","3010","Population - Est. & Proj.","2020","2020","1000 No","1309.124","X","Figure from international organizations",""
"OA","Annual population","440","Lithuania","513","Total Population - Female","3010","Population - Est. & Proj.","2020","2020","1000 No","1486.64","X","Figure from international organizations",""
"OA","Annual population","440","Lithuania","551","Rural population","3010","Population - Est. & Proj.","2020","2020","1000 No","911.492","X","Figure from international organizations",""
"OA","Annual population","440","Lithuania","561","Urban population","3010","Population - Est. & Proj.","2020","2020","1000 No","1940.986","X","Figure from international organizations",""
"OA","Annual population","442","Luxembourg","511","Total Population - Both sexes","3010","Population - Est. & Proj.","2020","2020","1000 No","630.597","X","Figure from international organizations",""
"OA","Annual population","442","Luxembourg","512","Total Population - Male","3010","Population - Est. & Proj.","2020","2020","1000 No","317.306","X","Figure from international organizations",""
"OA","Annual population","442","Luxembourg","513","Total Population - Female","3010","Population - Est. & Proj.","2020","2020","1000 No","313.291","X","Figure from international organizations",""
"OA","Annual population","442","Luxembourg","551","Rural population","3010","Population - Est. & Proj.","2020","2020","1000 No","51.616","X","Figure from international organizations",""
"OA","Annual population","442","Luxembourg","561","Urban population","3010","Population - Est. & Proj.","2020","2020","1000 No","552.328","X","Figure from international organizations",""
"OA","Annual population","450","Madagascar","511","Total Population - Both sexes","3010","Population - Est. & Proj.","2020","2020","1000 No","28953.556","X","Figure from international organizations",""
"OA","Annual population","450","Madagascar","512","Total Population - Male","3010","Population - Est. & Proj.","2020","2020","1000 No","14523.993","X","Figure from international organizations",""
"OA","Annual population","450","Madagascar","513","Total Population - Female","3010","Population - Est. & Proj.","2020","2020","1000 No","14429.564","X","Figure from international organizations",""
"OA","Annual population","450","Madagascar","551","Rural population","3010","Population - Est. & Proj.","2020","2020","1000 No","17020.546","X","Figure from international organizations",""
"OA","Annual population","450","Madagascar","561","Urban population","3010","Population - Est. & Proj.","2020","2020","1000 No","10670.252","X","Figure from international organizations",""
"OA","Annual population","454","Malawi","511","Total Population - Both sexes","3010","Population - Est. & Proj.","2020","2020","1000 No","19533.888","X","Figure from international organizations",""
"OA","Annual population","454","Malawi","512","Total Population - Male","3010","Population - Est. & Proj.","2020","2020","1000 No","9522.275","X","Figure from international organizations",""
"OA","Annual population","454","Malawi","513","Total Population - Female","3010","Population - Est. & Proj.","2020","2020","1000 No","10011.612","X","Figure from international organizations",""
"OA","Annual population","454","Malawi","551","Rural population","3010","Population - Est. & Proj.","2020","2020","1000 No","16748.855","X","Figure from international organizations",""
"OA","Annual population","454","Malawi","561","Urban population","3010","Population - Est. & Proj.","2020","2020","1000 No","3534.836","X","Figure from international organizations",""
"OA","Annual population","458","Malaysia","511","Total Population - Both sexes","3010","Population - Est. & Proj.","2020","2020","1000 No","33889.558","X","Figure from international organizations",""
"OA","Annual population","458","Malaysia","512","Total Population - Male","3010","Population - Est. & Proj.","2020","2020","1000 No","17821.825","X","Figure from international organizations",""
"OA","Annual population","458","Malaysia","513","Total Population - Female","3010","Population - Est. & Proj.","2020","2020","1000 No","16067.734","X","Figure from international organizations",""
"OA","Annual population","458","Malaysia","551","Rural population","3010","Population - Est. & Proj.","2020","2020","1000 No","7507.36","X","Figure from international organizations",""
"OA","Annual population","458","Malaysia","561","Urban population","3010","Population - Est. & Proj.","2020","2020","1000 No","25361.963","X","Figure from international organizations",""
"OA","Annual population","462","Maldives","511","Total Population - Both sexes","3010","Population - Est. & Proj.","2020","2020","1000 No","502.118","X","Figure from international organizations",""
"OA","Annual population","462","Maldives","512","Total Population - Male","3010","Population - Est. & Proj.","2020","2020","1000 No","309.481","X","Figure from international organizations",""
"OA","Annual population","462","Maldives","513","Total Population - Female","3010","Population - Est. & Proj.","2020","2020","1000 No","192.637","X","Figure from international organizations",""
"OA","Annual population","462","Maldives","551","Rural population","3010","Population - Est. & Proj.","2020","2020","1000 No","272.275","X","Figure from international organizations",""
"OA","Annual population","462","Maldives","561","Urban population","3010","Population - Est. & Proj.","2020","2020","1000 No","186.634","X","Figure from international organizations",""
"OA","Annual population","466","Mali","511","Total Population - Both sexes","3010","Population - Est. & Proj.","2020","2020","1000 No","21713.836","X","Figure from international organizations",""
"OA","Annual population","466","Mali","512","Total Population - Male","3010","Population - Est. & Proj.","2020","2020","1000 No","10960.972","X","Figure from international organizations",""
"OA","Annual population","466","Mali","513","Total Population - Female","3010","Population - Est. & Proj.","2020","2020","1000 No","10752.863","X","Figure from international organizations",""
"OA","Annual population","466","Mali","551","Rural population","3010","Population - Est. & Proj.","2020","2020","1000 No","11377.544","X","Figure from international organizations",""
"OA","Annual population","466","Mali","561","Urban population","3010","Population - Est. & Proj.","2020","2020","1000 No","8906.636","X","Figure from international organizations",""
"OA","Annual population","470","Malta","511","Total Population - Both sexes","3010","Population - Est. & Proj.","2020","2020","1000 No","518.207","X","Figure from international organizations",""
"OA","Annual population","470","Malta","512","Total Population - Male","3010","Population - Est. & Proj.","2020","2020","1000 No","268.351","X","Figure from international organizations",""
"OA","Annual population","470","Malta","513","Total Population - Female","3010","Population - Est. & Proj.","2020","2020","1000 No","249.856","X","Figure from international organizations",""
"OA","Annual population","470","Malta","551","Rural population","3010","Population - Est. & Proj.","2020","2020","1000 No","22.83","X","Figure from international organizations",""
"OA","Annual population","470","Malta","561","Urban population","3010","Population - Est. & Proj.","2020","2020","1000 No","411.533","X","Figure from international organizations",""
"OA","Annual population","584","Marshall Islands","511","Total Population - Both sexes","3010","Population - Est. & Proj.","2020","2020","1000 No","42.706","X","Figure from international organizations",""
"OA","Annual population","584","Marshall Islands","512","Total Population - Male","3010","Population - Est. & Proj.","2020","2020","1000 No","21.877","X","Figure from international organizations",""
"OA","Annual population","584","Marshall Islands","513","Total Population - Female","3010","Population - Est. & Proj.","2020","2020","1000 No","20.83","X","Figure from international organizations",""
"OA","Annual population","584","Marshall Islands","551","Rural population","3010","Population - Est. & Proj.","2020","2020","1000 No","11.825","X","Figure from international organizations",""
"OA","Annual population","584","Marshall Islands","561","Urban population","3010","Population - Est. & Proj.","2020","2020","1000 No","41.426","X","Figure from international organizations",""
"OA","Annual population","474","Martinique","511","Total Population - Both sexes","3010","Population - Est. & Proj.","2020","2020","1000 No","356.615","X","Figure from international organizations",""
"OA","Annual population","474","Martinique","512","Total Population - Male","3010","Population - Est. & Proj.","2020","2020","1000 No","162.997","X","Figure from international organizations",""
"OA","Annual population","474","Martinique","513","Total Population - Female","3010","Population - Est. & Proj.","2020","2020","1000 No","193.618","X","Figure from international organizations",""
"OA","Annual population","474","Martinique","551","Rural population","3010","Population - Est. & Proj.","2020","2020","1000 No","41.862","X","Figure from international organizations",""
"OA","Annual population","474","Martinique","561","Urban population","3010","Population - Est. & Proj.","2020","2020","1000 No","343.595","X","Figure from international organizations",""
"OA","Annual population","478","Mauritania","511","Total Population - Both sexes","3010","Population - Est. & Proj.","2020","2020","1000 No","4600.131","X","Figure from international organizations",""
"OA","Annual population","478","Mauritania","512","Total Population - Male","3010","Population - Est. & Proj.","2020","2020","1000 No","2250.118","X","Figure from international organizations",""
"OA","Annual population","478","Mauritania","513","Total Population - Female","3010","Population - Est. & Proj.","2020","2020","1000 No","2350.013","X","Figure from international organizations",""
"OA","Annual population","478","Mauritania","551","Rural population","3010","Population - Est. & Proj.","2020","2020","1000 No","2137.053","X","Figure from international organizations",""
"OA","Annual population","478","Mauritania","561","Urban population","3010","Population - Est. & Proj.","2020","2020","1000 No","2646.714","X","Figure from international organizations",""
"OA","Annual population","480","Mauritius","511","Total Population - Both sexes","3010","Population - Est. & Proj.","2020","2020","1000 No","1283.223","X","Figure from international organizations",""
"OA","Annual population","480","Mauritius","512","Total Population - Male","3010","Population - Est. & Proj.","2020","2020","1000 No","643.778","X","Figure from international organizations",""
"OA","Annual population","480","Mauritius","513","Total Population - Female","3010","Population - Est. & Proj.","2020","2020","1000 No","639.446","X","Figure from international organizations",""
"OA","Annual population","480","Mauritius","551","Rural population","3010","Population - Est. & Proj.","2020","2020","1000 No","754.784","X","Figure from international organizations",""
"OA","Annual population","480","Mauritius","561","Urban population","3010","Population - Est. & Proj.","2020","2020","1000 No","519.33","X","Figure from international organizations",""
"OA","Annual population","175","Mayotte","511","Total Population - Both sexes","3010","Population - Est. & Proj.","2020","2020","1000 No","284.37","X","Figure from international organizations",""
"OA","Annual population","175","Mayotte","512","Total Population - Male","3010","Population - Est. & Proj.","2020","2020","1000 No","135.589","X","Figure from international organizations",""
"OA","Annual population","175","Mayotte","513","Total Population - Female","3010","Population - Est. & Proj.","2020","2020","1000 No","148.781","X","Figure from international organizations",""
"OA","Annual population","175","Mayotte","551","Rural population","3010","Population - Est. & Proj.","2020","2020","1000 No","148.158","X","Figure from international organizations",""
"OA","Annual population","175","Mayotte","561","Urban population","3010","Population - Est. & Proj.","2020","2020","1000 No","124.952","X","Figure from international organizations",""
"OA","Annual population","484","Mexico","511","Total Population - Both sexes","3010","Population - Est. & Proj.","2020","2020","1000 No","126799.055","X","Figure from international organizations",""
"OA","Annual population","484","Mexico","512","Total Population - Male","3010","Population - Est. & Proj.","2020","2020","1000 No","61635.476","X","Figure from international organizations",""
"OA","Annual population","484","Mexico","513","Total Population - Female","3010","Population - Est. & Proj.","2020","2020","1000 No","65163.579","X","Figure from international organizations",""
"OA","Annual population","484","Mexico","551","Rural population","3010","Population - Est. & Proj.","2020","2020","1000 No","25795.617","X","Figure from international organizations",""
"OA","Annual population","484","Mexico","561","Urban population","3010","Population - Est. & Proj.","2020","2020","1000 No","108074.41","X","Figure from international organizations",""
"OA","Annual population","583","Micronesia (Federated States of)","511","Total Population - Both sexes","3010","Population - Est. & Proj.","2020","2020","1000 No","110.916","X","Figure from international organizations",""
"OA","Annual population","583","Micronesia (Federated States of)","512","Total Population - Male","3010","Population - Est. & Proj.","2020","2020","1000 No","55.187","X","Figure from international organizations",""
"OA","Annual population","583","Micronesia (Federated States of)","513","Total Population - Female","3010","Population - Est. & Proj.","2020","2020","1000 No","55.73","X","Figure from international organizations",""
"OA","Annual population","583","Micronesia (Federated States of)","551","Rural population","3010","Population - Est. & Proj.","2020","2020","1000 No","83.058","X","Figure from international organizations",""
"OA","Annual population","583","Micronesia (Federated States of)","561","Urban population","3010","Population - Est. & Proj.","2020","2020","1000 No","24.716","X","Figure from international organizations",""
"OA","Annual population","492","Monaco","511","Total Population - Both sexes","3010","Population - Est. & Proj.","2020","2020","1000 No","38.05","X","Figure from international organizations",""
"OA","Annual population","492","Monaco","512","Total Population - Male","3010","Population - Est. & Proj.","2020","2020","1000 No","18.624","X","Figure from international organizations",""
"OA","Annual population","492","Monaco","513","Total Population - Female","3010","Population - Est. & Proj.","2020","2020","1000 No","19.427","X","Figure from international organizations",""
"OA","Annual population","492","Monaco","551","Rural population","3010","Population - Est. & Proj.","2020","2020","1000 No","0","X","Figure from international organizations",""
"OA","Annual population","492","Monaco","561","Urban population","3010","Population - Est. & Proj.","2020","2020","1000 No","39.297","X","Figure from international organizations",""
"OA","Annual population","496","Mongolia","511","Total Population - Both sexes","3010","Population - Est. & Proj.","2020","2020","1000 No","3290.785","X","Figure from international organizations",""
"OA","Annual population","496","Mongolia","512","Total Population - Male","3010","Population - Est. & Proj.","2020","2020","1000 No","1645.93","X","Figure from international organizations",""
"OA","Annual population","496","Mongolia","513","Total Population - Female","3010","Population - Est. & Proj.","2020","2020","1000 No","1644.855","X","Figure from international organizations",""
"OA","Annual population","496","Mongolia","551","Rural population","3010","Population - Est. & Proj.","2020","2020","1000 No","1005.935","X","Figure from international organizations",""
"OA","Annual population","496","Mongolia","561","Urban population","3010","Population - Est. & Proj.","2020","2020","1000 No","2203.469","X","Figure from international organizations",""
"OA","Annual population","499","Montenegro","511","Total Population - Both sexes","3010","Population - Est. & Proj.","2020","2020","1000 No","607.935","X","Figure from international organizations",""
"OA","Annual population","499","Montenegro","512","Total Population - Male","3010","Population - Est. & Proj.","2020","2020","1000 No","292.705","X","Figure from international organizations",""
"OA","Annual population","499","Montenegro","513","Total Population - Female","3010","Population - Est. & Proj.","2020","2020","1000 No","315.229","X","Figure from international organizations",""
"OA","Annual population","499","Montenegro","551","Rural population","3010","Population - Est. & Proj.","2020","2020","1000 No","204.63","X","Figure from international organizations",""
"OA","Annual population","499","Montenegro","561","Urban population","3010","Population - Est. & Proj.","2020","2020","1000 No","424.767","X","Figure from international organizations",""
"OA","Annual population","500","Montserrat","511","Total Population - Both sexes","3010","Population - Est. & Proj.","2020","2020","1000 No","4.508","X","Figure from international organizations",""
"OA","Annual population","500","Montserrat","512","Total Population - Male","3010","Population - Est. & Proj.","2020","2020","1000 No","2.267","X","Figure from international organizations",""
"OA","Annual population","500","Montserrat","513","Total Population - Female","3010","Population - Est. & Proj.","2020","2020","1000 No","2.241","X","Figure from international organizations",""
"OA","Annual population","500","Montserrat","551","Rural population","3010","Population - Est. & Proj.","2020","2020","1000 No","4.765","X","Figure from international organizations",""
"OA","Annual population","500","Montserrat","561","Urban population","3010","Population - Est. & Proj.","2020","2020","1000 No","0.478","X","Figure from international organizations",""
"OA","Annual population","504","Morocco","511","Total Population - Both sexes","3010","Population - Est. & Proj.","2020","2020","1000 No","36584.208","X","Figure from international organizations",""
"OA","Annual population","504","Morocco","512","Total Population - Male","3010","Population - Est. & Proj.","2020","2020","1000 No","18471.768","X","Figure from international organizations",""
"OA","Annual population","504","Morocco","513","Total Population - Female","3010","Population - Est. & Proj.","2020","2020","1000 No","18112.44","X","Figure from international organizations",""
"OA","Annual population","504","Morocco","551","Rural population","3010","Population - Est. & Proj.","2020","2020","1000 No","13519.119","X","Figure from international organizations",""
"OA","Annual population","504","Morocco","561","Urban population","3010","Population - Est. & Proj.","2020","2020","1000 No","23551.599","X","Figure from international organizations",""
"OA","Annual population","508","Mozambique","511","Total Population - Both sexes","3010","Population - Est. & Proj.","2020","2020","1000 No","30783.688","X","Figure from international organizations",""
"OA","Annual population","508","Mozambique","512","Total Population - Male","3010","Population - Est. & Proj.","2020","2020","1000 No","14896.433","X","Figure from international organizations",""
"OA","Annual population","508","Mozambique","513","Total Population - Female","3010","Population - Est. & Proj.","2020","2020","1000 No","15887.255","X","Figure from international organizations",""
"OA","Annual population","508","Mozambique","551","Rural population","3010","Population - Est. & Proj.","2020","2020","1000 No","20330.756","X","Figure from international organizations",""
"OA","Annual population","508","Mozambique","561","Urban population","3010","Population - Est. & Proj.","2020","2020","1000 No","11978.439","X","Figure from international organizations",""
"OA","Annual population","104","Myanmar","511","Total Population - Both sexes","3010","Population - Est. & Proj.","2020","2020","1000 No","53016.522","X","Figure from international organizations",""
"OA","Annual population","104","Myanmar","512","Total Population - Male","3010","Population - Est. & Proj.","2020","2020","1000 No","26431.199","X","Figure from international organizations",""
"OA","Annual population","104","Myanmar","513","Total Population - Female","3010","Population - Est. & Proj.","2020","2020","1000 No","26585.322","X","Figure from international organizations",""
"OA","Annual population","104","Myanmar","551","Rural population","3010","Population - Est. & Proj.","2020","2020","1000 No","37740.21","X","Figure from international organizations",""
"OA","Annual population","104","Myanmar","561","Urban population","3010","Population - Est. & Proj.","2020","2020","1000 No","17068.066","X","Figure from international organizations",""
"OA","Annual population","516","Namibia","511","Total Population - Both sexes","3010","Population - Est. & Proj.","2020","2020","1000 No","2728.762","X","Figure from international organizations",""
"OA","Annual population","516","Namibia","512","Total Population - Male","3010","Population - Est. & Proj.","2020","2020","1000 No","1330.536","X","Figure from international organizations",""
"OA","Annual population","516","Namibia","513","Total Population - Female","3010","Population - Est. & Proj.","2020","2020","1000 No","1398.226","X","Figure from international organizations",""
"OA","Annual population","516","Namibia","551","Rural population","3010","Population - Est. & Proj.","2020","2020","1000 No","1293.438","X","Figure from international organizations",""
"OA","Annual population","516","Namibia","561","Urban population","3010","Population - Est. & Proj.","2020","2020","1000 No","1403.099","X","Figure from international organizations",""
"OA","Annual population","520","Nauru","511","Total Population - Both sexes","3010","Population - Est. & Proj.","2020","2020","1000 No","11.643","X","Figure from international organizations",""
"OA","Annual population","520","Nauru","512","Total Population - Male","3010","Population - Est. & Proj.","2020","2020","1000 No","5.94","X","Figure from international organizations",""
"OA","Annual population","520","Nauru","513","Total Population - Female","3010","Population - Est. & Proj.","2020","2020","1000 No","5.703","X","Figure from international organizations",""
"OA","Annual population","520","Nauru","551","Rural population","3010","Population - Est. & Proj.","2020","2020","1000 No","0","X","Figure from international organizations",""
"OA","Annual population","520","Nauru","561","Urban population","3010","Population - Est. & Proj.","2020","2020","1000 No","11.227","X","Figure from international organizations",""
"OA","Annual population","524","Nepal","511","Total Population - Both sexes","3010","Population - Est. & Proj.","2020","2020","1000 No","28966.574","X","Figure from international organizations",""
"OA","Annual population","524","Nepal","512","Total Population - Male","3010","Population - Est. & Proj.","2020","2020","1000 No","13942.564","X","Figure from international organizations",""
"OA","Annual population","524","Nepal","513","Total Population - Female","3010","Population - Est. & Proj.","2020","2020","1000 No","15024.011","X","Figure from international organizations",""
"OA","Annual population","524","Nepal","551","Rural population","3010","Population - Est. & Proj.","2020","2020","1000 No","24034.011","X","Figure from international organizations",""
"OA","Annual population","524","Nepal","561","Urban population","3010","Population - Est. & Proj.","2020","2020","1000 No","6226.233","X","Figure from international organizations",""
"OA","Annual population","528","Netherlands (Kingdom of the)","511","Total Population - Both sexes","3010","Population - Est. & Proj.","2020","2020","1000 No","17636.731","X","Figure from international organizations",""
"OA","Annual population","528","Netherlands (Kingdom of the)","512","Total Population - Male","3010","Population - Est. & Proj.","2020","2020","1000 No","8751.393","X","Figure from international organizations",""
"OA","Annual population","528","Netherlands (Kingdom of the)","513","Total Population - Female","3010","Population - Est. & Proj.","2020","2020","1000 No","8885.338","X","Figure from international organizations",""
"OA","Annual population","528","Netherlands (Kingdom of the)","551","Rural population","3010","Population - Est. & Proj.","2020","2020","1000 No","1333.967","X","Figure from international organizations",""
"OA","Annual population","528","Netherlands (Kingdom of the)","561","Urban population","3010","Population - Est. & Proj.","2020","2020","1000 No","15847.281","X","Figure from international organizations",""
"OA","Annual population","540","New Caledonia","511","Total Population - Both sexes","3010","Population - Est. & Proj.","2020","2020","1000 No","284.176","X","Figure from international organizations",""
"OA","Annual population","540","New Caledonia","512","Total Population - Male","3010","Population - Est. & Proj.","2020","2020","1000 No","140.422","X","Figure from international organizations",""
"OA","Annual population","540","New Caledonia","513","Total Population - Female","3010","Population - Est. & Proj.","2020","2020","1000 No","143.755","X","Figure from international organizations",""
"OA","Annual population","540","New Caledonia","551","Rural population","3010","Population - Est. & Proj.","2020","2020","1000 No","81.718","X","Figure from international organizations",""
"OA","Annual population","540","New Caledonia","561","Urban population","3010","Population - Est. & Proj.","2020","2020","1000 No","205.195","X","Figure from international organizations",""
"OA","Annual population","554","New Zealand","511","Total Population - Both sexes","3010","Population - Est. & Proj.","2020","2020","1000 No","5069.895","X","Figure from international organizations",""
"OA","Annual population","554","New Zealand","512","Total Population - Male","3010","Population - Est. & Proj.","2020","2020","1000 No","2516.752","X","Figure from international organizations",""
"OA","Annual population","554","New Zealand","513","Total Population - Female","3010","Population - Est. & Proj.","2020","2020","1000 No","2553.143","X","Figure from international organizations",""
"OA","Annual population","554","New Zealand","551","Rural population","3010","Population - Est. & Proj.","2020","2020","1000 No","643.015","X","Figure from international organizations",""
"OA","Annual population","554","New Zealand","561","Urban population","3010","Population - Est. & Proj.","2020","2020","1000 No","4191.405","X","Figure from international organizations",""
"OA","Annual population","558","Nicaragua","511","Total Population - Both sexes","3010","Population - Est. & Proj.","2020","2020","1000 No","6565.267","X","Figure from international organizations",""
"OA","Annual population","558","Nicaragua","512","Total Population - Male","3010","Population - Est. & Proj.","2020","2020","1000 No","3227.997","X","Figure from international organizations",""
"OA","Annual population","558","Nicaragua","513","Total Population - Female","3010","Population - Est. & Proj.","2020","2020","1000 No","3337.269","X","Figure from international organizations",""
"OA","Annual population","558","Nicaragua","551","Rural population","3010","Population - Est. & Proj.","2020","2020","1000 No","2630.055","X","Figure from international organizations",""
"OA","Annual population","558","Nicaragua","561","Urban population","3010","Population - Est. & Proj.","2020","2020","1000 No","3786.513","X","Figure from international organizations",""
"OA","Annual population","562","Niger","511","Total Population - Both sexes","3010","Population - Est. & Proj.","2020","2020","1000 No","23717.613","X","Figure from international organizations",""
"OA","Annual population","562","Niger","512","Total Population - Male","3010","Population - Est. & Proj.","2020","2020","1000 No","12041.757","X","Figure from international organizations",""
"OA","Annual population","562","Niger","513","Total Population - Female","3010","Population - Est. & Proj.","2020","2020","1000 No","11675.856","X","Figure from international organizations",""
"OA","Annual population","562","Niger","551","Rural population","3010","Population - Est. & Proj.","2020","2020","1000 No","20072.055","X","Figure from international organizations",""
"OA","Annual population","562","Niger","561","Urban population","3010","Population - Est. & Proj.","2020","2020","1000 No","4002.638","X","Figure from international organizations",""
"OA","Annual population","566","Nigeria","511","Total Population - Both sexes","3010","Population - Est. & Proj.","2020","2020","1000 No","213996.181","X","Figure from international organizations",""
"OA","Annual population","566","Nigeria","512","Total Population - Male","3010","Population - Est. & Proj.","2020","2020","1000 No","108098.757","X","Figure from international organizations",""
"OA","Annual population","566","Nigeria","513","Total Population - Female","3010","Population - Est. & Proj.","2020","2020","1000 No","105897.424","X","Figure from international organizations",""
"OA","Annual population","566","Nigeria","551","Rural population","3010","Population - Est. & Proj.","2020","2020","1000 No","99040.175","X","Figure from international organizations",""
"OA","Annual population","566","Nigeria","561","Urban population","3010","Population - Est. & Proj.","2020","2020","1000 No","107112.526","X","Figure from international organizations",""
"OA","Annual population","570","Niue","511","Total Population - Both sexes","3010","Population - Est. & Proj.","2020","2020","1000 No","1.799","X","Figure from international organizations",""
"OA","Annual population","570","Niue","512","Total Population - Male","3010","Population - Est. & Proj.","2020","2020","1000 No","0.862","X","Figure from international organizations",""
"OA","Annual population","570","Niue","513","Total Population - Female","3010","Population - Est. & Proj.","2020","2020","1000 No","0.937","X","Figure from international organizations",""
"OA","Annual population","570","Niue","551","Rural population","3010","Population - Est. & Proj.","2020","2020","1000 No","0.878","X","Figure from international organizations",""
"OA","Annual population","570","Niue","561","Urban population","3010","Population - Est. & Proj.","2020","2020","1000 No","0.754","X","Figure from international organizations",""
"OA","Annual population","807","North Macedonia","511","Total Population - Both sexes","3010","Population - Est. & Proj.","2020","2020","1000 No","1872.015","X","Figure from international organizations",""
"OA","Annual population","807","North Macedonia","512","Total Population - Male","3010","Population - Est. & Proj.","2020","2020","1000 No","911.753","X","Figure from international organizations",""
"OA","Annual population","807","North Macedonia","513","Total Population - Female","3010","Population - Est. & Proj.","2020","2020","1000 No","960.263","X","Figure from international organizations",""
"OA","Annual population","807","North Macedonia","551","Rural population","3010","Population - Est. & Proj.","2020","2020","1000 No","866.902","X","Figure from international organizations",""
"OA","Annual population","807","North Macedonia","561","Urban population","3010","Population - Est. & Proj.","2020","2020","1000 No","1221.133","X","Figure from international organizations",""
"OA","Annual population","580","Northern Mariana Islands","511","Total Population - Both sexes","3010","Population - Est. & Proj.","2020","2020","1000 No","47.528","X","Figure from international organizations",""
"OA","Annual population","580","Northern Mariana Islands","512","Total Population - Male","3010","Population - Est. & Proj.","2020","2020","1000 No","24.988","X","Figure from international organizations",""
"OA","Annual population","580","Northern Mariana Islands","513","Total Population - Female","3010","Population - Est. & Proj.","2020","2020","1000 No","22.541","X","Figure from international organizations",""
"OA","Annual population","580","Northern Mariana Islands","551","Rural population","3010","Population - Est. & Proj.","2020","2020","1000 No","4.539","X","Figure from international organizations",""
"OA","Annual population","580","Northern Mariana Islands","561","Urban population","3010","Population - Est. & Proj.","2020","2020","1000 No","50.808","X","Figure from international organizations",""
"OA","Annual population","578","Norway","511","Total Population - Both sexes","3010","Population - Est. & Proj.","2020","2020","1000 No","5379.274","X","Figure from international organizations",""
"OA","Annual population","578","Norway","512","Total Population - Male","3010","Population - Est. & Proj.","2020","2020","1000 No","2712.785","X","Figure from international organizations",""
"OA","Annual population","578","Norway","513","Total Population - Female","3010","Population - Est. & Proj.","2020","2020","1000 No","2666.488","X","Figure from international organizations",""
"OA","Annual population","578","Norway","551","Rural population","3010","Population - Est. & Proj.","2020","2020","1000 No","927.855","X","Figure from international organizations",""
"OA","Annual population","578","Norway","561","Urban population","3010","Population - Est. & Proj.","2020","2020","1000 No","4521.838","X","Figure from international organizations",""
"OA","Annual population","512","Oman","511","Total Population - Both sexes","3010","Population - Est. & Proj.","2020","2020","1000 No","4522.497","X","Figure from international organizations",""
"OA","Annual population","512","Oman","512","Total Population - Male","3010","Population - Est. & Proj.","2020","2020","1000 No","2808.74","X","Figure from international organizations",""
"OA","Annual population","512","Oman","513","Total Population - Female","3010","Population - Est. & Proj.","2020","2020","1000 No","1713.756","X","Figure from international organizations",""
"OA","Annual population","512","Oman","551","Rural population","3010","Population - Est. & Proj.","2020","2020","1000 No","706.73","X","Figure from international organizations",""
"OA","Annual population","512","Oman","561","Urban population","3010","Population - Est. & Proj.","2020","2020","1000 No","4442.97","X","Figure from international organizations",""
"OA","Annual population","586","Pakistan","511","Total Population - Both sexes","3010","Population - Est. & Proj.","2020","2020","1000 No","235001.746","X","Figure from international organizations",""
"OA","Annual population","586","Pakistan","512","Total Population - Male","3010","Population - Est. & Proj.","2020","2020","1000 No","119954.02","X","Figure from international organizations",""
"OA","Annual population","586","Pakistan","513","Total Population - Female","3010","Population - Est. & Proj.","2020","2020","1000 No","115047.726","X","Figure from international organizations",""
"OA","Annual population","586","Pakistan","551","Rural population","3010","Population - Est. & Proj.","2020","2020","1000 No","130924.605","X","Figure from international organizations",""
"OA","Annual population","586","Pakistan","561","Urban population","3010","Population - Est. & Proj.","2020","2020","1000 No","77437.729","X","Figure from international organizations",""
"OA","Annual population","585","Palau","511","Total Population - Both sexes","3010","Population - Est. & Proj.","2020","2020","1000 No","17.792","X","Figure from international organizations",""
"OA","Annual population","585","Palau","512","Total Population - Male","3010","Population - Est. & Proj.","2020","2020","1000 No","9.616","X","Figure from international organizations",""
"OA","Annual population","585","Palau","513","Total Population - Female","3010","Population - Est. & Proj.","2020","2020","1000 No","8.176","X","Figure from international organizations",""
"OA","Annual population","585","Palau","551","Rural population","3010","Population - Est. & Proj.","2020","2020","1000 No","4.267","X","Figure from international organizations",""
"OA","Annual population","585","Palau","561","Urban population","3010","Population - Est. & Proj.","2020","2020","1000 No","18.175","X","Figure from international organizations",""
"OA","Annual population","275","Palestine","511","Total Population - Both sexes","3010","Population - Est. & Proj.","2020","2020","1000 No","5069.692","X","Figure from international organizations",""
"OA","Annual population","275","Palestine","512","Total Population - Male","3010","Population - Est. & Proj.","2020","2020","1000 No","2518.724","X","Figure from international organizations",""
"OA","Annual population","275","Palestine","513","Total Population - Female","3010","Population - Est. & Proj.","2020","2020","1000 No","2550.968","X","Figure from international organizations",""
"OA","Annual population","275","Palestine","551","Rural population","3010","Population - Est. & Proj.","2020","2020","1000 No","1239.153","X","Figure from international organizations",""
"OA","Annual population","275","Palestine","561","Urban population","3010","Population - Est. & Proj.","2020","2020","1000 No","4083.476","X","Figure from international organizations",""
"OA","Annual population","591","Panama","511","Total Population - Both sexes","3010","Population - Est. & Proj.","2020","2020","1000 No","4293.261","X","Figure from international organizations",""
"OA","Annual population","591","Panama","512","Total Population - Male","3010","Population - Est. & Proj.","2020","2020","1000 No","2148.782","X","Figure from international organizations",""
"OA","Annual population","591","Panama","513","Total Population - Female","3010","Population - Est. & Proj.","2020","2020","1000 No","2144.479","X","Figure from international organizations",""
"OA","Annual population","591","Panama","551","Rural population","3010","Population - Est. & Proj.","2020","2020","1000 No","1354.818","X","Figure from international organizations",""
"OA","Annual population","591","Panama","561","Urban population","3010","Population - Est. & Proj.","2020","2020","1000 No","2934.512","X","Figure from international organizations",""
"OA","Annual population","598","Papua New Guinea","511","Total Population - Both sexes","3010","Population - Est. & Proj.","2020","2020","1000 No","9815.746","X","Figure from international organizations",""
"OA","Annual population","598","Papua New Guinea","512","Total Population - Male","3010","Population - Est. & Proj.","2020","2020","1000 No","5067.943","X","Figure from international organizations",""
"OA","Annual population","598","Papua New Guinea","513","Total Population - Female","3010","Population - Est. & Proj.","2020","2020","1000 No","4747.803","X","Figure from international organizations",""
"OA","Annual population","598","Papua New Guinea","551","Rural population","3010","Population - Est. & Proj.","2020","2020","1000 No","7587.206","X","Figure from international organizations",""
"OA","Annual population","598","Papua New Guinea","561","Urban population","3010","Population - Est. & Proj.","2020","2020","1000 No","1168.469","X","Figure from international organizations",""
"OA","Annual population","600","Paraguay","511","Total Population - Both sexes","3010","Population - Est. & Proj.","2020","2020","1000 No","6603.739","X","Figure from international organizations",""
"OA","Annual population","600","Paraguay","512","Total Population - Male","3010","Population - Est. & Proj.","2020","2020","1000 No","3316.875","X","Figure from international organizations",""
"OA","Annual population","600","Paraguay","513","Total Population - Female","3010","Population - Est. & Proj.","2020","2020","1000 No","3286.865","X","Figure from international organizations",""
"OA","Annual population","600","Paraguay","551","Rural population","3010","Population - Est. & Proj.","2020","2020","1000 No","2672.298","X","Figure from international organizations",""
"OA","Annual population","600","Paraguay","561","Urban population","3010","Population - Est. & Proj.","2020","2020","1000 No","4394.032","X","Figure from international organizations",""
"OA","Annual population","604","Peru","511","Total Population - Both sexes","3010","Population - Est. & Proj.","2020","2020","1000 No","32838.579","X","Figure from international organizations",""
"OA","Annual population","604","Peru","512","Total Population - Male","3010","Population - Est. & Proj.","2020","2020","1000 No","16356.574","X","Figure from international organizations",""
"OA","Annual population","604","Peru","513","Total Population - Female","3010","Population - Est. & Proj.","2020","2020","1000 No","16482.005","X","Figure from international organizations",""
"OA","Annual population","604","Peru","551","Rural population","3010","Population - Est. & Proj.","2020","2020","1000 No","7229.699","X","Figure from international organizations",""
"OA","Annual population","604","Peru","561","Urban population","3010","Population - Est. & Proj.","2020","2020","1000 No","26082.479","X","Figure from international organizations",""
"OA","Annual population","608","Philippines","511","Total Population - Both sexes","3010","Population - Est. & Proj.","2020","2020","1000 No","112081.264","X","Figure from international organizations",""
"OA","Annual population","608","Philippines","512","Total Population - Male","3010","Population - Est. & Proj.","2020","2020","1000 No","55905.489","X","Figure from international organizations",""
"OA","Annual population","608","Philippines","513","Total Population - Female","3010","Population - Est. & Proj.","2020","2020","1000 No","56175.775","X","Figure from international organizations",""
"OA","Annual population","608","Philippines","551","Rural population","3010","Population - Est. & Proj.","2020","2020","1000 No","57694.793","X","Figure from international organizations",""
"OA","Annual population","608","Philippines","561","Urban population","3010","Population - Est. & Proj.","2020","2020","1000 No","52008.603","X","Figure from international organizations",""
"OA","Annual population","616","Poland","511","Total Population - Both sexes","3010","Population - Est. & Proj.","2020","2020","1000 No","38171.012","X","Figure from international organizations",""
"OA","Annual population","616","Poland","512","Total Population - Male","3010","Population - Est. & Proj.","2020","2020","1000 No","18518.782","X","Figure from international organizations",""
"OA","Annual population","616","Poland","513","Total Population - Female","3010","Population - Est. & Proj.","2020","2020","1000 No","19652.231","X","Figure from international organizations",""
"OA","Annual population","616","Poland","551","Rural population","3010","Population - Est. & Proj.","2020","2020","1000 No","15160.592","X","Figure from international organizations",""
"OA","Annual population","616","Poland","561","Urban population","3010","Population - Est. & Proj.","2020","2020","1000 No","22781.639","X","Figure from international organizations",""
"OA","Annual population","620","Portugal","511","Total Population - Both sexes","3010","Population - Est. & Proj.","2020","2020","1000 No","10370.519","X","Figure from international organizations",""
"OA","Annual population","620","Portugal","512","Total Population - Male","3010","Population - Est. & Proj.","2020","2020","1000 No","4926.734","X","Figure from international organizations",""
"OA","Annual population","620","Portugal","513","Total Population - Female","3010","Population - Est. & Proj.","2020","2020","1000 No","5443.784","X","Figure from international organizations",""
"OA","Annual population","620","Portugal","551","Rural population","3010","Population - Est. & Proj.","2020","2020","1000 No","3442.606","X","Figure from international organizations",""
"OA","Annual population","620","Portugal","561","Urban population","3010","Population - Est. & Proj.","2020","2020","1000 No","6775.807","X","Figure from international organizations",""
"OA","Annual population","630","Puerto Rico","511","Total Population - Both sexes","3010","Population - Est. & Proj.","2020","2020","1000 No","3275.805","X","Figure from international organizations",""
"OA","Annual population","630","Puerto Rico","512","Total Population - Male","3010","Population - Est. & Proj.","2020","2020","1000 No","1548.14","X","Figure from international organizations",""
"OA","Annual population","630","Puerto Rico","513","Total Population - Female","3010","Population - Est. & Proj.","2020","2020","1000 No","1727.665","X","Figure from international organizations",""
"OA","Annual population","630","Puerto Rico","551","Rural population","3010","Population - Est. & Proj.","2020","2020","1000 No","234.336","X","Figure from international organizations",""
"OA","Annual population","630","Puerto Rico","561","Urban population","3010","Population - Est. & Proj.","2020","2020","1000 No","3416.272","X","Figure from international organizations",""
"OA","Annual population","634","Qatar","511","Total Population - Both sexes","3010","Population - Est. & Proj.","2020","2020","1000 No","2803.375","X","Figure from international organizations",""
"OA","Annual population","634","Qatar","512","Total Population - Male","3010","Population - Est. & Proj.","2020","2020","1000 No","2021.502","X","Figure from international organizations",""
"OA","Annual population","634","Qatar","513","Total Population - Female","3010","Population - Est. & Proj.","2020","2020","1000 No","781.874","X","Figure from international organizations",""
"OA","Annual population","634","Qatar","551","Rural population","3010","Population - Est. & Proj.","2020","2020","1000 No","21.355","X","Figure from international organizations",""
"OA","Annual population","634","Qatar","561","Urban population","3010","Population - Est. & Proj.","2020","2020","1000 No","2770.452","X","Figure from international organizations",""
"OA","Annual population","410","Republic of Korea","511","Total Population - Both sexes","3010","Population - Est. & Proj.","2020","2020","1000 No","51858.482","X","Figure from international organizations",""
"OA","Annual population","410","Republic of Korea","512","Total Population - Male","3010","Population - Est. & Proj.","2020","2020","1000 No","25903.431","X","Figure from international organizations",""
"OA","Annual population","410","Republic of Korea","513","Total Population - Female","3010","Population - Est. & Proj.","2020","2020","1000 No","25955.05","X","Figure from international organizations",""
"OA","Annual population","410","Republic of Korea","551","Rural population","3010","Population - Est. & Proj.","2020","2020","1000 No","9572.865","X","Figure from international organizations",""
"OA","Annual population","410","Republic of Korea","561","Urban population","3010","Population - Est. & Proj.","2020","2020","1000 No","41934.11","X","Figure from international organizations",""
"OA","Annual population","498","Republic of Moldova","511","Total Population - Both sexes","3010","Population - Est. & Proj.","2020","2020","1000 No","3069.131","X","Figure from international organizations",""
"OA","Annual population","498","Republic of Moldova","512","Total Population - Male","3010","Population - Est. & Proj.","2020","2020","1000 No","1415.534","X","Figure from international organizations",""
"OA","Annual population","498","Republic of Moldova","513","Total Population - Female","3010","Population - Est. & Proj.","2020","2020","1000 No","1653.597","X","Figure from international organizations",""
"OA","Annual population","498","Republic of Moldova","551","Rural population","3010","Population - Est. & Proj.","2020","2020","1000 No","2296.147","X","Figure from international organizations",""
"OA","Annual population","498","Republic of Moldova","561","Urban population","3010","Population - Est. & Proj.","2020","2020","1000 No","1721.54","X","Figure from international organizations",""
"OA","Annual population","638","Réunion","511","Total Population - Both sexes","3010","Population - Est. & Proj.","2020","2020","1000 No","861.446","X","Figure from international organizations",""
"OA","Annual population","638","Réunion","512","Total Population - Male","3010","Population - Est. & Proj.","2020","2020","1000 No","409.054","X","Figure from international organizations",""
"OA","Annual population","638","Réunion","513","Total Population - Female","3010","Population - Est. & Proj.","2020","2020","1000 No","452.392","X","Figure from international organizations",""
"OA","Annual population","638","Réunion","551","Rural population","3010","Population - Est. & Proj.","2020","2020","1000 No","3.055","X","Figure from international organizations",""
"OA","Annual population","638","Réunion","561","Urban population","3010","Population - Est. & Proj.","2020","2020","1000 No","893.481","X","Figure from international organizations",""
"OA","Annual population","642","Romania","511","Total Population - Both sexes","3010","Population - Est. & Proj.","2020","2020","1000 No","19392.469","X","Figure from international organizations",""
"OA","Annual population","642","Romania","512","Total Population - Male","3010","Population - Est. & Proj.","2020","2020","1000 No","9395.409","X","Figure from international organizations",""
"OA","Annual population","642","Romania","513","Total Population - Female","3010","Population - Est. & Proj.","2020","2020","1000 No","9997.059","X","Figure from international organizations",""
"OA","Annual population","642","Romania","551","Rural population","3010","Population - Est. & Proj.","2020","2020","1000 No","8880.997","X","Figure from international organizations",""
"OA","Annual population","642","Romania","561","Urban population","3010","Population - Est. & Proj.","2020","2020","1000 No","10507.365","X","Figure from international organizations",""
"OA","Annual population","643","Russian Federation","511","Total Population - Both sexes","3010","Population - Est. & Proj.","2020","2020","1000 No","146371.299","X","Figure from international organizations",""
"OA","Annual population","643","Russian Federation","512","Total Population - Male","3010","Population - Est. & Proj.","2020","2020","1000 No","67975.285","X","Figure from international organizations",""
"OA","Annual population","643","Russian Federation","513","Total Population - Female","3010","Population - Est. & Proj.","2020","2020","1000 No","78396.013","X","Figure from international organizations",""
"OA","Annual population","643","Russian Federation","551","Rural population","3010","Population - Est. & Proj.","2020","2020","1000 No","36300.573","X","Figure from international organizations",""
"OA","Annual population","643","Russian Federation","561","Urban population","3010","Population - Est. & Proj.","2020","2020","1000 No","107486.269","X","Figure from international organizations",""
"OA","Annual population","646","Rwanda","511","Total Population - Both sexes","3010","Population - Est. & Proj.","2020","2020","1000 No","13065.837","X","Figure from international organizations",""
"OA","Annual population","646","Rwanda","512","Total Population - Male","3010","Population - Est. & Proj.","2020","2020","1000 No","6356.319","X","Figure from international organizations",""
"OA","Annual population","646","Rwanda","513","Total Population - Female","3010","Population - Est. & Proj.","2020","2020","1000 No","6709.519","X","Figure from international organizations",""
"OA","Annual population","646","Rwanda","551","Rural population","3010","Population - Est. & Proj.","2020","2020","1000 No","10805.843","X","Figure from international organizations",""
"OA","Annual population","646","Rwanda","561","Urban population","3010","Population - Est. & Proj.","2020","2020","1000 No","2281.33","X","Figure from international organizations",""
"OA","Annual population","652","Saint Barthélemy","511","Total Population - Both sexes","3010","Population - Est. & Proj.","2020","2020","1000 No","10.543","X","Figure from international organizations",""
"OA","Annual population","652","Saint Barthélemy","512","Total Population - Male","3010","Population - Est. & Proj.","2020","2020","1000 No","5.046","X","Figure from international organizations",""
"OA","Annual population","652","Saint Barthélemy","513","Total Population - Female","3010","Population - Est. & Proj.","2020","2020","1000 No","5.497","X","Figure from international organizations",""
"OA","Annual population","654","Ascension, Saint Helena and Tristan da Cunha","511","Total Population - Both sexes","3010","Population - Est. & Proj.","2020","2020","1000 No","5.43","X","Figure from international organizations",""
"OA","Annual population","654","Ascension, Saint Helena and Tristan da Cunha","512","Total Population - Male","3010","Population - Est. & Proj.","2020","2020","1000 No","2.755","X","Figure from international organizations",""
"OA","Annual population","654","Ascension, Saint Helena and Tristan da Cunha","513","Total Population - Female","3010","Population - Est. & Proj.","2020","2020","1000 No","2.676","X","Figure from international organizations",""
"OA","Annual population","654","Ascension, Saint Helena and Tristan da Cunha","551","Rural population","3010","Population - Est. & Proj.","2020","2020","1000 No","2.472","X","Figure from international organizations",""
"OA","Annual population","654","Ascension, Saint Helena and Tristan da Cunha","561","Urban population","3010","Population - Est. & Proj.","2020","2020","1000 No","1.654","X","Figure from international organizations",""
"OA","Annual population","659","Saint Kitts and Nevis","511","Total Population - Both sexes","3010","Population - Est. & Proj.","2020","2020","1000 No","46.87","X","Figure from international organizations",""
"OA","Annual population","659","Saint Kitts and Nevis","512","Total Population - Male","3010","Population - Est. & Proj.","2020","2020","1000 No","22.589","X","Figure from international organizations",""
"OA","Annual population","659","Saint Kitts and Nevis","513","Total Population - Female","3010","Population - Est. & Proj.","2020","2020","1000 No","24.281","X","Figure from international organizations",""
"OA","Annual population","659","Saint Kitts and Nevis","551","Rural population","3010","Population - Est. & Proj.","2020","2020","1000 No","39.29","X","Figure from international organizations",""
"OA","Annual population","659","Saint Kitts and Nevis","561","Urban population","3010","Population - Est. & Proj.","2020","2020","1000 No","17.523","X","Figure from international organizations",""
"OA","Annual population","662","Saint Lucia","511","Total Population - Both sexes","3010","Population - Est. & Proj.","2020","2020","1000 No","178.25","X","Figure from international organizations",""
"OA","Annual population","662","Saint Lucia","512","Total Population - Male","3010","Population - Est. & Proj.","2020","2020","1000 No","88.387","X","Figure from international organizations",""
"OA","Annual population","662","Saint Lucia","513","Total Population - Female","3010","Population - Est. & Proj.","2020","2020","1000 No","89.864","X","Figure from international organizations",""
"OA","Annual population","662","Saint Lucia","551","Rural population","3010","Population - Est. & Proj.","2020","2020","1000 No","147.062","X","Figure from international organizations",""
"OA","Annual population","662","Saint Lucia","561","Urban population","3010","Population - Est. & Proj.","2020","2020","1000 No","34.141","X","Figure from international organizations",""
"OA","Annual population","663","Saint Martin (French part)","511","Total Population - Both sexes","3010","Population - Est. & Proj.","2020","2020","1000 No","31.786","X","Figure from international organizations",""
"OA","Annual population","663","Saint Martin (French part)","512","Total Population - Male","3010","Population - Est. & Proj.","2020","2020","1000 No","15.136","X","Figure from international organizations",""
"OA","Annual population","663","Saint Martin (French part)","513","Total Population - Female","3010","Population - Est. & Proj.","2020","2020","1000 No","16.651","X","Figure from international organizations",""
"OA","Annual population","666","Saint Pierre and Miquelon","511","Total Population - Both sexes","3010","Population - Est. & Proj.","2020","2020","1000 No","5.827","X","Figure from international organizations",""
"OA","Annual population","666","Saint Pierre and Miquelon","512","Total Population - Male","3010","Population - Est. & Proj.","2020","2020","1000 No","2.892","X","Figure from international organizations",""
"OA","Annual population","666","Saint Pierre and Miquelon","513","Total Population - Female","3010","Population - Est. & Proj.","2020","2020","1000 No","2.936","X","Figure from international organizations",""
"OA","Annual population","666","Saint Pierre and Miquelon","551","Rural population","3010","Population - Est. & Proj.","2020","2020","1000 No","0.623","X","Figure from international organizations",""
"OA","Annual population","666","Saint Pierre and Miquelon","561","Urban population","3010","Population - Est. & Proj.","2020","2020","1000 No","5.784","X","Figure from international organizations",""
"OA","Annual population","670","Saint Vincent and the Grenadines","511","Total Population - Both sexes","3010","Population - Est. & Proj.","2020","2020","1000 No","103.526","X","Figure from international organizations",""
"OA","Annual population","670","Saint Vincent and the Grenadines","512","Total Population - Male","3010","Population - Est. & Proj.","2020","2020","1000 No","53.054","X","Figure from international organizations",""
"OA","Annual population","670","Saint Vincent and the Grenadines","513","Total Population - Female","3010","Population - Est. & Proj.","2020","2020","1000 No","50.472","X","Figure from international organizations",""
"OA","Annual population","670","Saint Vincent and the Grenadines","551","Rural population","3010","Population - Est. & Proj.","2020","2020","1000 No","52.02","X","Figure from international organizations",""
"OA","Annual population","670","Saint Vincent and the Grenadines","561","Urban population","3010","Population - Est. & Proj.","2020","2020","1000 No","58.737","X","Figure from international organizations",""
"OA","Annual population","882","Samoa","511","Total Population - Both sexes","3010","Population - Est. & Proj.","2020","2020","1000 No","211.944","X","Figure from international organizations",""
"OA","Annual population","882","Samoa","512","Total Population - Male","3010","Population - Est. & Proj.","2020","2020","1000 No","106.692","X","Figure from international organizations",""
"OA","Annual population","882","Samoa","513","Total Population - Female","3010","Population - Est. & Proj.","2020","2020","1000 No","105.251","X","Figure from international organizations",""
"OA","Annual population","882","Samoa","551","Rural population","3010","Population - Est. & Proj.","2020","2020","1000 No","164.318","X","Figure from international organizations",""
"OA","Annual population","882","Samoa","561","Urban population","3010","Population - Est. & Proj.","2020","2020","1000 No","35.799","X","Figure from international organizations",""
"OA","Annual population","674","San Marino","511","Total Population - Both sexes","3010","Population - Est. & Proj.","2020","2020","1000 No","34.769","X","Figure from international organizations",""
"OA","Annual population","674","San Marino","512","Total Population - Male","3010","Population - Est. & Proj.","2020","2020","1000 No","16.883","X","Figure from international organizations",""
"OA","Annual population","674","San Marino","513","Total Population - Female","3010","Population - Est. & Proj.","2020","2020","1000 No","17.886","X","Figure from international organizations",""
"OA","Annual population","674","San Marino","551","Rural population","3010","Population - Est. & Proj.","2020","2020","1000 No","0.846","X","Figure from international organizations",""
"OA","Annual population","674","San Marino","561","Urban population","3010","Population - Est. & Proj.","2020","2020","1000 No","32.963","X","Figure from international organizations",""
"OA","Annual population","678","Sao Tome and Principe","511","Total Population - Both sexes","3010","Population - Est. & Proj.","2020","2020","1000 No","217.435","X","Figure from international organizations",""
"OA","Annual population","678","Sao Tome and Principe","512","Total Population - Male","3010","Population - Est. & Proj.","2020","2020","1000 No","108.302","X","Figure from international organizations",""
"OA","Annual population","678","Sao Tome and Principe","513","Total Population - Female","3010","Population - Est. & Proj.","2020","2020","1000 No","109.133","X","Figure from international organizations",""
"OA","Annual population","678","Sao Tome and Principe","551","Rural population","3010","Population - Est. & Proj.","2020","2020","1000 No","55.91","X","Figure from international organizations",""
"OA","Annual population","678","Sao Tome and Principe","561","Urban population","3010","Population - Est. & Proj.","2020","2020","1000 No","162.101","X","Figure from international organizations",""
"OA","Annual population","682","Saudi Arabia","511","Total Population - Both sexes","3010","Population - Est. & Proj.","2020","2020","1000 No","30991.207","X","Figure from international organizations",""
"OA","Annual population","682","Saudi Arabia","512","Total Population - Male","3010","Population - Est. & Proj.","2020","2020","1000 No","18870.229","X","Figure from international organizations",""
"OA","Annual population","682","Saudi Arabia","513","Total Population - Female","3010","Population - Est. & Proj.","2020","2020","1000 No","12120.978","X","Figure from international organizations",""
"OA","Annual population","682","Saudi Arabia","551","Rural population","3010","Population - Est. & Proj.","2020","2020","1000 No","5454.064","X","Figure from international organizations",""
"OA","Annual population","682","Saudi Arabia","561","Urban population","3010","Population - Est. & Proj.","2020","2020","1000 No","29255.576","X","Figure from international organizations",""
"OA","Annual population","686","Senegal","511","Total Population - Both sexes","3010","Population - Est. & Proj.","2020","2020","1000 No","16789.219","X","Figure from international organizations",""
"OA","Annual population","686","Senegal","512","Total Population - Male","3010","Population - Est. & Proj.","2020","2020","1000 No","8499.022","X","Figure from international organizations",""
"OA","Annual population","686","Senegal","513","Total Population - Female","3010","Population - Est. & Proj.","2020","2020","1000 No","8290.197","X","Figure from international organizations",""
"OA","Annual population","686","Senegal","551","Rural population","3010","Population - Est. & Proj.","2020","2020","1000 No","8923.031","X","Figure from international organizations",""
"OA","Annual population","686","Senegal","561","Urban population","3010","Population - Est. & Proj.","2020","2020","1000 No","8277.123","X","Figure from international organizations",""
"OA","Annual population","688","Serbia","511","Total Population - Both sexes","3010","Population - Est. & Proj.","2020","2020","1000 No","6907.812","X","Figure from international organizations",""
"OA","Annual population","688","Serbia","512","Total Population - Male","3010","Population - Est. & Proj.","2020","2020","1000 No","3291.014","X","Figure from international organizations",""
"OA","Annual population","688","Serbia","513","Total Population - Female","3010","Population - Est. & Proj.","2020","2020","1000 No","3616.798","X","Figure from international organizations",""
"OA","Annual population","688","Serbia","551","Rural population","3010","Population - Est. & Proj.","2020","2020","1000 No","3790.875","X","Figure from international organizations",""
"OA","Annual population","688","Serbia","561","Urban population","3010","Population - Est. & Proj.","2020","2020","1000 No","4913.067","X","Figure from international organizations",""
"OA","Annual population","690","Seychelles","511","Total Population - Both sexes","3010","Population - Est. & Proj.","2020","2020","1000 No","120.291","X","Figure from international organizations",""
"OA","Annual population","690","Seychelles","512","Total Population - Male","3010","Population - Est. & Proj.","2020","2020","1000 No","65.893","X","Figure from international organizations",""
"OA","Annual population","690","Seychelles","513","Total Population - Female","3010","Population - Est. & Proj.","2020","2020","1000 No","54.398","X","Figure from international organizations",""
"OA","Annual population","690","Seychelles","551","Rural population","3010","Population - Est. & Proj.","2020","2020","1000 No","40.804","X","Figure from international organizations",""
"OA","Annual population","690","Seychelles","561","Urban population","3010","Population - Est. & Proj.","2020","2020","1000 No","55.308","X","Figure from international organizations",""
"OA","Annual population","694","Sierra Leone","511","Total Population - Both sexes","3010","Population - Est. & Proj.","2020","2020","1000 No","7912.558","X","Figure from international organizations",""
"OA","Annual population","694","Sierra Leone","512","Total Population - Male","3010","Population - Est. & Proj.","2020","2020","1000 No","3944.195","X","Figure from international organizations",""
"OA","Annual population","694","Sierra Leone","513","Total Population - Female","3010","Population - Est. & Proj.","2020","2020","1000 No","3968.363","X","Figure from international organizations",""
"OA","Annual population","694","Sierra Leone","551","Rural population","3010","Population - Est. & Proj.","2020","2020","1000 No","4592.96","X","Figure from international organizations",""
"OA","Annual population","694","Sierra Leone","561","Urban population","3010","Population - Est. & Proj.","2020","2020","1000 No","3453.971","X","Figure from international organizations",""
"OA","Annual population","702","Singapore","511","Total Population - Both sexes","3010","Population - Est. & Proj.","2020","2020","1000 No","5620.15","X","Figure from international organizations",""
"OA","Annual population","702","Singapore","512","Total Population - Male","3010","Population - Est. & Proj.","2020","2020","1000 No","2909.604","X","Figure from international organizations",""
"OA","Annual population","702","Singapore","513","Total Population - Female","3010","Population - Est. & Proj.","2020","2020","1000 No","2710.547","X","Figure from international organizations",""
"OA","Annual population","702","Singapore","551","Rural population","3010","Population - Est. & Proj.","2020","2020","1000 No","0","X","Figure from international organizations",""
"OA","Annual population","702","Singapore","561","Urban population","3010","Population - Est. & Proj.","2020","2020","1000 No","5935.053","X","Figure from international organizations",""
"OA","Annual population","534","Sint Maarten (Dutch part)","511","Total Population - Both sexes","3010","Population - Est. & Proj.","2020","2020","1000 No","41.008","X","Figure from international organizations",""
"OA","Annual population","534","Sint Maarten (Dutch part)","512","Total Population - Male","3010","Population - Est. & Proj.","2020","2020","1000 No","19.954","X","Figure from international organizations",""
"OA","Annual population","534","Sint Maarten (Dutch part)","513","Total Population - Female","3010","Population - Est. & Proj.","2020","2020","1000 No","21.053","X","Figure from international organizations",""
"OA","Annual population","534","Sint Maarten (Dutch part)","551","Rural population","3010","Population - Est. & Proj.","2020","2020","1000 No","0","X","Figure from international organizations",""
"OA","Annual population","534","Sint Maarten (Dutch part)","561","Urban population","3010","Population - Est. & Proj.","2020","2020","1000 No","41.364","X","Figure from international organizations",""
"OA","Annual population","703","Slovakia","511","Total Population - Both sexes","3010","Population - Est. & Proj.","2020","2020","1000 No","5455.024","X","Figure from international organizations",""
"OA","Annual population","703","Slovakia","512","Total Population - Male","3010","Population - Est. & Proj.","2020","2020","1000 No","2664.405","X","Figure from international organizations",""
"OA","Annual population","703","Slovakia","513","Total Population - Female","3010","Population - Est. & Proj.","2020","2020","1000 No","2790.618","X","Figure from international organizations",""
"OA","Annual population","703","Slovakia","551","Rural population","3010","Population - Est. & Proj.","2020","2020","1000 No","2520.712","X","Figure from international organizations",""
"OA","Annual population","703","Slovakia","561","Urban population","3010","Population - Est. & Proj.","2020","2020","1000 No","2930.688","X","Figure from international organizations",""
"OA","Annual population","705","Slovenia","511","Total Population - Both sexes","3010","Population - Est. & Proj.","2020","2020","1000 No","2102.419","X","Figure from international organizations",""
"OA","Annual population","705","Slovenia","512","Total Population - Male","3010","Population - Est. & Proj.","2020","2020","1000 No","1054.876","X","Figure from international organizations",""
"OA","Annual population","705","Slovenia","513","Total Population - Female","3010","Population - Est. & Proj.","2020","2020","1000 No","1047.544","X","Figure from international organizations",""
"OA","Annual population","705","Slovenia","551","Rural population","3010","Population - Est. & Proj.","2020","2020","1000 No","934.472","X","Figure from international organizations",""
"OA","Annual population","705","Slovenia","561","Urban population","3010","Population - Est. & Proj.","2020","2020","1000 No","1147.583","X","Figure from international organizations",""
"OA","Annual population","090","Solomon Islands","511","Total Population - Both sexes","3010","Population - Est. & Proj.","2020","2020","1000 No","744.498","X","Figure from international organizations",""
"OA","Annual population","090","Solomon Islands","512","Total Population - Male","3010","Population - Est. & Proj.","2020","2020","1000 No","380.922","X","Figure from international organizations",""
"OA","Annual population","090","Solomon Islands","513","Total Population - Female","3010","Population - Est. & Proj.","2020","2020","1000 No","363.576","X","Figure from international organizations",""
"OA","Annual population","090","Solomon Islands","551","Rural population","3010","Population - Est. & Proj.","2020","2020","1000 No","487.611","X","Figure from international organizations",""
"OA","Annual population","090","Solomon Islands","561","Urban population","3010","Population - Est. & Proj.","2020","2020","1000 No","159.686","X","Figure from international organizations",""
"OA","Annual population","706","Somalia","511","Total Population - Both sexes","3010","Population - Est. & Proj.","2020","2020","1000 No","16651.191","X","Figure from international organizations",""
"OA","Annual population","706","Somalia","512","Total Population - Male","3010","Population - Est. & Proj.","2020","2020","1000 No","8342.146","X","Figure from international organizations",""
"OA","Annual population","706","Somalia","513","Total Population - Female","3010","Population - Est. & Proj.","2020","2020","1000 No","8309.044","X","Figure from international organizations",""
"OA","Annual population","706","Somalia","551","Rural population","3010","Population - Est. & Proj.","2020","2020","1000 No","8674.136","X","Figure from international organizations",""
"OA","Annual population","706","Somalia","561","Urban population","3010","Population - Est. & Proj.","2020","2020","1000 No","7431.038","X","Figure from international organizations",""
"OA","Annual population","710","South Africa","511","Total Population - Both sexes","3010","Population - Est. & Proj.","2020","2020","1000 No","60562.381","X","Figure from international organizations",""
"OA","Annual population","710","South Africa","512","Total Population - Male","3010","Population - Est. & Proj.","2020","2020","1000 No","29381.179","X","Figure from international organizations",""
"OA","Annual population","710","South Africa","513","Total Population - Female","3010","Population - Est. & Proj.","2020","2020","1000 No","31181.201","X","Figure from international organizations",""
"OA","Annual population","710","South Africa","551","Rural population","3010","Population - Est. & Proj.","2020","2020","1000 No","19170.34","X","Figure from international organizations",""
"OA","Annual population","710","South Africa","561","Urban population","3010","Population - Est. & Proj.","2020","2020","1000 No","39550.889","X","Figure from international organizations",""
"OA","Annual population","728","South Sudan","511","Total Population - Both sexes","3010","Population - Est. & Proj.","2020","2020","1000 No","10698.467","X","Figure from international organizations",""
"OA","Annual population","728","South Sudan","512","Total Population - Male","3010","Population - Est. & Proj.","2020","2020","1000 No","5263.796","X","Figure from international organizations",""
"OA","Annual population","728","South Sudan","513","Total Population - Female","3010","Population - Est. & Proj.","2020","2020","1000 No","5434.671","X","Figure from international organizations",""
"OA","Annual population","728","South Sudan","551","Rural population","3010","Population - Est. & Proj.","2020","2020","1000 No","10860.946","X","Figure from international organizations",""
"OA","Annual population","728","South Sudan","561","Urban population","3010","Population - Est. & Proj.","2020","2020","1000 No","2749.061","X","Figure from international organizations",""
"OA","Annual population","724","Spain","511","Total Population - Both sexes","3010","Population - Est. & Proj.","2020","2020","1000 No","47679.489","X","Figure from international organizations",""
"OA","Annual population","724","Spain","512","Total Population - Male","3010","Population - Est. & Proj.","2020","2020","1000 No","23417.242","X","Figure from international organizations",""
"OA","Annual population","724","Spain","513","Total Population - Female","3010","Population - Est. & Proj.","2020","2020","1000 No","24262.247","X","Figure from international organizations",""
"OA","Annual population","724","Spain","551","Rural population","3010","Population - Est. & Proj.","2020","2020","1000 No","8915.682","X","Figure from international organizations",""
"OA","Annual population","724","Spain","561","Urban population","3010","Population - Est. & Proj.","2020","2020","1000 No","37543.537","X","Figure from international organizations",""
"OA","Annual population","144","Sri Lanka","511","Total Population - Both sexes","3010","Population - Est. & Proj.","2020","2020","1000 No","22561.807","X","Figure from international organizations",""
"OA","Annual population","144","Sri Lanka","512","Total Population - Male","3010","Population - Est. & Proj.","2020","2020","1000 No","10926.05","X","Figure from international organizations",""
"OA","Annual population","144","Sri Lanka","513","Total Population - Female","3010","Population - Est. & Proj.","2020","2020","1000 No","11635.756","X","Figure from international organizations",""
"OA","Annual population","144","Sri Lanka","551","Rural population","3010","Population - Est. & Proj.","2020","2020","1000 No","17138.554","X","Figure from international organizations",""
"OA","Annual population","144","Sri Lanka","561","Urban population","3010","Population - Est. & Proj.","2020","2020","1000 No","3945.488","X","Figure from international organizations",""
"OA","Annual population","729","Sudan","511","Total Population - Both sexes","3010","Population - Est. & Proj.","2020","2020","1000 No","46789.231","X","Figure from international organizations",""
"OA","Annual population","729","Sudan","512","Total Population - Male","3010","Population - Est. & Proj.","2020","2020","1000 No","23223.742","X","Figure from international organizations",""
"OA","Annual population","729","Sudan","513","Total Population - Female","3010","Population - Est. & Proj.","2020","2020","1000 No","23565.489","X","Figure from international organizations",""
"OA","Annual population","729","Sudan","551","Rural population","3010","Population - Est. & Proj.","2020","2020","1000 No","28191.779","X","Figure from international organizations",""
"OA","Annual population","729","Sudan","561","Urban population","3010","Population - Est. & Proj.","2020","2020","1000 No","15349.424","X","Figure from international organizations",""
"OA","Annual population","740","Suriname","511","Total Population - Both sexes","3010","Population - Est. & Proj.","2020","2020","1000 No","612.317","X","Figure from international organizations",""
"OA","Annual population","740","Suriname","512","Total Population - Male","3010","Population - Est. & Proj.","2020","2020","1000 No","306.914","X","Figure from international organizations",""
"OA","Annual population","740","Suriname","513","Total Population - Female","3010","Population - Est. & Proj.","2020","2020","1000 No","305.402","X","Figure from international organizations",""
"OA","Annual population","740","Suriname","551","Rural population","3010","Population - Est. & Proj.","2020","2020","1000 No","195.577","X","Figure from international organizations",""
"OA","Annual population","740","Suriname","561","Urban population","3010","Population - Est. & Proj.","2020","2020","1000 No","382.175","X","Figure from international organizations",""
"OA","Annual population","752","Sweden","511","Total Population - Both sexes","3010","Population - Est. & Proj.","2020","2020","1000 No","10353.686","X","Figure from international organizations",""
"OA","Annual population","752","Sweden","512","Total Population - Male","3010","Population - Est. & Proj.","2020","2020","1000 No","5209.47","X","Figure from international organizations",""
"OA","Annual population","752","Sweden","513","Total Population - Female","3010","Population - Est. & Proj.","2020","2020","1000 No","5144.217","X","Figure from international organizations",""
"OA","Annual population","752","Sweden","551","Rural population","3010","Population - Est. & Proj.","2020","2020","1000 No","1216.924","X","Figure from international organizations",""
"OA","Annual population","752","Sweden","561","Urban population","3010","Population - Est. & Proj.","2020","2020","1000 No","8904.762","X","Figure from international organizations",""
"OA","Annual population","756","Switzerland","511","Total Population - Both sexes","3010","Population - Est. & Proj.","2020","2020","1000 No","8640.582","X","Figure from international organizations",""
"OA","Annual population","756","Switzerland","512","Total Population - Male","3010","Population - Est. & Proj.","2020","2020","1000 No","4287.099","X","Figure from international organizations",""
"OA","Annual population","756","Switzerland","513","Total Population - Female","3010","Population - Est. & Proj.","2020","2020","1000 No","4353.483","X","Figure from international organizations",""
"OA","Annual population","756","Switzerland","551","Rural population","3010","Population - Est. & Proj.","2020","2020","1000 No","2261.695","X","Figure from international organizations",""
"OA","Annual population","756","Switzerland","561","Urban population","3010","Population - Est. & Proj.","2020","2020","1000 No","6408.84","X","Figure from international organizations",""
"OA","Annual population","760","Syrian Arab Republic","511","Total Population - Both sexes","3010","Population - Est. & Proj.","2020","2020","1000 No","21049.429","X","Figure from international organizations",""
"OA","Annual population","760","Syrian Arab Republic","512","Total Population - Male","3010","Population - Est. & Proj.","2020","2020","1000 No","10520.993","X","Figure from international organizations",""
"OA","Annual population","760","Syrian Arab Republic","513","Total Population - Female","3010","Population - Est. & Proj.","2020","2020","1000 No","10528.436","X","Figure from international organizations",""
"OA","Annual population","760","Syrian Arab Republic","551","Rural population","3010","Population - Est. & Proj.","2020","2020","1000 No","8426.159","X","Figure from international organizations",""
"OA","Annual population","760","Syrian Arab Republic","561","Urban population","3010","Population - Est. & Proj.","2020","2020","1000 No","10498.283","X","Figure from international organizations",""
"OA","Annual population","762","Tajikistan","511","Total Population - Both sexes","3010","Population - Est. & Proj.","2020","2020","1000 No","9749.31","X","Figure from international organizations",""
"OA","Annual population","762","Tajikistan","512","Total Population - Male","3010","Population - Est. & Proj.","2020","2020","1000 No","4775.554","X","Figure from international organizations",""
"OA","Annual population","762","Tajikistan","513","Total Population - Female","3010","Population - Est. & Proj.","2020","2020","1000 No","4973.757","X","Figure from international organizations",""
"OA","Annual population","762","Tajikistan","551","Rural population","3010","Population - Est. & Proj.","2020","2020","1000 No","6868.973","X","Figure from international organizations",""
"OA","Annual population","762","Tajikistan","561","Urban population","3010","Population - Est. & Proj.","2020","2020","1000 No","2606.273","X","Figure from international organizations",""
"OA","Annual population","764","Thailand","511","Total Population - Both sexes","3010","Population - Est. & Proj.","2020","2020","1000 No","71641.484","X","Figure from international organizations",""
"OA","Annual population","764","Thailand","512","Total Population - Male","3010","Population - Est. & Proj.","2020","2020","1000 No","35040.395","X","Figure from international organizations",""
"OA","Annual population","764","Thailand","513","Total Population - Female","3010","Population - Est. & Proj.","2020","2020","1000 No","36601.088","X","Figure from international organizations",""
"OA","Annual population","764","Thailand","551","Rural population","3010","Population - Est. & Proj.","2020","2020","1000 No","33712.543","X","Figure from international organizations",""
"OA","Annual population","764","Thailand","561","Urban population","3010","Population - Est. & Proj.","2020","2020","1000 No","35698.325","X","Figure from international organizations",""
"OA","Annual population","626","Timor-Leste","511","Total Population - Both sexes","3010","Population - Est. & Proj.","2020","2020","1000 No","1326.053","X","Figure from international organizations",""
"OA","Annual population","626","Timor-Leste","512","Total Population - Male","3010","Population - Est. & Proj.","2020","2020","1000 No","669.694","X","Figure from international organizations",""
"OA","Annual population","626","Timor-Leste","513","Total Population - Female","3010","Population - Est. & Proj.","2020","2020","1000 No","656.36","X","Figure from international organizations",""
"OA","Annual population","626","Timor-Leste","551","Rural population","3010","Population - Est. & Proj.","2020","2020","1000 No","948.751","X","Figure from international organizations",""
"OA","Annual population","626","Timor-Leste","561","Urban population","3010","Population - Est. & Proj.","2020","2020","1000 No","432.649","X","Figure from international organizations",""
"OA","Annual population","768","Togo","511","Total Population - Both sexes","3010","Population - Est. & Proj.","2020","2020","1000 No","8669.72","X","Figure from international organizations",""
"OA","Annual population","768","Togo","512","Total Population - Male","3010","Population - Est. & Proj.","2020","2020","1000 No","4358.407","X","Figure from international organizations",""
"OA","Annual population","768","Togo","513","Total Population - Female","3010","Population - Est. & Proj.","2020","2020","1000 No","4311.314","X","Figure from international organizations",""
"OA","Annual population","768","Togo","551","Rural population","3010","Population - Est. & Proj.","2020","2020","1000 No","4795.827","X","Figure from international organizations",""
"OA","Annual population","768","Togo","561","Urban population","3010","Population - Est. & Proj.","2020","2020","1000 No","3588.464","X","Figure from international organizations",""
"OA","Annual population","772","Tokelau","511","Total Population - Both sexes","3010","Population - Est. & Proj.","2020","2020","1000 No","2.128","X","Figure from international organizations",""
"OA","Annual population","772","Tokelau","512","Total Population - Male","3010","Population - Est. & Proj.","2020","2020","1000 No","1.05","X","Figure from international organizations",""
"OA","Annual population","772","Tokelau","513","Total Population - Female","3010","Population - Est. & Proj.","2020","2020","1000 No","1.077","X","Figure from international organizations",""
"OA","Annual population","772","Tokelau","551","Rural population","3010","Population - Est. & Proj.","2020","2020","1000 No","1.357","X","Figure from international organizations",""
"OA","Annual population","772","Tokelau","561","Urban population","3010","Population - Est. & Proj.","2020","2020","1000 No","0","X","Figure from international organizations",""
"OA","Annual population","776","Tonga","511","Total Population - Both sexes","3010","Population - Est. & Proj.","2020","2020","1000 No","105.704","X","Figure from international organizations",""
"OA","Annual population","776","Tonga","512","Total Population - Male","3010","Population - Est. & Proj.","2020","2020","1000 No","51.14","X","Figure from international organizations",""
"OA","Annual population","776","Tonga","513","Total Population - Female","3010","Population - Est. & Proj.","2020","2020","1000 No","54.563","X","Figure from international organizations",""
"OA","Annual population","776","Tonga","551","Rural population","3010","Population - Est. & Proj.","2020","2020","1000 No","85.389","X","Figure from international organizations",""
"OA","Annual population","776","Tonga","561","Urban population","3010","Population - Est. & Proj.","2020","2020","1000 No","25.648","X","Figure from international organizations",""
"OA","Annual population","780","Trinidad and Tobago","511","Total Population - Both sexes","3010","Population - Est. & Proj.","2020","2020","1000 No","1481.024","X","Figure from international organizations",""
"OA","Annual population","780","Trinidad and Tobago","512","Total Population - Male","3010","Population - Est. & Proj.","2020","2020","1000 No","732.159","X","Figure from international organizations",""
"OA","Annual population","780","Trinidad and Tobago","513","Total Population - Female","3010","Population - Est. & Proj.","2020","2020","1000 No","748.864","X","Figure from international organizations",""
"OA","Annual population","780","Trinidad and Tobago","551","Rural population","3010","Population - Est. & Proj.","2020","2020","1000 No","644.583","X","Figure from international organizations",""
"OA","Annual population","780","Trinidad and Tobago","561","Urban population","3010","Population - Est. & Proj.","2020","2020","1000 No","733.146","X","Figure from international organizations",""
"OA","Annual population","788","Tunisia","511","Total Population - Both sexes","3010","Population - Est. & Proj.","2020","2020","1000 No","11974.057","X","Figure from international organizations",""
"OA","Annual population","788","Tunisia","512","Total Population - Male","3010","Population - Est. & Proj.","2020","2020","1000 No","5934.715","X","Figure from international organizations",""
"OA","Annual population","788","Tunisia","513","Total Population - Female","3010","Population - Est. & Proj.","2020","2020","1000 No","6039.342","X","Figure from international organizations",""
"OA","Annual population","788","Tunisia","551","Rural population","3010","Population - Est. & Proj.","2020","2020","1000 No","3622.337","X","Figure from international organizations",""
"OA","Annual population","788","Tunisia","561","Urban population","3010","Population - Est. & Proj.","2020","2020","1000 No","8280.799","X","Figure from international organizations",""
"OA","Annual population","792","Türkiye","511","Total Population - Both sexes","3010","Population - Est. & Proj.","2020","2020","1000 No","86091.692","X","Figure from international organizations",""
"OA","Annual population","792","Türkiye","512","Total Population - Male","3010","Population - Est. & Proj.","2020","2020","1000 No","43068.231","X","Figure from international organizations",""
"OA","Annual population","792","Türkiye","513","Total Population - Female","3010","Population - Est. & Proj.","2020","2020","1000 No","43023.461","X","Figure from international organizations",""
"OA","Annual population","792","Türkiye","551","Rural population","3010","Population - Est. & Proj.","2020","2020","1000 No","20032.305","X","Figure from international organizations",""
"OA","Annual population","792","Türkiye","561","Urban population","3010","Population - Est. & Proj.","2020","2020","1000 No","63803.445","X","Figure from international organizations",""
"OA","Annual population","795","Turkmenistan","511","Total Population - Both sexes","3010","Population - Est. & Proj.","2020","2020","1000 No","6949.912","X","Figure from international organizations",""
"OA","Annual population","795","Turkmenistan","512","Total Population - Male","3010","Population - Est. & Proj.","2020","2020","1000 No","3403.211","X","Figure from international organizations",""
"OA","Annual population","795","Turkmenistan","513","Total Population - Female","3010","Population - Est. & Proj.","2020","2020","1000 No","3546.7","X","Figure from international organizations",""
"OA","Annual population","795","Turkmenistan","551","Rural population","3010","Population - Est. & Proj.","2020","2020","1000 No","2863.841","X","Figure from international organizations",""
"OA","Annual population","795","Turkmenistan","561","Urban population","3010","Population - Est. & Proj.","2020","2020","1000 No","3167.354","X","Figure from international organizations",""
"OA","Annual population","796","Turks and Caicos Islands","511","Total Population - Both sexes","3010","Population - Est. & Proj.","2020","2020","1000 No","44.386","X","Figure from international organizations",""
"OA","Annual population","796","Turks and Caicos Islands","512","Total Population - Male","3010","Population - Est. & Proj.","2020","2020","1000 No","22.262","X","Figure from international organizations",""
"OA","Annual population","796","Turks and Caicos Islands","513","Total Population - Female","3010","Population - Est. & Proj.","2020","2020","1000 No","22.123","X","Figure from international organizations",""
"OA","Annual population","796","Turks and Caicos Islands","551","Rural population","3010","Population - Est. & Proj.","2020","2020","1000 No","2.363","X","Figure from international organizations",""
"OA","Annual population","796","Turks and Caicos Islands","561","Urban population","3010","Population - Est. & Proj.","2020","2020","1000 No","34.59","X","Figure from international organizations",""
"OA","Annual population","798","Tuvalu","511","Total Population - Both sexes","3010","Population - Est. & Proj.","2020","2020","1000 No","10.399","X","Figure from international organizations",""
"OA","Annual population","798","Tuvalu","512","Total Population - Male","3010","Population - Est. & Proj.","2020","2020","1000 No","5.323","X","Figure from international organizations",""
"OA","Annual population","798","Tuvalu","513","Total Population - Female","3010","Population - Est. & Proj.","2020","2020","1000 No","5.077","X","Figure from international organizations",""
"OA","Annual population","798","Tuvalu","551","Rural population","3010","Population - Est. & Proj.","2020","2020","1000 No","4.138","X","Figure from international organizations",""
"OA","Annual population","798","Tuvalu","561","Urban population","3010","Population - Est. & Proj.","2020","2020","1000 No","7.361","X","Figure from international organizations",""
"OA","Annual population","800","Uganda","511","Total Population - Both sexes","3010","Population - Est. & Proj.","2020","2020","1000 No","44457.152","X","Figure from international organizations",""
"OA","Annual population","800","Uganda","512","Total Population - Male","3010","Population - Est. & Proj.","2020","2020","1000 No","22019.413","X","Figure from international organizations",""
"OA","Annual population","800","Uganda","513","Total Population - Female","3010","Population - Est. & Proj.","2020","2020","1000 No","22437.74","X","Figure from international organizations",""
"OA","Annual population","800","Uganda","551","Rural population","3010","Population - Est. & Proj.","2020","2020","1000 No","35412.691","X","Figure from international organizations",""
"OA","Annual population","800","Uganda","561","Urban population","3010","Population - Est. & Proj.","2020","2020","1000 No","11775.012","X","Figure from international organizations",""
"OA","Annual population","804","Ukraine","511","Total Population - Both sexes","3010","Population - Est. & Proj.","2020","2020","1000 No","44680.014","X","Figure from international organizations",""
"OA","Annual population","804","Ukraine","512","Total Population - Male","3010","Population - Est. & Proj.","2020","2020","1000 No","20820.757","X","Figure from international organizations",""
"OA","Annual population","804","Ukraine","513","Total Population - Female","3010","Population - Est. & Proj.","2020","2020","1000 No","23859.258","X","Figure from international organizations",""
"OA","Annual population","804","Ukraine","551","Rural population","3010","Population - Est. & Proj.","2020","2020","1000 No","13244.602","X","Figure from international organizations",""
"OA","Annual population","804","Ukraine","561","Urban population","3010","Population - Est. & Proj.","2020","2020","1000 No","30334.632","X","Figure from international organizations",""
"OA","Annual population","784","United Arab Emirates","511","Total Population - Both sexes","3010","Population - Est. & Proj.","2020","2020","1000 No","9448.524","X","Figure from international organizations",""
"OA","Annual population","784","United Arab Emirates","512","Total Population - Male","3010","Population - Est. & Proj.","2020","2020","1000 No","6083.269","X","Figure from international organizations",""
"OA","Annual population","784","United Arab Emirates","513","Total Population - Female","3010","Population - Est. & Proj.","2020","2020","1000 No","3365.256","X","Figure from international organizations",""
"OA","Annual population","784","United Arab Emirates","551","Rural population","3010","Population - Est. & Proj.","2020","2020","1000 No","1271.026","X","Figure from international organizations",""
"OA","Annual population","784","United Arab Emirates","561","Urban population","3010","Population - Est. & Proj.","2020","2020","1000 No","8542.144","X","Figure from international organizations",""
"OA","Annual population","826","United Kingdom of Great Britain and Northern Ireland","511","Total Population - Both sexes","3010","Population - Est. & Proj.","2020","2020","1000 No","67351.861","X","Figure from international organizations",""
"OA","Annual population","826","United Kingdom of Great Britain and Northern Ireland","512","Total Population - Male","3010","Population - Est. & Proj.","2020","2020","1000 No","33128.76","X","Figure from international organizations",""
"OA","Annual population","826","United Kingdom of Great Britain and Northern Ireland","513","Total Population - Female","3010","Population - Est. & Proj.","2020","2020","1000 No","34223.101","X","Figure from international organizations",""
"OA","Annual population","826","United Kingdom of Great Britain and Northern Ireland","551","Rural population","3010","Population - Est. & Proj.","2020","2020","1000 No","10839.028","X","Figure from international organizations",""
"OA","Annual population","826","United Kingdom of Great Britain and Northern Ireland","561","Urban population","3010","Population - Est. & Proj.","2020","2020","1000 No","56495.18","X","Figure from international organizations",""
"OA","Annual population","834","United Republic of Tanzania","511","Total Population - Both sexes","3010","Population - Est. & Proj.","2020","2020","1000 No","60972.798","X","Figure from international organizations",""
"OA","Annual population","834","United Republic of Tanzania","512","Total Population - Male","3010","Population - Est. & Proj.","2020","2020","1000 No","30204.465","X","Figure from international organizations",""
"OA","Annual population","834","United Republic of Tanzania","513","Total Population - Female","3010","Population - Est. & Proj.","2020","2020","1000 No","30768.332","X","Figure from international organizations",""
"OA","Annual population","834","United Republic of Tanzania","551","Rural population","3010","Population - Est. & Proj.","2020","2020","1000 No","40661.266","X","Figure from international organizations",""
"OA","Annual population","834","United Republic of Tanzania","561","Urban population","3010","Population - Est. & Proj.","2020","2020","1000 No","22113.353","X","Figure from international organizations",""
"OA","Annual population","840","United States of America","511","Total Population - Both sexes","3010","Population - Est. & Proj.","2020","2020","1000 No","339436.159","X","Figure from international organizations",""
"OA","Annual population","840","United States of America","512","Total Population - Male","3010","Population - Est. & Proj.","2020","2020","1000 No","170710.103","X","Figure from international organizations",""
"OA","Annual population","840","United States of America","513","Total Population - Female","3010","Population - Est. & Proj.","2020","2020","1000 No","168726.055","X","Figure from international organizations",""
"OA","Annual population","840","United States of America","551","Rural population","3010","Population - Est. & Proj.","2020","2020","1000 No","57456.395","X","Figure from international organizations",""
"OA","Annual population","840","United States of America","561","Urban population","3010","Population - Est. & Proj.","2020","2020","1000 No","273975.139","X","Figure from international organizations",""
"OA","Annual population","850","United States Virgin Islands","511","Total Population - Both sexes","3010","Population - Est. & Proj.","2020","2020","1000 No","87.707","X","Figure from international organizations",""
"OA","Annual population","850","United States Virgin Islands","512","Total Population - Male","3010","Population - Est. & Proj.","2020","2020","1000 No","42.478","X","Figure from international organizations",""
"OA","Annual population","850","United States Virgin Islands","513","Total Population - Female","3010","Population - Est. & Proj.","2020","2020","1000 No","45.228","X","Figure from international organizations",""
"OA","Annual population","850","United States Virgin Islands","551","Rural population","3010","Population - Est. & Proj.","2020","2020","1000 No","4.259","X","Figure from international organizations",""
"OA","Annual population","850","United States Virgin Islands","561","Urban population","3010","Population - Est. & Proj.","2020","2020","1000 No","100.599","X","Figure from international organizations",""
"OA","Annual population","858","Uruguay","511","Total Population - Both sexes","3010","Population - Est. & Proj.","2020","2020","1000 No","3398.968","X","Figure from international organizations",""
"OA","Annual population","858","Uruguay","512","Total Population - Male","3010","Population - Est. & Proj.","2020","2020","1000 No","1648.503","X","Figure from international organizations",""
"OA","Annual population","858","Uruguay","513","Total Population - Female","3010","Population - Est. & Proj.","2020","2020","1000 No","1750.466","X","Figure from international organizations",""
"OA","Annual population","858","Uruguay","551","Rural population","3010","Population - Est. & Proj.","2020","2020","1000 No","156.716","X","Figure from international organizations",""
"OA","Annual population","858","Uruguay","561","Urban population","3010","Population - Est. & Proj.","2020","2020","1000 No","3337.671","X","Figure from international organizations",""
"OA","Annual population","860","Uzbekistan","511","Total Population - Both sexes","3010","Population - Est. & Proj.","2020","2020","1000 No","33586.372","X","Figure from international organizations",""
"OA","Annual population","860","Uzbekistan","512","Total Population - Male","3010","Population - Est. & Proj.","2020","2020","1000 No","16928.447","X","Figure from international organizations",""
"OA","Annual population","860","Uzbekistan","513","Total Population - Female","3010","Population - Est. & Proj.","2020","2020","1000 No","16657.925","X","Figure from international organizations",""
"OA","Annual population","860","Uzbekistan","551","Rural population","3010","Population - Est. & Proj.","2020","2020","1000 No","16479.496","X","Figure from international organizations",""
"OA","Annual population","860","Uzbekistan","561","Urban population","3010","Population - Est. & Proj.","2020","2020","1000 No","16756.329","X","Figure from international organizations",""
"OA","Annual population","548","Vanuatu","511","Total Population - Both sexes","3010","Population - Est. & Proj.","2020","2020","1000 No","298.858","X","Figure from international organizations",""
"OA","Annual population","548","Vanuatu","512","Total Population - Male","3010","Population - Est. & Proj.","2020","2020","1000 No","151.163","X","Figure from international organizations",""
"OA","Annual population","548","Vanuatu","513","Total Population - Female","3010","Population - Est. & Proj.","2020","2020","1000 No","147.696","X","Figure from international organizations",""
"OA","Annual population","548","Vanuatu","551","Rural population","3010","Population - Est. & Proj.","2020","2020","1000 No","218.909","X","Figure from international organizations",""
"OA","Annual population","548","Vanuatu","561","Urban population","3010","Population - Est. & Proj.","2020","2020","1000 No","75.025","X","Figure from international organizations",""
"OA","Annual population","862","Venezuela (Bolivarian Republic of)","511","Total Population - Both sexes","3010","Population - Est. & Proj.","2020","2020","1000 No","28444.077","X","Figure from international organizations",""
"OA","Annual population","862","Venezuela (Bolivarian Republic of)","512","Total Population - Male","3010","Population - Est. & Proj.","2020","2020","1000 No","14083.715","X","Figure from international organizations",""
"OA","Annual population","862","Venezuela (Bolivarian Republic of)","513","Total Population - Female","3010","Population - Est. & Proj.","2020","2020","1000 No","14360.363","X","Figure from international organizations",""
"OA","Annual population","862","Venezuela (Bolivarian Republic of)","551","Rural population","3010","Population - Est. & Proj.","2020","2020","1000 No","3888.173","X","Figure from international organizations",""
"OA","Annual population","862","Venezuela (Bolivarian Republic of)","561","Urban population","3010","Population - Est. & Proj.","2020","2020","1000 No","29284.219","X","Figure from international organizations",""
"OA","Annual population","704","Viet Nam","511","Total Population - Both sexes","3010","Population - Est. & Proj.","2020","2020","1000 No","98079.191","X","Figure from international organizations",""
"OA","Annual population","704","Viet Nam","512","Total Population - Male","3010","Population - Est. & Proj.","2020","2020","1000 No","48017.59","X","Figure from international organizations",""
"OA","Annual population","704","Viet Nam","513","Total Population - Female","3010","Population - Est. & Proj.","2020","2020","1000 No","50061.601","X","Figure from international organizations",""
"OA","Annual population","704","Viet Nam","551","Rural population","3010","Population - Est. & Proj.","2020","2020","1000 No","61632.897","X","Figure from international organizations",""
"OA","Annual population","704","Viet Nam","561","Urban population","3010","Population - Est. & Proj.","2020","2020","1000 No","36727.248","X","Figure from international organizations",""
"OA","Annual population","876","Wallis and Futuna Islands","511","Total Population - Both sexes","3010","Population - Est. & Proj.","2020","2020","1000 No","11.616","X","Figure from international organizations",""
"OA","Annual population","876","Wallis and Futuna Islands","512","Total Population - Male","3010","Population - Est. & Proj.","2020","2020","1000 No","5.587","X","Figure from international organizations",""
"OA","Annual population","876","Wallis and Futuna Islands","513","Total Population - Female","3010","Population - Est. & Proj.","2020","2020","1000 No","6.029","X","Figure from international organizations",""
"OA","Annual population","876","Wallis and Futuna Islands","551","Rural population","3010","Population - Est. & Proj.","2020","2020","1000 No","11.551","X","Figure from international organizations",""
"OA","Annual population","876","Wallis and Futuna Islands","561","Urban population","3010","Population - Est. & Proj.","2020","2020","1000 No","0","X","Figure from international organizations",""
"OA","Annual population","732","Western Sahara","511","Total Population - Both sexes","3010","Population - Est. & Proj.","2020","2020","1000 No","549.365","X","Figure from international organizations",""
"OA","Annual population","732","Western Sahara","512","Total Population - Male","3010","Population - Est. & Proj.","2020","2020","1000 No","303.121","X","Figure from international organizations",""
"OA","Annual population","732","Western Sahara","513","Total Population - Female","3010","Population - Est. & Proj.","2020","2020","1000 No","246.244","X","Figure from international organizations",""
"OA","Annual population","732","Western Sahara","551","Rural population","3010","Population - Est. & Proj.","2020","2020","1000 No","78.676","X","Figure from international organizations",""
"OA","Annual population","732","Western Sahara","561","Urban population","3010","Population - Est. & Proj.","2020","2020","1000 No","518.663","X","Figure from international organizations",""
"OA","Annual population","887","Yemen","511","Total Population - Both sexes","3010","Population - Est. & Proj.","2020","2020","1000 No","36134.863","X","Figure from international organizations",""
"OA","Annual population","887","Yemen","512","Total Population - Male","3010","Population - Est. & Proj.","2020","2020","1000 No","18304.57","X","Figure from international organizations",""
"OA","Annual population","887","Yemen","513","Total Population - Female","3010","Population - Est. & Proj.","2020","2020","1000 No","17830.293","X","Figure from international organizations",""
"OA","Annual population","887","Yemen","551","Rural population","3010","Population - Est. & Proj.","2020","2020","1000 No","18779.891","X","Figure from international organizations",""
"OA","Annual population","887","Yemen","561","Urban population","3010","Population - Est. & Proj.","2020","2020","1000 No","11465.414","X","Figure from international organizations",""
"OA","Annual population","894","Zambia","511","Total Population - Both sexes","3010","Population - Est. & Proj.","2020","2020","1000 No","19059.395","X","Figure from international organizations",""
"OA","Annual population","894","Zambia","512","Total Population - Male","3010","Population - Est. & Proj.","2020","2020","1000 No","9433.237","X","Figure from international organizations",""
"OA","Annual population","894","Zambia","513","Total Population - Female","3010","Population - Est. & Proj.","2020","2020","1000 No","9626.158","X","Figure from international organizations",""
"OA","Annual population","894","Zambia","551","Rural population","3010","Population - Est. & Proj.","2020","2020","1000 No","10342.892","X","Figure from international organizations",""
"OA","Annual population","894","Zambia","561","Urban population","3010","Population - Est. & Proj.","2020","2020","1000 No","8336.381","X","Figure from international organizations",""
"OA","Annual population","716","Zimbabwe","511","Total Population - Both sexes","3010","Population - Est. & Proj.","2020","2020","1000 No","15526.888","X","Figure from international organizations",""
"OA","Annual population","716","Zimbabwe","512","Total Population - Male","3010","Population - Est. & Proj.","2020","2020","1000 No","7370.588","X","Figure from international organizations",""
"OA","Annual population","716","Zimbabwe","513","Total Population - Female","3010","Population - Est. & Proj.","2020","2020","1000 No","8156.301","X","Figure from international organizations",""
"OA","Annual population","716","Zimbabwe","551","Rural population","3010","Population - Est. & Proj.","2020","2020","1000 No","11980.005","X","Figure from international organizations",""
"OA","Annual population","716","Zimbabwe","561","Urban population","3010","Population - Est. & Proj.","2020","2020","1000 No","5700.46","X","Figure from international organizations",""
